Workbook

Sheet Example Sheet
B1: Sample Descriptions
B3: Well Name | C3: Depth (mMD) | D3: % Sandstone | E3: Grain Size | F3: Max Grain Size | G3: % Fluor | H3: Brightness | I3: Gas (U) | J3: FeCO3 in SLTST | K3: FeCO3 in SST | L3: Date | M3: Time | P3: Short Hand
B4: Teringie_6_ops | C4: 1596 | D4: 50 | E4: vf-f | F4: F | I4: 5 | J4: mnr | L4: 45161 | M4: 0.54166667 | P4: f | Q4: fine
B5: Teringie_6_ops | C5: 1599 | D5: 60 | E5: vf-f, tr med | F5: M | I5: 5 | J5: mnr | L5: 45161 | M5: 0.54861111 | P5: med | Q5: medium
B6: Teringie_6_ops | C6: 1602 | D6: 65 | E6: vf-f | F6: F | I6: 5 | J6: mnr | L6: 45161 | M6: 0.55208333 | P6: crs | Q6: coarse
B7: Teringie_6_ops | C7: 1605 | D7: 50 | E7: vf, occ f | F7: F | I7: 6 | J7: tr | L7: 45161 | M7: 0.5625 | P7: v | Q7: very
B8: Teringie_6_ops | C8: 1608 | D8: 30 | E8: vf-f | F8: F | I8: 7 | J8: tr | K8: tr | L8: 45161 | M8: 0.58333333 | P8: - | Q8: to
B9: Teringie_6_ops | C9: 1611 | D9: 40 | E9: vf-f | F9: F | G9: Tr | I9: 7 | J9: tr | K9: tr | L9: 45161 | M9: 0.60416667 | P9: occ | Q9: occasional
B10: Teringie_6_ops | C10: 1614 | D10: 60 | E10: vf-f | F10: F | G10: 10 | H10: pl-mod bri | I10: 8 | J10: tr | L10: 45161 | M10: 0.625 | P10: mnr | Q10: minor
B11: Teringie_6_ops | C11: 1617 | D11: 40 | E11: vf-f | F11: F | G11: Tr | H11: pl-mod bri | I11: 7 | J11: tr | K11: mnr | L11: 45161 | M11: 0.64583333 | P11: rr | Q11: rare
B12: Teringie_6_ops | C12: 1620 | D12: 30 | E12: vf-f | F12: F | G12: 10 | H12: pl-mod bri | I12: 7 | J12: mnr | K12: mnr | L12: 45161 | M12: 0.66666667 | P12: tr | Q12: trace
B13: Teringie_6_ops | C13: 1623 | D13: 30 | E13: vff-f | F13: F | G13: 10 | H13: pl-mod bri | I13: 5 | J13: mnr | K13: tr | L13: 45161 | M13: 0.6875 | P13: mod | Q13: moderately
B14: Teringie_6_ops | C14: 1626 | D14: 80 | E14: vf-med, tr crs-v crs | F14: C | G14: 80 | H14: mod bri | I14: 77 | J14: tr | L14: 45161 | M14: 0.70833333 | P14: bri | Q14: bright
B15: Teringie_6_ops | C15: 1629 | D15: 90 | E15: f-med, tr crs-v crs | F15: C | G15: 100 | H15: mod bri-bri | I15: 100 | L15: 45161 | M15: 0.72916667 | P15: dll | Q15: dull
B16: Teringie_6_ops | C16: 1632 | D16: 95 | E16: f-med, tr crs-v crs | F16: C | G16: 100 | H16: mod bri-bri | I16: 94 | L16: 45161 | M16: 0.75 | P16: com | Q16: common
B17: Teringie_6_ops | C17: 1635 | D17: 100 | E17: f-med,tr crs | F17: C | G17: 100 | H17: mod bri-bri | I17: 102 | L17: 45161 | M17: 0.77083333 | P17: i/p | Q17: in part
P18: dom | Q18: dominantly
P19: pl | Q19: pale

Sheet Input Sheet
B1: Sample Descriptions
B3: Depth (mMD) | C3: % Sandstone | D3: Grain Size | E3: Max Grain Size | F3: % Fluor | G3: Brightness | H3: Gas (U) | I3: FeCO3 in SLTST | J3: FeCO3 in SST | K3: Date | L3: Time | O3: Short Hand
B4: 1715 | C4: 35 | D4: f | E4: =IF(ISNUMBER(SEARCH("v crs",D4))=TRUE,"VC",IF(ISNUMBER(SEARCH("crs",D4))=TRUE,"C",IF(ISNUMBER(SEARCH("med",D4))=TRUE,"M",IF(ISNUMBER(SEARCH("vf",D4))=TRUE,"VF",IF(ISNUMBER(SEARCH("f",D4))=TRUE,"F",""))))) -> F | F4: 5 | G4: dim | H4: 22.6 | I4: tr | O4: f | P4: fine | Q4: =IF(C4="","",IF(OR(K4="",AND(ISNUMBER(Q4),C4=Q4)),Q4,C4)) | R4: =IF(C4="","",IF(OR(L4="",AND(ISNUMBER(R4),C4=R4)),R4,C4))
B5: 1720 | C5: 35 | D5: f | E5: =IF(ISNUMBER(SEARCH("v crs",D5))=TRUE,"VC",IF(ISNUMBER(SEARCH("crs",D5))=TRUE,"C",IF(ISNUMBER(SEARCH("med",D5))=TRUE,"M",IF(ISNUMBER(SEARCH("vf",D5))=TRUE,"VF",IF(ISNUMBER(SEARCH("f",D5))=TRUE,"F",""))))) -> F | F5: 5 | G5: dim | H5: 22.6 | O5: med | P5: medium | Q5: =IF(C5="","",IF(OR(K5="",AND(ISNUMBER(Q5),C5=Q5)),Q5,C5)) | R5: =IF(C5="","",IF(OR(L5="",AND(ISNUMBER(R5),C5=R5)),R5,C5))
B6: 1785 | C6: 40 | D6: f | E6: =IF(ISNUMBER(SEARCH("v crs",D6))=TRUE,"VC",IF(ISNUMBER(SEARCH("crs",D6))=TRUE,"C",IF(ISNUMBER(SEARCH("med",D6))=TRUE,"M",IF(ISNUMBER(SEARCH("vf",D6))=TRUE,"VF",IF(ISNUMBER(SEARCH("f",D6))=TRUE,"F",""))))) -> F | F6: 100 | G6: dim | H6: 39.4 | O6: crs | P6: coarse | Q6: =IF(C6="","",IF(OR(K6="",AND(ISNUMBER(Q6),C6=Q6)),Q6,C6)) | R6: =IF(C6="","",IF(OR(L6="",AND(ISNUMBER(R6),C6=R6)),R6,C6))
B7: 1790 | C7: 40 | D7: f | E7: =IF(ISNUMBER(SEARCH("v crs",D7))=TRUE,"VC",IF(ISNUMBER(SEARCH("crs",D7))=TRUE,"C",IF(ISNUMBER(SEARCH("med",D7))=TRUE,"M",IF(ISNUMBER(SEARCH("vf",D7))=TRUE,"VF",IF(ISNUMBER(SEARCH("f",D7))=TRUE,"F",""))))) -> F | F7: 100 | G7: dim | H7: 24 | O7: v | P7: very | Q7: =IF(C7="","",IF(OR(K7="",AND(ISNUMBER(Q7),C7=Q7)),Q7,C7)) | R7: =IF(C7="","",IF(OR(L7="",AND(ISNUMBER(R7),C7=R7)),R7,C7))
B8: 1795 | C8: 80 | D8: f | E8: =IF(ISNUMBER(SEARCH("v crs",D8))=TRUE,"VC",IF(ISNUMBER(SEARCH("crs",D8))=TRUE,"C",IF(ISNUMBER(SEARCH("med",D8))=TRUE,"M",IF(ISNUMBER(SEARCH("vf",D8))=TRUE,"VF",IF(ISNUMBER(SEARCH("f",D8))=TRUE,"F",""))))) -> F | F8: 100 | G8: dim | H8: 26.4 | O8: - | P8: to | Q8: =IF(C8="","",IF(OR(K8="",AND(ISNUMBER(Q8),C8=Q8)),Q8,C8)) | R8: =IF(C8="","",IF(OR(L8="",AND(ISNUMBER(R8),C8=R8)),R8,C8))
B9: 1800 | C9: 60 | D9: f | E9: =IF(ISNUMBER(SEARCH("v crs",D9))=TRUE,"VC",IF(ISNUMBER(SEARCH("crs",D9))=TRUE,"C",IF(ISNUMBER(SEARCH("med",D9))=TRUE,"M",IF(ISNUMBER(SEARCH("vf",D9))=TRUE,"VF",IF(ISNUMBER(SEARCH("f",D9))=TRUE,"F",""))))) -> F | F9: 100 | G9: dim | H9: 20.4 | O9: occ | P9: occasional | Q9: =IF(C9="","",IF(OR(K9="",AND(ISNUMBER(Q9),C9=Q9)),Q9,C9)) | R9: =IF(C9="","",IF(OR(L9="",AND(ISNUMBER(R9),C9=R9)),R9,C9))
B10: 1805 | C10: 60 | D10: f | E10: =IF(ISNUMBER(SEARCH("v crs",D10))=TRUE,"VC",IF(ISNUMBER(SEARCH("crs",D10))=TRUE,"C",IF(ISNUMBER(SEARCH("med",D10))=TRUE,"M",IF(ISNUMBER(SEARCH("vf",D10))=TRUE,"VF",IF(ISNUMBER(SEARCH("f",D10))=TRUE,"F",""))))) -> F | F10: 10 | G10: dim | H10: 14.5 | O10: mnr | P10: minor | Q10: =IF(C10="","",IF(OR(K10="",AND(ISNUMBER(Q10),C10=Q10)),Q10,C10)) | R10: =IF(C10="","",IF(OR(L10="",AND(ISNUMBER(R10),C10=R10)),R10,C10))
B11: 1810 | C11: 50 | D11: f | E11: =IF(ISNUMBER(SEARCH("v crs",D11))=TRUE,"VC",IF(ISNUMBER(SEARCH("crs",D11))=TRUE,"C",IF(ISNUMBER(SEARCH("med",D11))=TRUE,"M",IF(ISNUMBER(SEARCH("vf",D11))=TRUE,"VF",IF(ISNUMBER(SEARCH("f",D11))=TRUE,"F",""))))) -> F | F11: 10 | G11: dim | H11: 16.2 | O11: rr | P11: rare | Q11: =IF(C11="","",IF(OR(K11="",AND(ISNUMBER(Q11),C11=Q11)),Q11,C11)) | R11: =IF(C11="","",IF(OR(L11="",AND(ISNUMBER(R11),C11=R11)),R11,C11))
B12: 1895 | C12: 15 | D12: f | E12: =IF(ISNUMBER(SEARCH("v crs",D12))=TRUE,"VC",IF(ISNUMBER(SEARCH("crs",D12))=TRUE,"C",IF(ISNUMBER(SEARCH("med",D12))=TRUE,"M",IF(ISNUMBER(SEARCH("vf",D12))=TRUE,"VF",IF(ISNUMBER(SEARCH("f",D12))=TRUE,"F",""))))) -> F | F12: 20 | G12: dim | H12: 7.8 | I12: tr | O12: tr | P12: trace | Q12: =IF(C12="","",IF(OR(K12="",AND(ISNUMBER(Q12),C12=Q12)),Q12,C12)) | R12: =IF(C12="","",IF(OR(L12="",AND(ISNUMBER(R12),C12=R12)),R12,C12))
B13: 1900 | C13: 15 | D13: f | E13: =IF(ISNUMBER(SEARCH("v crs",D13))=TRUE,"VC",IF(ISNUMBER(SEARCH("crs",D13))=TRUE,"C",IF(ISNUMBER(SEARCH("med",D13))=TRUE,"M",IF(ISNUMBER(SEARCH("vf",D13))=TRUE,"VF",IF(ISNUMBER(SEARCH("f",D13))=TRUE,"F",""))))) -> F | F13: 50 | G13: dim | H13: 7.4 | O13: mod | P13: moderately | Q13: =IF(C13="","",IF(OR(K13="",AND(ISNUMBER(Q13),C13=Q13)),Q13,C13)) | R13: =IF(C13="","",IF(OR(L13="",AND(ISNUMBER(R13),C13=R13)),R13,C13))
B14: 1905 | C14: 10 | D14: f | E14: =IF(ISNUMBER(SEARCH("v crs",D14))=TRUE,"VC",IF(ISNUMBER(SEARCH("crs",D14))=TRUE,"C",IF(ISNUMBER(SEARCH("med",D14))=TRUE,"M",IF(ISNUMBER(SEARCH("vf",D14))=TRUE,"VF",IF(ISNUMBER(SEARCH("f",D14))=TRUE,"F",""))))) -> F | F14: 100 | G14: dull | H14: 17.9 | O14: bri | P14: bright | Q14: =IF(C14="","",IF(OR(K14="",AND(ISNUMBER(Q14),C14=Q14)),Q14,C14)) | R14: =IF(C14="","",IF(OR(L14="",AND(ISNUMBER(R14),C14=R14)),R14,C14))
B15: 1910 | C15: 10 | D15: f | E15: =IF(ISNUMBER(SEARCH("v crs",D15))=TRUE,"VC",IF(ISNUMBER(SEARCH("crs",D15))=TRUE,"C",IF(ISNUMBER(SEARCH("med",D15))=TRUE,"M",IF(ISNUMBER(SEARCH("vf",D15))=TRUE,"VF",IF(ISNUMBER(SEARCH("f",D15))=TRUE,"F",""))))) -> F | F15: 100 | G15: dull | H15: 15.3 | I15: com | O15: dll | P15: dull | Q15: =IF(C15="","",IF(OR(K15="",AND(ISNUMBER(Q15),C15=Q15)),Q15,C15)) | R15: =IF(C15="","",IF(OR(L15="",AND(ISNUMBER(R15),C15=R15)),R15,C15))
B16: 1915 | C16: 20 | D16: f | E16: =IF(ISNUMBER(SEARCH("v crs",D16))=TRUE,"VC",IF(ISNUMBER(SEARCH("crs",D16))=TRUE,"C",IF(ISNUMBER(SEARCH("med",D16))=TRUE,"M",IF(ISNUMBER(SEARCH("vf",D16))=TRUE,"VF",IF(ISNUMBER(SEARCH("f",D16))=TRUE,"F",""))))) -> F | F16: 100 | G16: dull | H16: 20.4 | O16: com | P16: common | Q16: =IF(C16="","",IF(OR(K16="",AND(ISNUMBER(Q16),C16=Q16)),Q16,C16)) | R16: =IF(C16="","",IF(OR(L16="",AND(ISNUMBER(R16),C16=R16)),R16,C16))
B17: 1920 | C17: 20 | D17: f | E17: =IF(ISNUMBER(SEARCH("v crs",D17))=TRUE,"VC",IF(ISNUMBER(SEARCH("crs",D17))=TRUE,"C",IF(ISNUMBER(SEARCH("med",D17))=TRUE,"M",IF(ISNUMBER(SEARCH("vf",D17))=TRUE,"VF",IF(ISNUMBER(SEARCH("f",D17))=TRUE,"F",""))))) -> F | F17: 100 | G17: dull | H17: 10.8 | O17: i/p | P17: in part | Q17: =IF(C17="","",IF(OR(K17="",AND(ISNUMBER(Q17),C17=Q17)),Q17,C17)) | R17: =IF(C17="","",IF(OR(L17="",AND(ISNUMBER(R17),C17=R17)),R17,C17))
B18: 1925 | C18: 10 | D18: f | E18: =IF(ISNUMBER(SEARCH("v crs",D18))=TRUE,"VC",IF(ISNUMBER(SEARCH("crs",D18))=TRUE,"C",IF(ISNUMBER(SEARCH("med",D18))=TRUE,"M",IF(ISNUMBER(SEARCH("vf",D18))=TRUE,"VF",IF(ISNUMBER(SEARCH("f",D18))=TRUE,"F",""))))) -> F | F18: 100 | G18: dull | H18: 19.4 | K18: =IF(AND(C18<>"",C18<>Q18),TODAY(),IF(C18="","",K18)) | L18: =IF(AND(C18<>"",C18<>R18),NOW(),IF(C18="","",L18)) | O18: dom | P18: dominantly | Q18: =IF(C18="","",IF(OR(K18="",AND(ISNUMBER(Q18),C18=Q18)),Q18,C18)) | R18: =IF(C18="","",IF(OR(L18="",AND(ISNUMBER(R18),C18=R18)),R18,C18))
B19: 1930 | C19: 10 | D19: f | E19: =IF(ISNUMBER(SEARCH("v crs",D19))=TRUE,"VC",IF(ISNUMBER(SEARCH("crs",D19))=TRUE,"C",IF(ISNUMBER(SEARCH("med",D19))=TRUE,"M",IF(ISNUMBER(SEARCH("vf",D19))=TRUE,"VF",IF(ISNUMBER(SEARCH("f",D19))=TRUE,"F",""))))) -> F | F19: 100 | G19: dull | H19: 19 | K19: =IF(AND(C19<>"",C19<>Q19),TODAY(),IF(C19="","",K19)) | L19: =IF(AND(C19<>"",C19<>R19),NOW(),IF(C19="","",L19)) | O19: pl | P19: pale | Q19: =IF(C19="","",IF(OR(K19="",AND(ISNUMBER(Q19),C19=Q19)),Q19,C19)) | R19: =IF(C19="","",IF(OR(L19="",AND(ISNUMBER(R19),C19=R19)),R19,C19))
B20: 1935 | C20: 20 | D20: f | E20: =IF(ISNUMBER(SEARCH("v crs",D20))=TRUE,"VC",IF(ISNUMBER(SEARCH("crs",D20))=TRUE,"C",IF(ISNUMBER(SEARCH("med",D20))=TRUE,"M",IF(ISNUMBER(SEARCH("vf",D20))=TRUE,"VF",IF(ISNUMBER(SEARCH("f",D20))=TRUE,"F",""))))) -> F | F20: 100 | G20: dull | H20: 21.5 | K20: =IF(AND(C20<>"",C20<>Q20),TODAY(),IF(C20="","",K20)) | L20: =IF(AND(C20<>"",C20<>R20),NOW(),IF(C20="","",L20)) | Q20: =IF(C20="","",IF(OR(K20="",AND(ISNUMBER(Q20),C20=Q20)),Q20,C20)) | R20: =IF(C20="","",IF(OR(L20="",AND(ISNUMBER(R20),C20=R20)),R20,C20))
B21: 1940 | C21: 20 | D21: f | E21: =IF(ISNUMBER(SEARCH("v crs",D21))=TRUE,"VC",IF(ISNUMBER(SEARCH("crs",D21))=TRUE,"C",IF(ISNUMBER(SEARCH("med",D21))=TRUE,"M",IF(ISNUMBER(SEARCH("vf",D21))=TRUE,"VF",IF(ISNUMBER(SEARCH("f",D21))=TRUE,"F",""))))) -> F | F21: 100 | G21: dull | H21: 13.6 | I21: com | K21: =IF(AND(C21<>"",C21<>Q21),TODAY(),IF(C21="","",K21)) | L21: =IF(AND(C21<>"",C21<>R21),NOW(),IF(C21="","",L21)) | Q21: =IF(C21="","",IF(OR(K21="",AND(ISNUMBER(Q21),C21=Q21)),Q21,C21)) | R21: =IF(C21="","",IF(OR(L21="",AND(ISNUMBER(R21),C21=R21)),R21,C21))
B22: 1945 | C22: 20 | D22: f | E22: =IF(ISNUMBER(SEARCH("v crs",D22))=TRUE,"VC",IF(ISNUMBER(SEARCH("crs",D22))=TRUE,"C",IF(ISNUMBER(SEARCH("med",D22))=TRUE,"M",IF(ISNUMBER(SEARCH("vf",D22))=TRUE,"VF",IF(ISNUMBER(SEARCH("f",D22))=TRUE,"F",""))))) -> F | F22: 100 | G22: dull | H22: 15.1 | K22: =IF(AND(C22<>"",C22<>Q22),TODAY(),IF(C22="","",K22)) | L22: =IF(AND(C22<>"",C22<>R22),NOW(),IF(C22="","",L22)) | Q22: =IF(C22="","",IF(OR(K22="",AND(ISNUMBER(Q22),C22=Q22)),Q22,C22)) | R22: =IF(C22="","",IF(OR(L22="",AND(ISNUMBER(R22),C22=R22)),R22,C22))
B23: 1950 | C23: 20 | D23: f | E23: =IF(ISNUMBER(SEARCH("v crs",D23))=TRUE,"VC",IF(ISNUMBER(SEARCH("crs",D23))=TRUE,"C",IF(ISNUMBER(SEARCH("med",D23))=TRUE,"M",IF(ISNUMBER(SEARCH("vf",D23))=TRUE,"VF",IF(ISNUMBER(SEARCH("f",D23))=TRUE,"F",""))))) -> F | F23: 100 | G23: dull | H23: 23.2 | K23: =IF(AND(C23<>"",C23<>Q23),TODAY(),IF(C23="","",K23)) | L23: =IF(AND(C23<>"",C23<>R23),NOW(),IF(C23="","",L23)) | Q23: =IF(C23="","",IF(OR(K23="",AND(ISNUMBER(Q23),C23=Q23)),Q23,C23)) | R23: =IF(C23="","",IF(OR(L23="",AND(ISNUMBER(R23),C23=R23)),R23,C23))
B24: 1955 | C24: 25 | D24: f | E24: =IF(ISNUMBER(SEARCH("v crs",D24))=TRUE,"VC",IF(ISNUMBER(SEARCH("crs",D24))=TRUE,"C",IF(ISNUMBER(SEARCH("med",D24))=TRUE,"M",IF(ISNUMBER(SEARCH("vf",D24))=TRUE,"VF",IF(ISNUMBER(SEARCH("f",D24))=TRUE,"F",""))))) -> F | F24: 100 | G24: pale | H24: 23 | K24: =IF(AND(C24<>"",C24<>Q24),TODAY(),IF(C24="","",K24)) | L24: =IF(AND(C24<>"",C24<>R24),NOW(),IF(C24="","",L24)) | Q24: =IF(C24="","",IF(OR(K24="",AND(ISNUMBER(Q24),C24=Q24)),Q24,C24)) | R24: =IF(C24="","",IF(OR(L24="",AND(ISNUMBER(R24),C24=R24)),R24,C24))
B25: 1960 | C25: 25 | D25: f | E25: =IF(ISNUMBER(SEARCH("v crs",D25))=TRUE,"VC",IF(ISNUMBER(SEARCH("crs",D25))=TRUE,"C",IF(ISNUMBER(SEARCH("med",D25))=TRUE,"M",IF(ISNUMBER(SEARCH("vf",D25))=TRUE,"VF",IF(ISNUMBER(SEARCH("f",D25))=TRUE,"F",""))))) -> F | F25: 100 | G25: pale | H25: 19.7 | I25: tr | K25: =IF(AND(C25<>"",C25<>Q25),TODAY(),IF(C25="","",K25)) | L25: =IF(AND(C25<>"",C25<>R25),NOW(),IF(C25="","",L25)) | Q25: =IF(C25="","",IF(OR(K25="",AND(ISNUMBER(Q25),C25=Q25)),Q25,C25)) | R25: =IF(C25="","",IF(OR(L25="",AND(ISNUMBER(R25),C25=R25)),R25,C25))
B26: 1965 | C26: 30 | D26: f | E26: =IF(ISNUMBER(SEARCH("v crs",D26))=TRUE,"VC",IF(ISNUMBER(SEARCH("crs",D26))=TRUE,"C",IF(ISNUMBER(SEARCH("med",D26))=TRUE,"M",IF(ISNUMBER(SEARCH("vf",D26))=TRUE,"VF",IF(ISNUMBER(SEARCH("f",D26))=TRUE,"F",""))))) -> F | F26: 100 | G26: pale | H26: 19.8 | K26: =IF(AND(C26<>"",C26<>Q26),TODAY(),IF(C26="","",K26)) | L26: =IF(AND(C26<>"",C26<>R26),NOW(),IF(C26="","",L26)) | Q26: =IF(C26="","",IF(OR(K26="",AND(ISNUMBER(Q26),C26=Q26)),Q26,C26)) | R26: =IF(C26="","",IF(OR(L26="",AND(ISNUMBER(R26),C26=R26)),R26,C26))
B27: 1970 | C27: 30 | D27: f | E27: =IF(ISNUMBER(SEARCH("v crs",D27))=TRUE,"VC",IF(ISNUMBER(SEARCH("crs",D27))=TRUE,"C",IF(ISNUMBER(SEARCH("med",D27))=TRUE,"M",IF(ISNUMBER(SEARCH("vf",D27))=TRUE,"VF",IF(ISNUMBER(SEARCH("f",D27))=TRUE,"F",""))))) -> F | F27: 100 | G27: pale | H27: 23.7 | K27: =IF(AND(C27<>"",C27<>Q27),TODAY(),IF(C27="","",K27)) | L27: =IF(AND(C27<>"",C27<>R27),NOW(),IF(C27="","",L27)) | Q27: =IF(C27="","",IF(OR(K27="",AND(ISNUMBER(Q27),C27=Q27)),Q27,C27)) | R27: =IF(C27="","",IF(OR(L27="",AND(ISNUMBER(R27),C27=R27)),R27,C27))
B28: 1975 | C28: 30 | D28: f | E28: =IF(ISNUMBER(SEARCH("v crs",D28))=TRUE,"VC",IF(ISNUMBER(SEARCH("crs",D28))=TRUE,"C",IF(ISNUMBER(SEARCH("med",D28))=TRUE,"M",IF(ISNUMBER(SEARCH("vf",D28))=TRUE,"VF",IF(ISNUMBER(SEARCH("f",D28))=TRUE,"F",""))))) -> F | F28: 100 | G28: pale | H28: 25 | K28: =IF(AND(C28<>"",C28<>Q28),TODAY(),IF(C28="","",K28)) | L28: =IF(AND(C28<>"",C28<>R28),NOW(),IF(C28="","",L28)) | Q28: =IF(C28="","",IF(OR(K28="",AND(ISNUMBER(Q28),C28=Q28)),Q28,C28)) | R28: =IF(C28="","",IF(OR(L28="",AND(ISNUMBER(R28),C28=R28)),R28,C28))
B29: 1980 | C29: 30 | D29: f | E29: =IF(ISNUMBER(SEARCH("v crs",D29))=TRUE,"VC",IF(ISNUMBER(SEARCH("crs",D29))=TRUE,"C",IF(ISNUMBER(SEARCH("med",D29))=TRUE,"M",IF(ISNUMBER(SEARCH("vf",D29))=TRUE,"VF",IF(ISNUMBER(SEARCH("f",D29))=TRUE,"F",""))))) -> F | F29: 100 | G29: pale | H29: 19.1 | K29: =IF(AND(C29<>"",C29<>Q29),TODAY(),IF(C29="","",K29)) | L29: =IF(AND(C29<>"",C29<>R29),NOW(),IF(C29="","",L29)) | Q29: =IF(C29="","",IF(OR(K29="",AND(ISNUMBER(Q29),C29=Q29)),Q29,C29)) | R29: =IF(C29="","",IF(OR(L29="",AND(ISNUMBER(R29),C29=R29)),R29,C29))
B30: 1985 | C30: 30 | D30: f | E30: =IF(ISNUMBER(SEARCH("v crs",D30))=TRUE,"VC",IF(ISNUMBER(SEARCH("crs",D30))=TRUE,"C",IF(ISNUMBER(SEARCH("med",D30))=TRUE,"M",IF(ISNUMBER(SEARCH("vf",D30))=TRUE,"VF",IF(ISNUMBER(SEARCH("f",D30))=TRUE,"F",""))))) -> F | F30: 100 | G30: pl-mod bri | H30: 21.1 | K30: =IF(AND(C30<>"",C30<>Q30),TODAY(),IF(C30="","",K30)) | L30: =IF(AND(C30<>"",C30<>R30),NOW(),IF(C30="","",L30)) | Q30: =IF(C30="","",IF(OR(K30="",AND(ISNUMBER(Q30),C30=Q30)),Q30,C30)) | R30: =IF(C30="","",IF(OR(L30="",AND(ISNUMBER(R30),C30=R30)),R30,C30))
B31: 1990 | C31: 30 | D31: f | E31: =IF(ISNUMBER(SEARCH("v crs",D31))=TRUE,"VC",IF(ISNUMBER(SEARCH("crs",D31))=TRUE,"C",IF(ISNUMBER(SEARCH("med",D31))=TRUE,"M",IF(ISNUMBER(SEARCH("vf",D31))=TRUE,"VF",IF(ISNUMBER(SEARCH("f",D31))=TRUE,"F",""))))) -> F | F31: 100 | G31: pl-mod bri | H31: 25.1 | K31: =IF(AND(C31<>"",C31<>Q31),TODAY(),IF(C31="","",K31)) | L31: =IF(AND(C31<>"",C31<>R31),NOW(),IF(C31="","",L31)) | Q31: =IF(C31="","",IF(OR(K31="",AND(ISNUMBER(Q31),C31=Q31)),Q31,C31)) | R31: =IF(C31="","",IF(OR(L31="",AND(ISNUMBER(R31),C31=R31)),R31,C31))
B32: 1995 | C32: 40 | D32: f | E32: =IF(ISNUMBER(SEARCH("v crs",D32))=TRUE,"VC",IF(ISNUMBER(SEARCH("crs",D32))=TRUE,"C",IF(ISNUMBER(SEARCH("med",D32))=TRUE,"M",IF(ISNUMBER(SEARCH("vf",D32))=TRUE,"VF",IF(ISNUMBER(SEARCH("f",D32))=TRUE,"F",""))))) -> F | F32: 100 | G32: pl-mod bri | H32: 25.7 | K32: =IF(AND(C32<>"",C32<>Q32),TODAY(),IF(C32="","",K32)) | L32: =IF(AND(C32<>"",C32<>R32),NOW(),IF(C32="","",L32)) | Q32: =IF(C32="","",IF(OR(K32="",AND(ISNUMBER(Q32),C32=Q32)),Q32,C32)) | R32: =IF(C32="","",IF(OR(L32="",AND(ISNUMBER(R32),C32=R32)),R32,C32))
B33: 2000 | C33: 40 | D33: f | E33: =IF(ISNUMBER(SEARCH("v crs",D33))=TRUE,"VC",IF(ISNUMBER(SEARCH("crs",D33))=TRUE,"C",IF(ISNUMBER(SEARCH("med",D33))=TRUE,"M",IF(ISNUMBER(SEARCH("vf",D33))=TRUE,"VF",IF(ISNUMBER(SEARCH("f",D33))=TRUE,"F",""))))) -> F | F33: 100 | G33: pl-mod bri | H33: 22.4 | I33: com | K33: =IF(AND(C33<>"",C33<>Q33),TODAY(),IF(C33="","",K33)) | L33: =IF(AND(C33<>"",C33<>R33),NOW(),IF(C33="","",L33)) | Q33: =IF(C33="","",IF(OR(K33="",AND(ISNUMBER(Q33),C33=Q33)),Q33,C33)) | R33: =IF(C33="","",IF(OR(L33="",AND(ISNUMBER(R33),C33=R33)),R33,C33))
B34: 2005 | C34: 30 | D34: f | E34: =IF(ISNUMBER(SEARCH("v crs",D34))=TRUE,"VC",IF(ISNUMBER(SEARCH("crs",D34))=TRUE,"C",IF(ISNUMBER(SEARCH("med",D34))=TRUE,"M",IF(ISNUMBER(SEARCH("vf",D34))=TRUE,"VF",IF(ISNUMBER(SEARCH("f",D34))=TRUE,"F",""))))) -> F | F34: 100 | G34: pl-mod bri | H34: 17.4 | K34: =IF(AND(C34<>"",C34<>Q34),TODAY(),IF(C34="","",K34)) | L34: =IF(AND(C34<>"",C34<>R34),NOW(),IF(C34="","",L34)) | Q34: =IF(C34="","",IF(OR(K34="",AND(ISNUMBER(Q34),C34=Q34)),Q34,C34)) | R34: =IF(C34="","",IF(OR(L34="",AND(ISNUMBER(R34),C34=R34)),R34,C34))
B35: 2010 | C35: 30 | D35: f | E35: =IF(ISNUMBER(SEARCH("v crs",D35))=TRUE,"VC",IF(ISNUMBER(SEARCH("crs",D35))=TRUE,"C",IF(ISNUMBER(SEARCH("med",D35))=TRUE,"M",IF(ISNUMBER(SEARCH("vf",D35))=TRUE,"VF",IF(ISNUMBER(SEARCH("f",D35))=TRUE,"F",""))))) -> F | F35: 100 | G35: pl-mod bri | H35: 21.2 | I35: com | K35: =IF(AND(C35<>"",C35<>Q35),TODAY(),IF(C35="","",K35)) | L35: =IF(AND(C35<>"",C35<>R35),NOW(),IF(C35="","",L35)) | Q35: =IF(C35="","",IF(OR(K35="",AND(ISNUMBER(Q35),C35=Q35)),Q35,C35)) | R35: =IF(C35="","",IF(OR(L35="",AND(ISNUMBER(R35),C35=R35)),R35,C35))
B36: 2015 | C36: 30 | D36: f | E36: =IF(ISNUMBER(SEARCH("v crs",D36))=TRUE,"VC",IF(ISNUMBER(SEARCH("crs",D36))=TRUE,"C",IF(ISNUMBER(SEARCH("med",D36))=TRUE,"M",IF(ISNUMBER(SEARCH("vf",D36))=TRUE,"VF",IF(ISNUMBER(SEARCH("f",D36))=TRUE,"F",""))))) -> F | F36: 100 | G36: mod bri | H36: 16.6 | K36: =IF(AND(C36<>"",C36<>Q36),TODAY(),IF(C36="","",K36)) | L36: =IF(AND(C36<>"",C36<>R36),NOW(),IF(C36="","",L36)) | Q36: =IF(C36="","",IF(OR(K36="",AND(ISNUMBER(Q36),C36=Q36)),Q36,C36)) | R36: =IF(C36="","",IF(OR(L36="",AND(ISNUMBER(R36),C36=R36)),R36,C36))
B37: 2020 | C37: 30 | D37: f | E37: =IF(ISNUMBER(SEARCH("v crs",D37))=TRUE,"VC",IF(ISNUMBER(SEARCH("crs",D37))=TRUE,"C",IF(ISNUMBER(SEARCH("med",D37))=TRUE,"M",IF(ISNUMBER(SEARCH("vf",D37))=TRUE,"VF",IF(ISNUMBER(SEARCH("f",D37))=TRUE,"F",""))))) -> F | F37: 100 | G37: mod bri | H37: 23.6 | I37: com | K37: =IF(AND(C37<>"",C37<>Q37),TODAY(),IF(C37="","",K37)) | L37: =IF(AND(C37<>"",C37<>R37),NOW(),IF(C37="","",L37)) | Q37: =IF(C37="","",IF(OR(K37="",AND(ISNUMBER(Q37),C37=Q37)),Q37,C37)) | R37: =IF(C37="","",IF(OR(L37="",AND(ISNUMBER(R37),C37=R37)),R37,C37))
B38: 2025 | C38: 40 | D38: f | E38: =IF(ISNUMBER(SEARCH("v crs",D38))=TRUE,"VC",IF(ISNUMBER(SEARCH("crs",D38))=TRUE,"C",IF(ISNUMBER(SEARCH("med",D38))=TRUE,"M",IF(ISNUMBER(SEARCH("vf",D38))=TRUE,"VF",IF(ISNUMBER(SEARCH("f",D38))=TRUE,"F",""))))) -> F | F38: 100 | G38: mod bri | H38: 27.9 | K38: =IF(AND(C38<>"",C38<>Q38),TODAY(),IF(C38="","",K38)) | L38: =IF(AND(C38<>"",C38<>R38),NOW(),IF(C38="","",L38)) | Q38: =IF(C38="","",IF(OR(K38="",AND(ISNUMBER(Q38),C38=Q38)),Q38,C38)) | R38: =IF(C38="","",IF(OR(L38="",AND(ISNUMBER(R38),C38=R38)),R38,C38))
B39: 2030 | C39: 40 | D39: f | E39: =IF(ISNUMBER(SEARCH("v crs",D39))=TRUE,"VC",IF(ISNUMBER(SEARCH("crs",D39))=TRUE,"C",IF(ISNUMBER(SEARCH("med",D39))=TRUE,"M",IF(ISNUMBER(SEARCH("vf",D39))=TRUE,"VF",IF(ISNUMBER(SEARCH("f",D39))=TRUE,"F",""))))) -> F | F39: 100 | G39: mod bri | H39: 29.9 | I39: tr | K39: =IF(AND(C39<>"",C39<>Q39),TODAY(),IF(C39="","",K39)) | L39: =IF(AND(C39<>"",C39<>R39),NOW(),IF(C39="","",L39)) | Q39: =IF(C39="","",IF(OR(K39="",AND(ISNUMBER(Q39),C39=Q39)),Q39,C39)) | R39: =IF(C39="","",IF(OR(L39="",AND(ISNUMBER(R39),C39=R39)),R39,C39))
B40: 2035 | C40: 40 | D40: f | E40: =IF(ISNUMBER(SEARCH("v crs",D40))=TRUE,"VC",IF(ISNUMBER(SEARCH("crs",D40))=TRUE,"C",IF(ISNUMBER(SEARCH("med",D40))=TRUE,"M",IF(ISNUMBER(SEARCH("vf",D40))=TRUE,"VF",IF(ISNUMBER(SEARCH("f",D40))=TRUE,"F",""))))) -> F | F40: 100 | G40: mod bri | H40: 17.9 | K40: =IF(AND(C40<>"",C40<>Q40),TODAY(),IF(C40="","",K40)) | L40: =IF(AND(C40<>"",C40<>R40),NOW(),IF(C40="","",L40)) | Q40: =IF(C40="","",IF(OR(K40="",AND(ISNUMBER(Q40),C40=Q40)),Q40,C40)) | R40: =IF(C40="","",IF(OR(L40="",AND(ISNUMBER(R40),C40=R40)),R40,C40))
B41: 2040 | C41: 40 | D41: f | E41: =IF(ISNUMBER(SEARCH("v crs",D41))=TRUE,"VC",IF(ISNUMBER(SEARCH("crs",D41))=TRUE,"C",IF(ISNUMBER(SEARCH("med",D41))=TRUE,"M",IF(ISNUMBER(SEARCH("vf",D41))=TRUE,"VF",IF(ISNUMBER(SEARCH("f",D41))=TRUE,"F",""))))) -> F | F41: 100 | G41: mod bri | H41: 23.4 | K41: =IF(AND(C41<>"",C41<>Q41),TODAY(),IF(C41="","",K41)) | L41: =IF(AND(C41<>"",C41<>R41),NOW(),IF(C41="","",L41)) | Q41: =IF(C41="","",IF(OR(K41="",AND(ISNUMBER(Q41),C41=Q41)),Q41,C41)) | R41: =IF(C41="","",IF(OR(L41="",AND(ISNUMBER(R41),C41=R41)),R41,C41))
B42: 2045 | C42: 45 | D42: f | E42: =IF(ISNUMBER(SEARCH("v crs",D42))=TRUE,"VC",IF(ISNUMBER(SEARCH("crs",D42))=TRUE,"C",IF(ISNUMBER(SEARCH("med",D42))=TRUE,"M",IF(ISNUMBER(SEARCH("vf",D42))=TRUE,"VF",IF(ISNUMBER(SEARCH("f",D42))=TRUE,"F",""))))) -> F | F42: 100 | G42: mod bri | H42: 34.5 | K42: =IF(AND(C42<>"",C42<>Q42),TODAY(),IF(C42="","",K42)) | L42: =IF(AND(C42<>"",C42<>R42),NOW(),IF(C42="","",L42)) | Q42: =IF(C42="","",IF(OR(K42="",AND(ISNUMBER(Q42),C42=Q42)),Q42,C42)) | R42: =IF(C42="","",IF(OR(L42="",AND(ISNUMBER(R42),C42=R42)),R42,C42))
B43: 2050 | C43: 45 | D43: f | E43: =IF(ISNUMBER(SEARCH("v crs",D43))=TRUE,"VC",IF(ISNUMBER(SEARCH("crs",D43))=TRUE,"C",IF(ISNUMBER(SEARCH("med",D43))=TRUE,"M",IF(ISNUMBER(SEARCH("vf",D43))=TRUE,"VF",IF(ISNUMBER(SEARCH("f",D43))=TRUE,"F",""))))) -> F | F43: 100 | G43: mod bri | H43: 37 | K43: =IF(AND(C43<>"",C43<>Q43),TODAY(),IF(C43="","",K43)) | L43: =IF(AND(C43<>"",C43<>R43),NOW(),IF(C43="","",L43)) | Q43: =IF(C43="","",IF(OR(K43="",AND(ISNUMBER(Q43),C43=Q43)),Q43,C43)) | R43: =IF(C43="","",IF(OR(L43="",AND(ISNUMBER(R43),C43=R43)),R43,C43))
B44: 2055 | C44: 40 | D44: f | E44: =IF(ISNUMBER(SEARCH("v crs",D44))=TRUE,"VC",IF(ISNUMBER(SEARCH("crs",D44))=TRUE,"C",IF(ISNUMBER(SEARCH("med",D44))=TRUE,"M",IF(ISNUMBER(SEARCH("vf",D44))=TRUE,"VF",IF(ISNUMBER(SEARCH("f",D44))=TRUE,"F",""))))) -> F | F44: 100 | G44: mod bri | H44: 26.4 | K44: =IF(AND(C44<>"",C44<>Q44),TODAY(),IF(C44="","",K44)) | L44: =IF(AND(C44<>"",C44<>R44),NOW(),IF(C44="","",L44)) | Q44: =IF(C44="","",IF(OR(K44="",AND(ISNUMBER(Q44),C44=Q44)),Q44,C44)) | R44: =IF(C44="","",IF(OR(L44="",AND(ISNUMBER(R44),C44=R44)),R44,C44))
B45: 2060 | C45: 40 | D45: f | E45: =IF(ISNUMBER(SEARCH("v crs",D45))=TRUE,"VC",IF(ISNUMBER(SEARCH("crs",D45))=TRUE,"C",IF(ISNUMBER(SEARCH("med",D45))=TRUE,"M",IF(ISNUMBER(SEARCH("vf",D45))=TRUE,"VF",IF(ISNUMBER(SEARCH("f",D45))=TRUE,"F",""))))) -> F | F45: 100 | G45: mod bri | H45: 25.6 | K45: =IF(AND(C45<>"",C45<>Q45),TODAY(),IF(C45="","",K45)) | L45: =IF(AND(C45<>"",C45<>R45),NOW(),IF(C45="","",L45)) | Q45: =IF(C45="","",IF(OR(K45="",AND(ISNUMBER(Q45),C45=Q45)),Q45,C45)) | R45: =IF(C45="","",IF(OR(L45="",AND(ISNUMBER(R45),C45=R45)),R45,C45))
B46: 2065 | C46: 35 | D46: f | E46: =IF(ISNUMBER(SEARCH("v crs",D46))=TRUE,"VC",IF(ISNUMBER(SEARCH("crs",D46))=TRUE,"C",IF(ISNUMBER(SEARCH("med",D46))=TRUE,"M",IF(ISNUMBER(SEARCH("vf",D46))=TRUE,"VF",IF(ISNUMBER(SEARCH("f",D46))=TRUE,"F",""))))) -> F | F46: 100 | G46: mod bri | H46: 23.7 | K46: =IF(AND(C46<>"",C46<>Q46),TODAY(),IF(C46="","",K46)) | L46: =IF(AND(C46<>"",C46<>R46),NOW(),IF(C46="","",L46)) | Q46: =IF(C46="","",IF(OR(K46="",AND(ISNUMBER(Q46),C46=Q46)),Q46,C46)) | R46: =IF(C46="","",IF(OR(L46="",AND(ISNUMBER(R46),C46=R46)),R46,C46))
B47: 2070 | C47: 35 | D47: f | E47: =IF(ISNUMBER(SEARCH("v crs",D47))=TRUE,"VC",IF(ISNUMBER(SEARCH("crs",D47))=TRUE,"C",IF(ISNUMBER(SEARCH("med",D47))=TRUE,"M",IF(ISNUMBER(SEARCH("vf",D47))=TRUE,"VF",IF(ISNUMBER(SEARCH("f",D47))=TRUE,"F",""))))) -> F | F47: 100 | G47: mod bri | H47: 35.3 | K47: =IF(AND(C47<>"",C47<>Q47),TODAY(),IF(C47="","",K47)) | L47: =IF(AND(C47<>"",C47<>R47),NOW(),IF(C47="","",L47)) | Q47: =IF(C47="","",IF(OR(K47="",AND(ISNUMBER(Q47),C47=Q47)),Q47,C47)) | R47: =IF(C47="","",IF(OR(L47="",AND(ISNUMBER(R47),C47=R47)),R47,C47))
B48: 2075 | C48: 40 | D48: f | E48: =IF(ISNUMBER(SEARCH("v crs",D48))=TRUE,"VC",IF(ISNUMBER(SEARCH("crs",D48))=TRUE,"C",IF(ISNUMBER(SEARCH("med",D48))=TRUE,"M",IF(ISNUMBER(SEARCH("vf",D48))=TRUE,"VF",IF(ISNUMBER(SEARCH("f",D48))=TRUE,"F",""))))) -> F | F48: 100 | G48: mod bri | H48: 27.9 | K48: =IF(AND(C48<>"",C48<>Q48),TODAY(),IF(C48="","",K48)) | L48: =IF(AND(C48<>"",C48<>R48),NOW(),IF(C48="","",L48)) | Q48: =IF(C48="","",IF(OR(K48="",AND(ISNUMBER(Q48),C48=Q48)),Q48,C48)) | R48: =IF(C48="","",IF(OR(L48="",AND(ISNUMBER(R48),C48=R48)),R48,C48))
B49: 2080 | C49: 40 | D49: f | E49: =IF(ISNUMBER(SEARCH("v crs",D49))=TRUE,"VC",IF(ISNUMBER(SEARCH("crs",D49))=TRUE,"C",IF(ISNUMBER(SEARCH("med",D49))=TRUE,"M",IF(ISNUMBER(SEARCH("vf",D49))=TRUE,"VF",IF(ISNUMBER(SEARCH("f",D49))=TRUE,"F",""))))) -> F | F49: 100 | G49: mod bri | H49: 29.3 | K49: =IF(AND(C49<>"",C49<>Q49),TODAY(),IF(C49="","",K49)) | L49: =IF(AND(C49<>"",C49<>R49),NOW(),IF(C49="","",L49)) | Q49: =IF(C49="","",IF(OR(K49="",AND(ISNUMBER(Q49),C49=Q49)),Q49,C49)) | R49: =IF(C49="","",IF(OR(L49="",AND(ISNUMBER(R49),C49=R49)),R49,C49))
B50: 2085 | C50: 40 | D50: f | E50: =IF(ISNUMBER(SEARCH("v crs",D50))=TRUE,"VC",IF(ISNUMBER(SEARCH("crs",D50))=TRUE,"C",IF(ISNUMBER(SEARCH("med",D50))=TRUE,"M",IF(ISNUMBER(SEARCH("vf",D50))=TRUE,"VF",IF(ISNUMBER(SEARCH("f",D50))=TRUE,"F",""))))) -> F | F50: 100 | G50: mod bri | H50: 28.1 | K50: =IF(AND(C50<>"",C50<>Q50),TODAY(),IF(C50="","",K50)) | L50: =IF(AND(C50<>"",C50<>R50),NOW(),IF(C50="","",L50)) | Q50: =IF(C50="","",IF(OR(K50="",AND(ISNUMBER(Q50),C50=Q50)),Q50,C50)) | R50: =IF(C50="","",IF(OR(L50="",AND(ISNUMBER(R50),C50=R50)),R50,C50))
B51: 2090 | C51: 40 | D51: f | E51: =IF(ISNUMBER(SEARCH("v crs",D51))=TRUE,"VC",IF(ISNUMBER(SEARCH("crs",D51))=TRUE,"C",IF(ISNUMBER(SEARCH("med",D51))=TRUE,"M",IF(ISNUMBER(SEARCH("vf",D51))=TRUE,"VF",IF(ISNUMBER(SEARCH("f",D51))=TRUE,"F",""))))) -> F | F51: 100 | G51: mod bri | H51: 32.4 | K51: =IF(AND(C51<>"",C51<>Q51),TODAY(),IF(C51="","",K51)) | L51: =IF(AND(C51<>"",C51<>R51),NOW(),IF(C51="","",L51)) | Q51: =IF(C51="","",IF(OR(K51="",AND(ISNUMBER(Q51),C51=Q51)),Q51,C51)) | R51: =IF(C51="","",IF(OR(L51="",AND(ISNUMBER(R51),C51=R51)),R51,C51))
... B78: 2225 | C78: 35 | D78: f | E78: =IF(ISNUMBER(SEARCH("v crs",D78))=TRUE,"VC",IF(ISNUMBER(SEARCH("crs",D78))=TRUE,"C",IF(ISNUMBER(SEARCH("med",D78))=TRUE,"M",IF(ISNUMBER(SEARCH("vf",D78))=TRUE,"VF",IF(ISNUMBER(SEARCH("f",D78))=TRUE,"F",""))))) -> F | F78: 100 | G78: mod bri - bri | H78: 45.7 | K78: =IF(AND(C78<>"",C78<>Q78),TODAY(),IF(C78="","",K78)) | L78: =IF(AND(C78<>"",C78<>R78),NOW(),IF(C78="","",L78)) | Q78: =IF(C78="","",IF(OR(K78="",AND(ISNUMBER(Q78),C78=Q78)),Q78,C78)) | R78: =IF(C78="","",IF(OR(L78="",AND(ISNUMBER(R78),C78=R78)),R78,C78))
B79: 2230 | C79: 35 | D79: f | E79: =IF(ISNUMBER(SEARCH("v crs",D79))=TRUE,"VC",IF(ISNUMBER(SEARCH("crs",D79))=TRUE,"C",IF(ISNUMBER(SEARCH("med",D79))=TRUE,"M",IF(ISNUMBER(SEARCH("vf",D79))=TRUE,"VF",IF(ISNUMBER(SEARCH("f",D79))=TRUE,"F",""))))) -> F | F79: 100 | G79: mod bri - bri | H79: 41.5 | I79: tr | K79: =IF(AND(C79<>"",C79<>Q79),TODAY(),IF(C79="","",K79)) | L79: =IF(AND(C79<>"",C79<>R79),NOW(),IF(C79="","",L79)) | Q79: =IF(C79="","",IF(OR(K79="",AND(ISNUMBER(Q79),C79=Q79)),Q79,C79)) | R79: =IF(C79="","",IF(OR(L79="",AND(ISNUMBER(R79),C79=R79)),R79,C79))
B80: 2235 | C80: 35 | D80: f | E80: =IF(ISNUMBER(SEARCH("v crs",D80))=TRUE,"VC",IF(ISNUMBER(SEARCH("crs",D80))=TRUE,"C",IF(ISNUMBER(SEARCH("med",D80))=TRUE,"M",IF(ISNUMBER(SEARCH("vf",D80))=TRUE,"VF",IF(ISNUMBER(SEARCH("f",D80))=TRUE,"F",""))))) -> F | F80: 100 | G80: mod bri - bri | H80: 42.7 | K80: =IF(AND(C80<>"",C80<>Q80),TODAY(),IF(C80="","",K80)) | L80: =IF(AND(C80<>"",C80<>R80),NOW(),IF(C80="","",L80)) | Q80: =IF(C80="","",IF(OR(K80="",AND(ISNUMBER(Q80),C80=Q80)),Q80,C80)) | R80: =IF(C80="","",IF(OR(L80="",AND(ISNUMBER(R80),C80=R80)),R80,C80))
B81: 2240 | C81: 35 | D81: f | E81: =IF(ISNUMBER(SEARCH("v crs",D81))=TRUE,"VC",IF(ISNUMBER(SEARCH("crs",D81))=TRUE,"C",IF(ISNUMBER(SEARCH("med",D81))=TRUE,"M",IF(ISNUMBER(SEARCH("vf",D81))=TRUE,"VF",IF(ISNUMBER(SEARCH("f",D81))=TRUE,"F",""))))) -> F | F81: 100 | G81: mod bri - bri | H81: 36.2 | I81: tr | K81: =IF(AND(C81<>"",C81<>Q81),TODAY(),IF(C81="","",K81)) | L81: =IF(AND(C81<>"",C81<>R81),NOW(),IF(C81="","",L81)) | Q81: =IF(C81="","",IF(OR(K81="",AND(ISNUMBER(Q81),C81=Q81)),Q81,C81)) | R81: =IF(C81="","",IF(OR(L81="",AND(ISNUMBER(R81),C81=R81)),R81,C81))
B82: 2245 | C82: 35 | D82: f | E82: =IF(ISNUMBER(SEARCH("v crs",D82))=TRUE,"VC",IF(ISNUMBER(SEARCH("crs",D82))=TRUE,"C",IF(ISNUMBER(SEARCH("med",D82))=TRUE,"M",IF(ISNUMBER(SEARCH("vf",D82))=TRUE,"VF",IF(ISNUMBER(SEARCH("f",D82))=TRUE,"F",""))))) -> F | F82: 100 | G82: mod bri | H82: 29.4 | K82: =IF(AND(C82<>"",C82<>Q82),TODAY(),IF(C82="","",K82)) | L82: =IF(AND(C82<>"",C82<>R82),NOW(),IF(C82="","",L82)) | Q82: =IF(C82="","",IF(OR(K82="",AND(ISNUMBER(Q82),C82=Q82)),Q82,C82)) | R82: =IF(C82="","",IF(OR(L82="",AND(ISNUMBER(R82),C82=R82)),R82,C82))
B83: 2250 | C83: 35 | D83: f | E83: =IF(ISNUMBER(SEARCH("v crs",D83))=TRUE,"VC",IF(ISNUMBER(SEARCH("crs",D83))=TRUE,"C",IF(ISNUMBER(SEARCH("med",D83))=TRUE,"M",IF(ISNUMBER(SEARCH("vf",D83))=TRUE,"VF",IF(ISNUMBER(SEARCH("f",D83))=TRUE,"F",""))))) -> F | F83: 100 | G83: mod bri | H83: 42.7 | K83: =IF(AND(C83<>"",C83<>Q83),TODAY(),IF(C83="","",K83)) | L83: =IF(AND(C83<>"",C83<>R83),NOW(),IF(C83="","",L83)) | Q83: =IF(C83="","",IF(OR(K83="",AND(ISNUMBER(Q83),C83=Q83)),Q83,C83)) | R83: =IF(C83="","",IF(OR(L83="",AND(ISNUMBER(R83),C83=R83)),R83,C83))
B84: 2255 | C84: 35 | D84: f | E84: =IF(ISNUMBER(SEARCH("v crs",D84))=TRUE,"VC",IF(ISNUMBER(SEARCH("crs",D84))=TRUE,"C",IF(ISNUMBER(SEARCH("med",D84))=TRUE,"M",IF(ISNUMBER(SEARCH("vf",D84))=TRUE,"VF",IF(ISNUMBER(SEARCH("f",D84))=TRUE,"F",""))))) -> F | F84: 100 | G84: mod bri | H84: 45.8 | K84: =IF(AND(C84<>"",C84<>Q84),TODAY(),IF(C84="","",K84)) | L84: =IF(AND(C84<>"",C84<>R84),NOW(),IF(C84="","",L84)) | Q84: =IF(C84="","",IF(OR(K84="",AND(ISNUMBER(Q84),C84=Q84)),Q84,C84)) | R84: =IF(C84="","",IF(OR(L84="",AND(ISNUMBER(R84),C84=R84)),R84,C84))
B85: 2260 | C85: 35 | D85: f | E85: =IF(ISNUMBER(SEARCH("v crs",D85))=TRUE,"VC",IF(ISNUMBER(SEARCH("crs",D85))=TRUE,"C",IF(ISNUMBER(SEARCH("med",D85))=TRUE,"M",IF(ISNUMBER(SEARCH("vf",D85))=TRUE,"VF",IF(ISNUMBER(SEARCH("f",D85))=TRUE,"F",""))))) -> F | F85: 100 | G85: mod bri | H85: 110.5 | I85: rr | K85: =IF(AND(C85<>"",C85<>Q85),TODAY(),IF(C85="","",K85)) | L85: =IF(AND(C85<>"",C85<>R85),NOW(),IF(C85="","",L85)) | Q85: =IF(C85="","",IF(OR(K85="",AND(ISNUMBER(Q85),C85=Q85)),Q85,C85)) | R85: =IF(C85="","",IF(OR(L85="",AND(ISNUMBER(R85),C85=R85)),R85,C85))
B86: 2265 | C86: 50 | D86: f | E86: =IF(ISNUMBER(SEARCH("v crs",D86))=TRUE,"VC",IF(ISNUMBER(SEARCH("crs",D86))=TRUE,"C",IF(ISNUMBER(SEARCH("med",D86))=TRUE,"M",IF(ISNUMBER(SEARCH("vf",D86))=TRUE,"VF",IF(ISNUMBER(SEARCH("f",D86))=TRUE,"F",""))))) -> F | F86: 100 | G86: bri | H86: 73.2 | K86: =IF(AND(C86<>"",C86<>Q86),TODAY(),IF(C86="","",K86)) | L86: =IF(AND(C86<>"",C86<>R86),NOW(),IF(C86="","",L86)) | Q86: =IF(C86="","",IF(OR(K86="",AND(ISNUMBER(Q86),C86=Q86)),Q86,C86)) | R86: =IF(C86="","",IF(OR(L86="",AND(ISNUMBER(R86),C86=R86)),R86,C86))
B87: 2270 | C87: 50 | D87: f | E87: =IF(ISNUMBER(SEARCH("v crs",D87))=TRUE,"VC",IF(ISNUMBER(SEARCH("crs",D87))=TRUE,"C",IF(ISNUMBER(SEARCH("med",D87))=TRUE,"M",IF(ISNUMBER(SEARCH("vf",D87))=TRUE,"VF",IF(ISNUMBER(SEARCH("f",D87))=TRUE,"F",""))))) -> F | F87: 100 | G87: bri | H87: 109.3 | K87: =IF(AND(C87<>"",C87<>Q87),TODAY(),IF(C87="","",K87)) | L87: =IF(AND(C87<>"",C87<>R87),NOW(),IF(C87="","",L87)) | Q87: =IF(C87="","",IF(OR(K87="",AND(ISNUMBER(Q87),C87=Q87)),Q87,C87)) | R87: =IF(C87="","",IF(OR(L87="",AND(ISNUMBER(R87),C87=R87)),R87,C87))
B88: 2275 | C88: 50 | D88: f | E88: =IF(ISNUMBER(SEARCH("v crs",D88))=TRUE,"VC",IF(ISNUMBER(SEARCH("crs",D88))=TRUE,"C",IF(ISNUMBER(SEARCH("med",D88))=TRUE,"M",IF(ISNUMBER(SEARCH("vf",D88))=TRUE,"VF",IF(ISNUMBER(SEARCH("f",D88))=TRUE,"F",""))))) -> F | F88: 100 | G88: bri | H88: 79.4 | K88: =IF(AND(C88<>"",C88<>Q88),TODAY(),IF(C88="","",K88)) | L88: =IF(AND(C88<>"",C88<>R88),NOW(),IF(C88="","",L88)) | Q88: =IF(C88="","",IF(OR(K88="",AND(ISNUMBER(Q88),C88=Q88)),Q88,C88)) | R88: =IF(C88="","",IF(OR(L88="",AND(ISNUMBER(R88),C88=R88)),R88,C88))
B89: 2280 | C89: 50 | D89: f | E89: =IF(ISNUMBER(SEARCH("v crs",D89))=TRUE,"VC",IF(ISNUMBER(SEARCH("crs",D89))=TRUE,"C",IF(ISNUMBER(SEARCH("med",D89))=TRUE,"M",IF(ISNUMBER(SEARCH("vf",D89))=TRUE,"VF",IF(ISNUMBER(SEARCH("f",D89))=TRUE,"F",""))))) -> F | F89: 100 | G89: bri | H89: 65.3 | I89: tr | K89: =IF(AND(C89<>"",C89<>Q89),TODAY(),IF(C89="","",K89)) | L89: =IF(AND(C89<>"",C89<>R89),NOW(),IF(C89="","",L89)) | Q89: =IF(C89="","",IF(OR(K89="",AND(ISNUMBER(Q89),C89=Q89)),Q89,C89)) | R89: =IF(C89="","",IF(OR(L89="",AND(ISNUMBER(R89),C89=R89)),R89,C89))
B90: 2285 | C90: 60 | D90: f | E90: =IF(ISNUMBER(SEARCH("v crs",D90))=TRUE,"VC",IF(ISNUMBER(SEARCH("crs",D90))=TRUE,"C",IF(ISNUMBER(SEARCH("med",D90))=TRUE,"M",IF(ISNUMBER(SEARCH("vf",D90))=TRUE,"VF",IF(ISNUMBER(SEARCH("f",D90))=TRUE,"F",""))))) -> F | F90: 100 | G90: mod bri - bri | H90: 70.3 | K90: =IF(AND(C90<>"",C90<>Q90),TODAY(),IF(C90="","",K90)) | L90: =IF(AND(C90<>"",C90<>R90),NOW(),IF(C90="","",L90)) | Q90: =IF(C90="","",IF(OR(K90="",AND(ISNUMBER(Q90),C90=Q90)),Q90,C90)) | R90: =IF(C90="","",IF(OR(L90="",AND(ISNUMBER(R90),C90=R90)),R90,C90))
B91: 2290 | C91: 60 | D91: f | E91: =IF(ISNUMBER(SEARCH("v crs",D91))=TRUE,"VC",IF(ISNUMBER(SEARCH("crs",D91))=TRUE,"C",IF(ISNUMBER(SEARCH("med",D91))=TRUE,"M",IF(ISNUMBER(SEARCH("vf",D91))=TRUE,"VF",IF(ISNUMBER(SEARCH("f",D91))=TRUE,"F",""))))) -> F | F91: 100 | G91: mod bri - bri | H91: 122.8 | J91: com | K91: =IF(AND(C91<>"",C91<>Q91),TODAY(),IF(C91="","",K91)) | L91: =IF(AND(C91<>"",C91<>R91),NOW(),IF(C91="","",L91)) | Q91: =IF(C91="","",IF(OR(K91="",AND(ISNUMBER(Q91),C91=Q91)),Q91,C91)) | R91: =IF(C91="","",IF(OR(L91="",AND(ISNUMBER(R91),C91=R91)),R91,C91))
B92: 2295 | C92: 60 | D92: f | E92: =IF(ISNUMBER(SEARCH("v crs",D92))=TRUE,"VC",IF(ISNUMBER(SEARCH("crs",D92))=TRUE,"C",IF(ISNUMBER(SEARCH("med",D92))=TRUE,"M",IF(ISNUMBER(SEARCH("vf",D92))=TRUE,"VF",IF(ISNUMBER(SEARCH("f",D92))=TRUE,"F",""))))) -> F | F92: 100 | G92: bri | H92: 110.7 | K92: =IF(AND(C92<>"",C92<>Q92),TODAY(),IF(C92="","",K92)) | L92: =IF(AND(C92<>"",C92<>R92),NOW(),IF(C92="","",L92)) | Q92: =IF(C92="","",IF(OR(K92="",AND(ISNUMBER(Q92),C92=Q92)),Q92,C92)) | R92: =IF(C92="","",IF(OR(L92="",AND(ISNUMBER(R92),C92=R92)),R92,C92))
B93: 2300 | C93: 60 | D93: f | E93: =IF(ISNUMBER(SEARCH("v crs",D93))=TRUE,"VC",IF(ISNUMBER(SEARCH("crs",D93))=TRUE,"C",IF(ISNUMBER(SEARCH("med",D93))=TRUE,"M",IF(ISNUMBER(SEARCH("vf",D93))=TRUE,"VF",IF(ISNUMBER(SEARCH("f",D93))=TRUE,"F",""))))) -> F | F93: 100 | G93: bri | H93: 133.7 | K93: =IF(AND(C93<>"",C93<>Q93),TODAY(),IF(C93="","",K93)) | L93: =IF(AND(C93<>"",C93<>R93),NOW(),IF(C93="","",L93)) | Q93: =IF(C93="","",IF(OR(K93="",AND(ISNUMBER(Q93),C93=Q93)),Q93,C93)) | R93: =IF(C93="","",IF(OR(L93="",AND(ISNUMBER(R93),C93=R93)),R93,C93))
B94: 2305 | C94: 65 | D94: f | E94: =IF(ISNUMBER(SEARCH("v crs",D94))=TRUE,"VC",IF(ISNUMBER(SEARCH("crs",D94))=TRUE,"C",IF(ISNUMBER(SEARCH("med",D94))=TRUE,"M",IF(ISNUMBER(SEARCH("vf",D94))=TRUE,"VF",IF(ISNUMBER(SEARCH("f",D94))=TRUE,"F",""))))) -> F | F94: 100 | G94: bri | H94: 102.7 | K94: =IF(AND(C94<>"",C94<>Q94),TODAY(),IF(C94="","",K94)) | L94: =IF(AND(C94<>"",C94<>R94),NOW(),IF(C94="","",L94)) | Q94: =IF(C94="","",IF(OR(K94="",AND(ISNUMBER(Q94),C94=Q94)),Q94,C94)) | R94: =IF(C94="","",IF(OR(L94="",AND(ISNUMBER(R94),C94=R94)),R94,C94))
B95: 2310 | C95: 65 | D95: f | E95: =IF(ISNUMBER(SEARCH("v crs",D95))=TRUE,"VC",IF(ISNUMBER(SEARCH("crs",D95))=TRUE,"C",IF(ISNUMBER(SEARCH("med",D95))=TRUE,"M",IF(ISNUMBER(SEARCH("vf",D95))=TRUE,"VF",IF(ISNUMBER(SEARCH("f",D95))=TRUE,"F",""))))) -> F | F95: 100 | G95: bri | H95: 92.8 | J95: com | K95: =IF(AND(C95<>"",C95<>Q95),TODAY(),IF(C95="","",K95)) | L95: =IF(AND(C95<>"",C95<>R95),NOW(),IF(C95="","",L95)) | Q95: =IF(C95="","",IF(OR(K95="",AND(ISNUMBER(Q95),C95=Q95)),Q95,C95)) | R95: =IF(C95="","",IF(OR(L95="",AND(ISNUMBER(R95),C95=R95)),R95,C95))
B96: 2315 | C96: 70 | D96: f | E96: =IF(ISNUMBER(SEARCH("v crs",D96))=TRUE,"VC",IF(ISNUMBER(SEARCH("crs",D96))=TRUE,"C",IF(ISNUMBER(SEARCH("med",D96))=TRUE,"M",IF(ISNUMBER(SEARCH("vf",D96))=TRUE,"VF",IF(ISNUMBER(SEARCH("f",D96))=TRUE,"F",""))))) -> F | F96: 100 | G96: bri | H96: 90.3 | K96: =IF(AND(C96<>"",C96<>Q96),TODAY(),IF(C96="","",K96)) | L96: =IF(AND(C96<>"",C96<>R96),NOW(),IF(C96="","",L96)) | Q96: =IF(C96="","",IF(OR(K96="",AND(ISNUMBER(Q96),C96=Q96)),Q96,C96)) | R96: =IF(C96="","",IF(OR(L96="",AND(ISNUMBER(R96),C96=R96)),R96,C96))
B97: 2320 | C97: 70 | D97: f | E97: =IF(ISNUMBER(SEARCH("v crs",D97))=TRUE,"VC",IF(ISNUMBER(SEARCH("crs",D97))=TRUE,"C",IF(ISNUMBER(SEARCH("med",D97))=TRUE,"M",IF(ISNUMBER(SEARCH("vf",D97))=TRUE,"VF",IF(ISNUMBER(SEARCH("f",D97))=TRUE,"F",""))))) -> F | F97: 100 | G97: bri | H97: 123.9 | K97: =IF(AND(C97<>"",C97<>Q97),TODAY(),IF(C97="","",K97)) | L97: =IF(AND(C97<>"",C97<>R97),NOW(),IF(C97="","",L97)) | Q97: =IF(C97="","",IF(OR(K97="",AND(ISNUMBER(Q97),C97=Q97)),Q97,C97)) | R97: =IF(C97="","",IF(OR(L97="",AND(ISNUMBER(R97),C97=R97)),R97,C97))
B98: 2325 | C98: 95 | D98: f | E98: =IF(ISNUMBER(SEARCH("v crs",D98))=TRUE,"VC",IF(ISNUMBER(SEARCH("crs",D98))=TRUE,"C",IF(ISNUMBER(SEARCH("med",D98))=TRUE,"M",IF(ISNUMBER(SEARCH("vf",D98))=TRUE,"VF",IF(ISNUMBER(SEARCH("f",D98))=TRUE,"F",""))))) -> F | F98: 100 | G98: mod bri | H98: 63.8 | K98: =IF(AND(C98<>"",C98<>Q98),TODAY(),IF(C98="","",K98)) | L98: =IF(AND(C98<>"",C98<>R98),NOW(),IF(C98="","",L98)) | Q98: =IF(C98="","",IF(OR(K98="",AND(ISNUMBER(Q98),C98=Q98)),Q98,C98)) | R98: =IF(C98="","",IF(OR(L98="",AND(ISNUMBER(R98),C98=R98)),R98,C98))
B99: 2330 | C99: 95 | D99: f | E99: =IF(ISNUMBER(SEARCH("v crs",D99))=TRUE,"VC",IF(ISNUMBER(SEARCH("crs",D99))=TRUE,"C",IF(ISNUMBER(SEARCH("med",D99))=TRUE,"M",IF(ISNUMBER(SEARCH("vf",D99))=TRUE,"VF",IF(ISNUMBER(SEARCH("f",D99))=TRUE,"F",""))))) -> F | F99: 100 | G99: mod bri | H99: 160 | K99: =IF(AND(C99<>"",C99<>Q99),TODAY(),IF(C99="","",K99)) | L99: =IF(AND(C99<>"",C99<>R99),NOW(),IF(C99="","",L99)) | Q99: =IF(C99="","",IF(OR(K99="",AND(ISNUMBER(Q99),C99=Q99)),Q99,C99)) | R99: =IF(C99="","",IF(OR(L99="",AND(ISNUMBER(R99),C99=R99)),R99,C99))
B100: 2335 | C100: 100 | D100: f | E100: =IF(ISNUMBER(SEARCH("v crs",D100))=TRUE,"VC",IF(ISNUMBER(SEARCH("crs",D100))=TRUE,"C",IF(ISNUMBER(SEARCH("med",D100))=TRUE,"M",IF(ISNUMBER(SEARCH("vf",D100))=TRUE,"VF",IF(ISNUMBER(SEARCH("f",D100))=TRUE,"F",""))))) -> F | F100: 100 | G100: mod bri | H100: 158 | K100: =IF(AND(C100<>"",C100<>Q100),TODAY(),IF(C100="","",K100)) | L100: =IF(AND(C100<>"",C100<>R100),NOW(),IF(C100="","",L100)) | Q100: =IF(C100="","",IF(OR(K100="",AND(ISNUMBER(Q100),C100=Q100)),Q100,C100)) | R100: =IF(C100="","",IF(OR(L100="",AND(ISNUMBER(R100),C100=R100)),R100,C100))
B101: 2340 | C101: 100 | D101: f | E101: =IF(ISNUMBER(SEARCH("v crs",D101))=TRUE,"VC",IF(ISNUMBER(SEARCH("crs",D101))=TRUE,"C",IF(ISNUMBER(SEARCH("med",D101))=TRUE,"M",IF(ISNUMBER(SEARCH("vf",D101))=TRUE,"VF",IF(ISNUMBER(SEARCH("f",D101))=TRUE,"F",""))))) -> F | F101: 100 | G101: mod bri | H101: 159 | K101: =IF(AND(C101<>"",C101<>Q101),TODAY(),IF(C101="","",K101)) | L101: =IF(AND(C101<>"",C101<>R101),NOW(),IF(C101="","",L101)) | Q101: =IF(C101="","",IF(OR(K101="",AND(ISNUMBER(Q101),C101=Q101)),Q101,C101)) | R101: =IF(C101="","",IF(OR(L101="",AND(ISNUMBER(R101),C101=R101)),R101,C101))
B102: 2345 | C102: 95 | D102: f-crs | E102: =IF(ISNUMBER(SEARCH("v crs",D102))=TRUE,"VC",IF(ISNUMBER(SEARCH("crs",D102))=TRUE,"C",IF(ISNUMBER(SEARCH("med",D102))=TRUE,"M",IF(ISNUMBER(SEARCH("vf",D102))=TRUE,"VF",IF(ISNUMBER(SEARCH("f",D102))=TRUE,"F",""))))) -> C | F102: 100 | G102: mod bri | H102: 161.8 | K102: =IF(AND(C102<>"",C102<>Q102),TODAY(),IF(C102="","",K102)) | L102: =IF(AND(C102<>"",C102<>R102),NOW(),IF(C102="","",L102)) | Q102: =IF(C102="","",IF(OR(K102="",AND(ISNUMBER(Q102),C102=Q102)),Q102,C102)) | R102: =IF(C102="","",IF(OR(L102="",AND(ISNUMBER(R102),C102=R102)),R102,C102))
B103: 2350 | C103: 95 | D103: f-crs | E103: =IF(ISNUMBER(SEARCH("v crs",D103))=TRUE,"VC",IF(ISNUMBER(SEARCH("crs",D103))=TRUE,"C",IF(ISNUMBER(SEARCH("med",D103))=TRUE,"M",IF(ISNUMBER(SEARCH("vf",D103))=TRUE,"VF",IF(ISNUMBER(SEARCH("f",D103))=TRUE,"F",""))))) -> C | F103: 100 | G103: mod bri | H103: 156.1 | K103: =IF(AND(C103<>"",C103<>Q103),TODAY(),IF(C103="","",K103)) | L103: =IF(AND(C103<>"",C103<>R103),NOW(),IF(C103="","",L103)) | Q103: =IF(C103="","",IF(OR(K103="",AND(ISNUMBER(Q103),C103=Q103)),Q103,C103)) | R103: =IF(C103="","",IF(OR(L103="",AND(ISNUMBER(R103),C103=R103)),R103,C103))
B104: 2355 | C104: 100 | D104: f-med | E104: =IF(ISNUMBER(SEARCH("v crs",D104))=TRUE,"VC",IF(ISNUMBER(SEARCH("crs",D104))=TRUE,"C",IF(ISNUMBER(SEARCH("med",D104))=TRUE,"M",IF(ISNUMBER(SEARCH("vf",D104))=TRUE,"VF",IF(ISNUMBER(SEARCH("f",D104))=TRUE,"F",""))))) -> M | F104: 100 | G104: mod bri | H104: 128.8 | K104: =IF(AND(C104<>"",C104<>Q104),TODAY(),IF(C104="","",K104)) | L104: =IF(AND(C104<>"",C104<>R104),NOW(),IF(C104="","",L104)) | Q104: =IF(C104="","",IF(OR(K104="",AND(ISNUMBER(Q104),C104=Q104)),Q104,C104)) | R104: =IF(C104="","",IF(OR(L104="",AND(ISNUMBER(R104),C104=R104)),R104,C104))
B105: 2360 | C105: 100 | D105: f-med | E105: =IF(ISNUMBER(SEARCH("v crs",D105))=TRUE,"VC",IF(ISNUMBER(SEARCH("crs",D105))=TRUE,"C",IF(ISNUMBER(SEARCH("med",D105))=TRUE,"M",IF(ISNUMBER(SEARCH("vf",D105))=TRUE,"VF",IF(ISNUMBER(SEARCH("f",D105))=TRUE,"F",""))))) -> M | F105: 100 | G105: mod bri | H105: 109.8 | K105: =IF(AND(C105<>"",C105<>Q105),TODAY(),IF(C105="","",K105)) | L105: =IF(AND(C105<>"",C105<>R105),NOW(),IF(C105="","",L105)) | Q105: =IF(C105="","",IF(OR(K105="",AND(ISNUMBER(Q105),C105=Q105)),Q105,C105)) | R105: =IF(C105="","",IF(OR(L105="",AND(ISNUMBER(R105),C105=R105)),R105,C105))
B106: 2365 | C106: 95 | D106: f-med | E106: =IF(ISNUMBER(SEARCH("v crs",D106))=TRUE,"VC",IF(ISNUMBER(SEARCH("crs",D106))=TRUE,"C",IF(ISNUMBER(SEARCH("med",D106))=TRUE,"M",IF(ISNUMBER(SEARCH("vf",D106))=TRUE,"VF",IF(ISNUMBER(SEARCH("f",D106))=TRUE,"F",""))))) -> M | F106: 100 | G106: mod bri | H106: 109.6 | K106: =IF(AND(C106<>"",C106<>Q106),TODAY(),IF(C106="","",K106)) | L106: =IF(AND(C106<>"",C106<>R106),NOW(),IF(C106="","",L106)) | Q106: =IF(C106="","",IF(OR(K106="",AND(ISNUMBER(Q106),C106=Q106)),Q106,C106)) | R106: =IF(C106="","",IF(OR(L106="",AND(ISNUMBER(R106),C106=R106)),R106,C106))
B107: 2370 | C107: 95 | D107: f-med | E107: =IF(ISNUMBER(SEARCH("v crs",D107))=TRUE,"VC",IF(ISNUMBER(SEARCH("crs",D107))=TRUE,"C",IF(ISNUMBER(SEARCH("med",D107))=TRUE,"M",IF(ISNUMBER(SEARCH("vf",D107))=TRUE,"VF",IF(ISNUMBER(SEARCH("f",D107))=TRUE,"F",""))))) -> M | F107: 100 | G107: mod bri | H107: 117.2 | K107: =IF(AND(C107<>"",C107<>Q107),TODAY(),IF(C107="","",K107)) | L107: =IF(AND(C107<>"",C107<>R107),NOW(),IF(C107="","",L107)) | Q107: =IF(C107="","",IF(OR(K107="",AND(ISNUMBER(Q107),C107=Q107)),Q107,C107)) | R107: =IF(C107="","",IF(OR(L107="",AND(ISNUMBER(R107),C107=R107)),R107,C107))
... B132: 2495 | C132: 100 | D132: f-crs | E132: =IF(ISNUMBER(SEARCH("v crs",D132))=TRUE,"VC",IF(ISNUMBER(SEARCH("crs",D132))=TRUE,"C",IF(ISNUMBER(SEARCH("med",D132))=TRUE,"M",IF(ISNUMBER(SEARCH("vf",D132))=TRUE,"VF",IF(ISNUMBER(SEARCH("f",D132))=TRUE,"F",""))))) -> C | F132: 100 | G132: bri | H132: 61.3 | K132: =IF(AND(C132<>"",C132<>Q132),TODAY(),IF(C132="","",K132)) | L132: =IF(AND(C132<>"",C132<>R132),NOW(),IF(C132="","",L132)) | Q132: =IF(C132="","",IF(OR(K132="",AND(ISNUMBER(Q132),C132=Q132)),Q132,C132)) | R132: =IF(C132="","",IF(OR(L132="",AND(ISNUMBER(R132),C132=R132)),R132,C132))
B133: 2500 | C133: 100 | D133: f-crs | E133: =IF(ISNUMBER(SEARCH("v crs",D133))=TRUE,"VC",IF(ISNUMBER(SEARCH("crs",D133))=TRUE,"C",IF(ISNUMBER(SEARCH("med",D133))=TRUE,"M",IF(ISNUMBER(SEARCH("vf",D133))=TRUE,"VF",IF(ISNUMBER(SEARCH("f",D133))=TRUE,"F",""))))) -> C | F133: 100 | G133: bri | H133: 94.9 | I133: com | K133: =IF(AND(C133<>"",C133<>Q133),TODAY(),IF(C133="","",K133)) | L133: =IF(AND(C133<>"",C133<>R133),NOW(),IF(C133="","",L133)) | Q133: =IF(C133="","",IF(OR(K133="",AND(ISNUMBER(Q133),C133=Q133)),Q133,C133)) | R133: =IF(C133="","",IF(OR(L133="",AND(ISNUMBER(R133),C133=R133)),R133,C133))
B134: 2505 | C134: 80 | D134: f-crs | E134: =IF(ISNUMBER(SEARCH("v crs",D134))=TRUE,"VC",IF(ISNUMBER(SEARCH("crs",D134))=TRUE,"C",IF(ISNUMBER(SEARCH("med",D134))=TRUE,"M",IF(ISNUMBER(SEARCH("vf",D134))=TRUE,"VF",IF(ISNUMBER(SEARCH("f",D134))=TRUE,"F",""))))) -> C | F134: 100 | G134: bri | H134: 92 | K134: =IF(AND(C134<>"",C134<>Q134),TODAY(),IF(C134="","",K134)) | L134: =IF(AND(C134<>"",C134<>R134),NOW(),IF(C134="","",L134)) | Q134: =IF(C134="","",IF(OR(K134="",AND(ISNUMBER(Q134),C134=Q134)),Q134,C134)) | R134: =IF(C134="","",IF(OR(L134="",AND(ISNUMBER(R134),C134=R134)),R134,C134))
B135: 2510 | C135: 80 | D135: f-crs | E135: =IF(ISNUMBER(SEARCH("v crs",D135))=TRUE,"VC",IF(ISNUMBER(SEARCH("crs",D135))=TRUE,"C",IF(ISNUMBER(SEARCH("med",D135))=TRUE,"M",IF(ISNUMBER(SEARCH("vf",D135))=TRUE,"VF",IF(ISNUMBER(SEARCH("f",D135))=TRUE,"F",""))))) -> C | F135: 100 | G135: bri | H135: 84.1 | K135: =IF(AND(C135<>"",C135<>Q135),TODAY(),IF(C135="","",K135)) | L135: =IF(AND(C135<>"",C135<>R135),NOW(),IF(C135="","",L135)) | Q135: =IF(C135="","",IF(OR(K135="",AND(ISNUMBER(Q135),C135=Q135)),Q135,C135)) | R135: =IF(C135="","",IF(OR(L135="",AND(ISNUMBER(R135),C135=R135)),R135,C135))
B136: 2515 | C136: 90 | D136: f-med | E136: =IF(ISNUMBER(SEARCH("v crs",D136))=TRUE,"VC",IF(ISNUMBER(SEARCH("crs",D136))=TRUE,"C",IF(ISNUMBER(SEARCH("med",D136))=TRUE,"M",IF(ISNUMBER(SEARCH("vf",D136))=TRUE,"VF",IF(ISNUMBER(SEARCH("f",D136))=TRUE,"F",""))))) -> M | F136: 100 | G136: bri | H136: 78.3 | K136: =IF(AND(C136<>"",C136<>Q136),TODAY(),IF(C136="","",K136)) | L136: =IF(AND(C136<>"",C136<>R136),NOW(),IF(C136="","",L136)) | Q136: =IF(C136="","",IF(OR(K136="",AND(ISNUMBER(Q136),C136=Q136)),Q136,C136)) | R136: =IF(C136="","",IF(OR(L136="",AND(ISNUMBER(R136),C136=R136)),R136,C136))
B137: 2520 | C137: 90 | D137: f-med | E137: =IF(ISNUMBER(SEARCH("v crs",D137))=TRUE,"VC",IF(ISNUMBER(SEARCH("crs",D137))=TRUE,"C",IF(ISNUMBER(SEARCH("med",D137))=TRUE,"M",IF(ISNUMBER(SEARCH("vf",D137))=TRUE,"VF",IF(ISNUMBER(SEARCH("f",D137))=TRUE,"F",""))))) -> M | F137: 100 | G137: bri | H137: 42.8 | K137: =IF(AND(C137<>"",C137<>Q137),TODAY(),IF(C137="","",K137)) | L137: =IF(AND(C137<>"",C137<>R137),NOW(),IF(C137="","",L137)) | Q137: =IF(C137="","",IF(OR(K137="",AND(ISNUMBER(Q137),C137=Q137)),Q137,C137)) | R137: =IF(C137="","",IF(OR(L137="",AND(ISNUMBER(R137),C137=R137)),R137,C137))
B138: 2525 | C138: 90 | D138: f-med | E138: =IF(ISNUMBER(SEARCH("v crs",D138))=TRUE,"VC",IF(ISNUMBER(SEARCH("crs",D138))=TRUE,"C",IF(ISNUMBER(SEARCH("med",D138))=TRUE,"M",IF(ISNUMBER(SEARCH("vf",D138))=TRUE,"VF",IF(ISNUMBER(SEARCH("f",D138))=TRUE,"F",""))))) -> M | F138: 100 | G138: bri | H138: 105.6 | K138: =IF(AND(C138<>"",C138<>Q138),TODAY(),IF(C138="","",K138)) | L138: =IF(AND(C138<>"",C138<>R138),NOW(),IF(C138="","",L138)) | Q138: =IF(C138="","",IF(OR(K138="",AND(ISNUMBER(Q138),C138=Q138)),Q138,C138)) | R138: =IF(C138="","",IF(OR(L138="",AND(ISNUMBER(R138),C138=R138)),R138,C138))
B139: 2530 | C139: 90 | D139: f-med | E139: =IF(ISNUMBER(SEARCH("v crs",D139))=TRUE,"VC",IF(ISNUMBER(SEARCH("crs",D139))=TRUE,"C",IF(ISNUMBER(SEARCH("med",D139))=TRUE,"M",IF(ISNUMBER(SEARCH("vf",D139))=TRUE,"VF",IF(ISNUMBER(SEARCH("f",D139))=TRUE,"F",""))))) -> M | F139: 100 | G139: bri | H139: 49.7 | I139: tr | K139: =IF(AND(C139<>"",C139<>Q139),TODAY(),IF(C139="","",K139)) | L139: =IF(AND(C139<>"",C139<>R139),NOW(),IF(C139="","",L139)) | Q139: =IF(C139="","",IF(OR(K139="",AND(ISNUMBER(Q139),C139=Q139)),Q139,C139)) | R139: =IF(C139="","",IF(OR(L139="",AND(ISNUMBER(R139),C139=R139)),R139,C139))
B140: 2535 | C140: 90 | D140: f-med | E140: =IF(ISNUMBER(SEARCH("v crs",D140))=TRUE,"VC",IF(ISNUMBER(SEARCH("crs",D140))=TRUE,"C",IF(ISNUMBER(SEARCH("med",D140))=TRUE,"M",IF(ISNUMBER(SEARCH("vf",D140))=TRUE,"VF",IF(ISNUMBER(SEARCH("f",D140))=TRUE,"F",""))))) -> M | F140: 100 | G140: bri | H140: 98.8 | K140: =IF(AND(C140<>"",C140<>Q140),TODAY(),IF(C140="","",K140)) | L140: =IF(AND(C140<>"",C140<>R140),NOW(),IF(C140="","",L140)) | Q140: =IF(C140="","",IF(OR(K140="",AND(ISNUMBER(Q140),C140=Q140)),Q140,C140)) | R140: =IF(C140="","",IF(OR(L140="",AND(ISNUMBER(R140),C140=R140)),R140,C140))
B141: 2540 | C141: 90 | D141: f-med | E141: =IF(ISNUMBER(SEARCH("v crs",D141))=TRUE,"VC",IF(ISNUMBER(SEARCH("crs",D141))=TRUE,"C",IF(ISNUMBER(SEARCH("med",D141))=TRUE,"M",IF(ISNUMBER(SEARCH("vf",D141))=TRUE,"VF",IF(ISNUMBER(SEARCH("f",D141))=TRUE,"F",""))))) -> M | F141: 100 | G141: bri | H141: 101.5 | K141: =IF(AND(C141<>"",C141<>Q141),TODAY(),IF(C141="","",K141)) | L141: =IF(AND(C141<>"",C141<>R141),NOW(),IF(C141="","",L141)) | Q141: =IF(C141="","",IF(OR(K141="",AND(ISNUMBER(Q141),C141=Q141)),Q141,C141)) | R141: =IF(C141="","",IF(OR(L141="",AND(ISNUMBER(R141),C141=R141)),R141,C141))
B142: 2545 | C142: 80 | D142: f-crs | E142: =IF(ISNUMBER(SEARCH("v crs",D142))=TRUE,"VC",IF(ISNUMBER(SEARCH("crs",D142))=TRUE,"C",IF(ISNUMBER(SEARCH("med",D142))=TRUE,"M",IF(ISNUMBER(SEARCH("vf",D142))=TRUE,"VF",IF(ISNUMBER(SEARCH("f",D142))=TRUE,"F",""))))) -> C | F142: 100 | G142: bri | H142: 118.6 | K142: =IF(AND(C142<>"",C142<>Q142),TODAY(),IF(C142="","",K142)) | L142: =IF(AND(C142<>"",C142<>R142),NOW(),IF(C142="","",L142)) | Q142: =IF(C142="","",IF(OR(K142="",AND(ISNUMBER(Q142),C142=Q142)),Q142,C142)) | R142: =IF(C142="","",IF(OR(L142="",AND(ISNUMBER(R142),C142=R142)),R142,C142))
B143: 2550 | C143: 80 | D143: f-crs | E143: =IF(ISNUMBER(SEARCH("v crs",D143))=TRUE,"VC",IF(ISNUMBER(SEARCH("crs",D143))=TRUE,"C",IF(ISNUMBER(SEARCH("med",D143))=TRUE,"M",IF(ISNUMBER(SEARCH("vf",D143))=TRUE,"VF",IF(ISNUMBER(SEARCH("f",D143))=TRUE,"F",""))))) -> C | F143: 100 | G143: bri | H143: 52.8 | K143: =IF(AND(C143<>"",C143<>Q143),TODAY(),IF(C143="","",K143)) | L143: =IF(AND(C143<>"",C143<>R143),NOW(),IF(C143="","",L143)) | Q143: =IF(C143="","",IF(OR(K143="",AND(ISNUMBER(Q143),C143=Q143)),Q143,C143)) | R143: =IF(C143="","",IF(OR(L143="",AND(ISNUMBER(R143),C143=R143)),R143,C143))
B144: 2555 | C144: 95 | D144: f-med | E144: =IF(ISNUMBER(SEARCH("v crs",D144))=TRUE,"VC",IF(ISNUMBER(SEARCH("crs",D144))=TRUE,"C",IF(ISNUMBER(SEARCH("med",D144))=TRUE,"M",IF(ISNUMBER(SEARCH("vf",D144))=TRUE,"VF",IF(ISNUMBER(SEARCH("f",D144))=TRUE,"F",""))))) -> M | F144: 100 | G144: bri | H144: 124.2 | K144: =IF(AND(C144<>"",C144<>Q144),TODAY(),IF(C144="","",K144)) | L144: =IF(AND(C144<>"",C144<>R144),NOW(),IF(C144="","",L144)) | Q144: =IF(C144="","",IF(OR(K144="",AND(ISNUMBER(Q144),C144=Q144)),Q144,C144)) | R144: =IF(C144="","",IF(OR(L144="",AND(ISNUMBER(R144),C144=R144)),R144,C144))
B145: 2560 | C145: 95 | D145: f-med | E145: =IF(ISNUMBER(SEARCH("v crs",D145))=TRUE,"VC",IF(ISNUMBER(SEARCH("crs",D145))=TRUE,"C",IF(ISNUMBER(SEARCH("med",D145))=TRUE,"M",IF(ISNUMBER(SEARCH("vf",D145))=TRUE,"VF",IF(ISNUMBER(SEARCH("f",D145))=TRUE,"F",""))))) -> M | F145: 100 | G145: bri | H145: 105.2 | K145: =IF(AND(C145<>"",C145<>Q145),TODAY(),IF(C145="","",K145)) | L145: =IF(AND(C145<>"",C145<>R145),NOW(),IF(C145="","",L145)) | Q145: =IF(C145="","",IF(OR(K145="",AND(ISNUMBER(Q145),C145=Q145)),Q145,C145)) | R145: =IF(C145="","",IF(OR(L145="",AND(ISNUMBER(R145),C145=R145)),R145,C145))
B146: 2565 | C146: 90 | D146: f-med | E146: =IF(ISNUMBER(SEARCH("v crs",D146))=TRUE,"VC",IF(ISNUMBER(SEARCH("crs",D146))=TRUE,"C",IF(ISNUMBER(SEARCH("med",D146))=TRUE,"M",IF(ISNUMBER(SEARCH("vf",D146))=TRUE,"VF",IF(ISNUMBER(SEARCH("f",D146))=TRUE,"F",""))))) -> M | F146: 100 | G146: bri | H146: 106.3 | K146: =IF(AND(C146<>"",C146<>Q146),TODAY(),IF(C146="","",K146)) | L146: =IF(AND(C146<>"",C146<>R146),NOW(),IF(C146="","",L146)) | Q146: =IF(C146="","",IF(OR(K146="",AND(ISNUMBER(Q146),C146=Q146)),Q146,C146)) | R146: =IF(C146="","",IF(OR(L146="",AND(ISNUMBER(R146),C146=R146)),R146,C146))
B147: 2570 | C147: 90 | D147: f-med | E147: =IF(ISNUMBER(SEARCH("v crs",D147))=TRUE,"VC",IF(ISNUMBER(SEARCH("crs",D147))=TRUE,"C",IF(ISNUMBER(SEARCH("med",D147))=TRUE,"M",IF(ISNUMBER(SEARCH("vf",D147))=TRUE,"VF",IF(ISNUMBER(SEARCH("f",D147))=TRUE,"F",""))))) -> M | F147: 100 | G147: bri | H147: 65.7 | I147: tr | K147: =IF(AND(C147<>"",C147<>Q147),TODAY(),IF(C147="","",K147)) | L147: =IF(AND(C147<>"",C147<>R147),NOW(),IF(C147="","",L147)) | Q147: =IF(C147="","",IF(OR(K147="",AND(ISNUMBER(Q147),C147=Q147)),Q147,C147)) | R147: =IF(C147="","",IF(OR(L147="",AND(ISNUMBER(R147),C147=R147)),R147,C147))
B148: 2575 | C148: 95 | D148: f-med | E148: =IF(ISNUMBER(SEARCH("v crs",D148))=TRUE,"VC",IF(ISNUMBER(SEARCH("crs",D148))=TRUE,"C",IF(ISNUMBER(SEARCH("med",D148))=TRUE,"M",IF(ISNUMBER(SEARCH("vf",D148))=TRUE,"VF",IF(ISNUMBER(SEARCH("f",D148))=TRUE,"F",""))))) -> M | F148: 100 | G148: bri | H148: 118.8 | K148: =IF(AND(C148<>"",C148<>Q148),TODAY(),IF(C148="","",K148)) | L148: =IF(AND(C148<>"",C148<>R148),NOW(),IF(C148="","",L148)) | Q148: =IF(C148="","",IF(OR(K148="",AND(ISNUMBER(Q148),C148=Q148)),Q148,C148)) | R148: =IF(C148="","",IF(OR(L148="",AND(ISNUMBER(R148),C148=R148)),R148,C148))
B149: 2580 | C149: 95 | D149: f-med | E149: =IF(ISNUMBER(SEARCH("v crs",D149))=TRUE,"VC",IF(ISNUMBER(SEARCH("crs",D149))=TRUE,"C",IF(ISNUMBER(SEARCH("med",D149))=TRUE,"M",IF(ISNUMBER(SEARCH("vf",D149))=TRUE,"VF",IF(ISNUMBER(SEARCH("f",D149))=TRUE,"F",""))))) -> M | F149: 100 | G149: bri | H149: 83.2 | K149: =IF(AND(C149<>"",C149<>Q149),TODAY(),IF(C149="","",K149)) | L149: =IF(AND(C149<>"",C149<>R149),NOW(),IF(C149="","",L149)) | Q149: =IF(C149="","",IF(OR(K149="",AND(ISNUMBER(Q149),C149=Q149)),Q149,C149)) | R149: =IF(C149="","",IF(OR(L149="",AND(ISNUMBER(R149),C149=R149)),R149,C149))
B150: 2585 | C150: 95 | D150: f-med | E150: =IF(ISNUMBER(SEARCH("v crs",D150))=TRUE,"VC",IF(ISNUMBER(SEARCH("crs",D150))=TRUE,"C",IF(ISNUMBER(SEARCH("med",D150))=TRUE,"M",IF(ISNUMBER(SEARCH("vf",D150))=TRUE,"VF",IF(ISNUMBER(SEARCH("f",D150))=TRUE,"F",""))))) -> M | F150: 100 | G150: bri | H150: 102.7 | K150: =IF(AND(C150<>"",C150<>Q150),TODAY(),IF(C150="","",K150)) | L150: =IF(AND(C150<>"",C150<>R150),NOW(),IF(C150="","",L150)) | Q150: =IF(C150="","",IF(OR(K150="",AND(ISNUMBER(Q150),C150=Q150)),Q150,C150)) | R150: =IF(C150="","",IF(OR(L150="",AND(ISNUMBER(R150),C150=R150)),R150,C150))
B151: 2590 | C151: 95 | D151: f-med | E151: =IF(ISNUMBER(SEARCH("v crs",D151))=TRUE,"VC",IF(ISNUMBER(SEARCH("crs",D151))=TRUE,"C",IF(ISNUMBER(SEARCH("med",D151))=TRUE,"M",IF(ISNUMBER(SEARCH("vf",D151))=TRUE,"VF",IF(ISNUMBER(SEARCH("f",D151))=TRUE,"F",""))))) -> M | F151: 100 | G151: bri | H151: 75.1 | K151: =IF(AND(C151<>"",C151<>Q151),TODAY(),IF(C151="","",K151)) | L151: =IF(AND(C151<>"",C151<>R151),NOW(),IF(C151="","",L151)) | Q151: =IF(C151="","",IF(OR(K151="",AND(ISNUMBER(Q151),C151=Q151)),Q151,C151)) | R151: =IF(C151="","",IF(OR(L151="",AND(ISNUMBER(R151),C151=R151)),R151,C151))
...

Sheet Long Sample Name
A1: Description
A2: =IF('Input Sheet'!C4="","",CONCATENATE("Sample ", 'Input Sheet'!B4, "m: ", L2, F2, "% ", "Siltstone, ", N2, 'Input Sheet'!C4, "% ", H2, " Sandstone, ", J2, I2, " FLUOR in SST. ", "TG ", 'Input Sheet'!H4, "U")) -> Sample 1715m: trace siderite in 65% Siltstone, 35% fine Sandstone, 5% dim FLUOR in SST. TG 22.6U | F2: =IF('Input Sheet'!C4="","",100-'Input Sheet'!C4) -> 65 | G2: =SUBSTITUTE(SUBSTITUTE(SUBSTITUTE(SUBSTITUTE(SUBSTITUTE(SUBSTITUTE(SUBSTITUTE(SUBSTITUTE(SUBSTITUTE(SUBSTITUTE(SUBSTITUTE(SUBSTITUTE(SUBSTITUTE(SUBSTITUTE(SUBSTITUTE(SUBSTITUTE(SUBSTITUTE(SUBSTITUTE(SUBSTITUTE(SUBSTITUTE(SUBSTITUTE(SUBSTITUTE(SUBSTITUTE(SUBSTITUTE(SUBSTITUTE(SUBSTITUTE(SUBSTITUTE(SUBSTITUTE(SUBSTITUTE(SUBSTITUTE(SUBSTITUTE('Input Sheet'!D4,$C$3,$D$3),$C$4,$D$4),$C$5,$D$5),$C$6,$D$6),$C$7,$D$7),$C$8,$D$8),$C$9,$D$9),$C$10,$D$10),$C$11,$D$11),$C$12,$D$12),$C$13,$D$13),$C$14,$D$14),$C$15,$D$15),$C$16,$D$16),$C$17,$D$17),$C$18,$D$18),$C$19,$D$19),$C$20,$D$20),$C$21,$D$21),$C$22,$D$22),$C$23,$D$23),$C$24,$D$24),$C$25,$D$25),$C$26,$D$26),$C$27,$D$27),$C$28,$D$28),$C$29,$D$29),$C$30,$D$30),$C$31,$D$31),$C$32,$D$32),$C$33,$D$33) -> fine | H2: =SUBSTITUTE(G2, "veryfine", "very fine") -> fine | I2: =SUBSTITUTE(SUBSTITUTE(SUBSTITUTE(SUBSTITUTE(SUBSTITUTE(SUBSTITUTE(SUBSTITUTE(SUBSTITUTE(SUBSTITUTE(SUBSTITUTE(SUBSTITUTE(SUBSTITUTE(SUBSTITUTE(SUBSTITUTE(SUBSTITUTE(SUBSTITUTE(SUBSTITUTE(SUBSTITUTE(SUBSTITUTE(SUBSTITUTE(SUBSTITUTE(SUBSTITUTE(SUBSTITUTE(SUBSTITUTE(SUBSTITUTE(SUBSTITUTE(SUBSTITUTE(SUBSTITUTE(SUBSTITUTE(SUBSTITUTE(SUBSTITUTE('Input Sheet'!G4,$C$3,$D$3),$C$4,$D$4),$C$5,$D$5),$C$6,$D$6),$C$7,$D$7),$C$8,$D$8),$C$9,$D$9),$C$10,$D$10),$C$11,$D$11),$C$12,$D$12),$C$13,$D$13),$C$14,$D$14),$C$15,$D$15),$C$16,$D$16),$C$17,$D$17),$C$18,$D$18),$C$19,$D$19),$C$20,$D$20),$C$21,$D$21),$C$22,$D$22),$C$23,$D$23),$C$24,$D$24),$C$25,$D$25),$C$26,$D$26),$C$27,$D$27),$C$28,$D$28),$C$29,$D$29),$C$30,$D$30),$C$31,$D$31),$C$32,$D$32),$C$33,$D$33) -> dim | J2: =IF('Input Sheet'!F4=0, "NO",CONCATENATE('Input Sheet'!F4, IF('Input Sheet'!F4>0,"% ",""))) -> 5% | K2: =SUBSTITUTE(SUBSTITUTE(SUBSTITUTE(SUBSTITUTE(SUBSTITUTE(SUBSTITUTE(SUBSTITUTE(SUBSTITUTE(SUBSTITUTE(SUBSTITUTE(SUBSTITUTE(SUBSTITUTE(SUBSTITUTE(SUBSTITUTE(SUBSTITUTE(SUBSTITUTE(SUBSTITUTE(SUBSTITUTE(SUBSTITUTE(SUBSTITUTE(SUBSTITUTE(SUBSTITUTE(SUBSTITUTE(SUBSTITUTE(SUBSTITUTE(SUBSTITUTE(SUBSTITUTE(SUBSTITUTE(SUBSTITUTE(SUBSTITUTE(SUBSTITUTE('Input Sheet'!I4,$C$3,$D$3),$C$4,$D$4),$C$5,$D$5),$C$6,$D$6),$C$7,$D$7),$C$8,$D$8),$C$9,$D$9),$C$10,$D$10),$C$11,$D$11),$C$12,$D$12),$C$13,$D$13),$C$14,$D$14),$C$15,$D$15),$C$16,$D$16),$C$17,$D$17),$C$18,$D$18),$C$19,$D$19),$C$20,$D$20),$C$21,$D$21),$C$22,$D$22),$C$23,$D$23),$C$24,$D$24),$C$25,$D$25),$C$26,$D$26),$C$27,$D$27),$C$28,$D$28),$C$29,$D$29),$C$30,$D$30),$C$31,$D$31),$C$32,$D$32),$C$33,$D$33) -> trace | L2: =CONCATENATE(K2, IF('Input Sheet'!I4="",""," siderite in ")) -> trace siderite in | M2: =SUBSTITUTE(SUBSTITUTE(SUBSTITUTE(SUBSTITUTE(SUBSTITUTE(SUBSTITUTE(SUBSTITUTE(SUBSTITUTE(SUBSTITUTE(SUBSTITUTE(SUBSTITUTE(SUBSTITUTE(SUBSTITUTE(SUBSTITUTE(SUBSTITUTE(SUBSTITUTE(SUBSTITUTE(SUBSTITUTE(SUBSTITUTE(SUBSTITUTE(SUBSTITUTE(SUBSTITUTE(SUBSTITUTE(SUBSTITUTE(SUBSTITUTE(SUBSTITUTE(SUBSTITUTE(SUBSTITUTE(SUBSTITUTE(SUBSTITUTE(SUBSTITUTE('Input Sheet'!J4,$C$3,$D$3),$C$4,$D$4),$C$5,$D$5),$C$6,$D$6),$C$7,$D$7),$C$8,$D$8),$C$9,$D$9),$C$10,$D$10),$C$11,$D$11),$C$12,$D$12),$C$13,$D$13),$C$14,$D$14),$C$15,$D$15),$C$16,$D$16),$C$17,$D$17),$C$18,$D$18),$C$19,$D$19),$C$20,$D$20),$C$21,$D$21),$C$22,$D$22),$C$23,$D$23),$C$24,$D$24),$C$25,$D$25),$C$26,$D$26),$C$27,$D$27),$C$28,$D$28),$C$29,$D$29),$C$30,$D$30),$C$31,$D$31),$C$32,$D$32),$C$33,$D$33) | N2: =CONCATENATE(M2, IF('Input Sheet'!J4="",""," siderite in "))
A3: =IF('Input Sheet'!C5="","",CONCATENATE("Sample ", 'Input Sheet'!B5, "m: ", L3, F3, "% ", "Siltstone, ", N3, 'Input Sheet'!C5, "% ", H3, " Sandstone, ", J3, I3, " FLUOR in SST. ", "TG ", 'Input Sheet'!H5, "U")) -> Sample 1720m: 65% Siltstone, 35% fine Sandstone, 5% dim FLUOR in SST. TG 22.6U | F3: =IF('Input Sheet'!C5="","",100-'Input Sheet'!C5) -> 65 | G3: =SUBSTITUTE(SUBSTITUTE(SUBSTITUTE(SUBSTITUTE(SUBSTITUTE(SUBSTITUTE(SUBSTITUTE(SUBSTITUTE(SUBSTITUTE(SUBSTITUTE(SUBSTITUTE(SUBSTITUTE(SUBSTITUTE(SUBSTITUTE(SUBSTITUTE(SUBSTITUTE(SUBSTITUTE(SUBSTITUTE(SUBSTITUTE(SUBSTITUTE(SUBSTITUTE(SUBSTITUTE(SUBSTITUTE(SUBSTITUTE(SUBSTITUTE(SUBSTITUTE(SUBSTITUTE(SUBSTITUTE(SUBSTITUTE(SUBSTITUTE(SUBSTITUTE('Input Sheet'!D5,$C$3,$D$3),$C$4,$D$4),$C$5,$D$5),$C$6,$D$6),$C$7,$D$7),$C$8,$D$8),$C$9,$D$9),$C$10,$D$10),$C$11,$D$11),$C$12,$D$12),$C$13,$D$13),$C$14,$D$14),$C$15,$D$15),$C$16,$D$16),$C$17,$D$17),$C$18,$D$18),$C$19,$D$19),$C$20,$D$20),$C$21,$D$21),$C$22,$D$22),$C$23,$D$23),$C$24,$D$24),$C$25,$D$25),$C$26,$D$26),$C$27,$D$27),$C$28,$D$28),$C$29,$D$29),$C$30,$D$30),$C$31,$D$31),$C$32,$D$32),$C$33,$D$33) -> fine | H3: =SUBSTITUTE(G3, "veryfine", "very fine") -> fine | I3: =SUBSTITUTE(SUBSTITUTE(SUBSTITUTE(SUBSTITUTE(SUBSTITUTE(SUBSTITUTE(SUBSTITUTE(SUBSTITUTE(SUBSTITUTE(SUBSTITUTE(SUBSTITUTE(SUBSTITUTE(SUBSTITUTE(SUBSTITUTE(SUBSTITUTE(SUBSTITUTE(SUBSTITUTE(SUBSTITUTE(SUBSTITUTE(SUBSTITUTE(SUBSTITUTE(SUBSTITUTE(SUBSTITUTE(SUBSTITUTE(SUBSTITUTE(SUBSTITUTE(SUBSTITUTE(SUBSTITUTE(SUBSTITUTE(SUBSTITUTE(SUBSTITUTE('Input Sheet'!G5,$C$3,$D$3),$C$4,$D$4),$C$5,$D$5),$C$6,$D$6),$C$7,$D$7),$C$8,$D$8),$C$9,$D$9),$C$10,$D$10),$C$11,$D$11),$C$12,$D$12),$C$13,$D$13),$C$14,$D$14),$C$15,$D$15),$C$16,$D$16),$C$17,$D$17),$C$18,$D$18),$C$19,$D$19),$C$20,$D$20),$C$21,$D$21),$C$22,$D$22),$C$23,$D$23),$C$24,$D$24),$C$25,$D$25),$C$26,$D$26),$C$27,$D$27),$C$28,$D$28),$C$29,$D$29),$C$30,$D$30),$C$31,$D$31),$C$32,$D$32),$C$33,$D$33) -> dim | J3: =IF('Input Sheet'!F5=0, "NO",CONCATENATE('Input Sheet'!F5, IF('Input Sheet'!F5>0,"% ",""))) -> 5% | K3: =SUBSTITUTE(SUBSTITUTE(SUBSTITUTE(SUBSTITUTE(SUBSTITUTE(SUBSTITUTE(SUBSTITUTE(SUBSTITUTE(SUBSTITUTE(SUBSTITUTE(SUBSTITUTE(SUBSTITUTE(SUBSTITUTE(SUBSTITUTE(SUBSTITUTE(SUBSTITUTE(SUBSTITUTE(SUBSTITUTE(SUBSTITUTE(SUBSTITUTE(SUBSTITUTE(SUBSTITUTE(SUBSTITUTE(SUBSTITUTE(SUBSTITUTE(SUBSTITUTE(SUBSTITUTE(SUBSTITUTE(SUBSTITUTE(SUBSTITUTE(SUBSTITUTE('Input Sheet'!I5,$C$3,$D$3),$C$4,$D$4),$C$5,$D$5),$C$6,$D$6),$C$7,$D$7),$C$8,$D$8),$C$9,$D$9),$C$10,$D$10),$C$11,$D$11),$C$12,$D$12),$C$13,$D$13),$C$14,$D$14),$C$15,$D$15),$C$16,$D$16),$C$17,$D$17),$C$18,$D$18),$C$19,$D$19),$C$20,$D$20),$C$21,$D$21),$C$22,$D$22),$C$23,$D$23),$C$24,$D$24),$C$25,$D$25),$C$26,$D$26),$C$27,$D$27),$C$28,$D$28),$C$29,$D$29),$C$30,$D$30),$C$31,$D$31),$C$32,$D$32),$C$33,$D$33) | L3: =CONCATENATE(K3, IF('Input Sheet'!I5="",""," siderite in ")) | M3: =SUBSTITUTE(SUBSTITUTE(SUBSTITUTE(SUBSTITUTE(SUBSTITUTE(SUBSTITUTE(SUBSTITUTE(SUBSTITUTE(SUBSTITUTE(SUBSTITUTE(SUBSTITUTE(SUBSTITUTE(SUBSTITUTE(SUBSTITUTE(SUBSTITUTE(SUBSTITUTE(SUBSTITUTE(SUBSTITUTE(SUBSTITUTE(SUBSTITUTE(SUBSTITUTE(SUBSTITUTE(SUBSTITUTE(SUBSTITUTE(SUBSTITUTE(SUBSTITUTE(SUBSTITUTE(SUBSTITUTE(SUBSTITUTE(SUBSTITUTE(SUBSTITUTE('Input Sheet'!J5,$C$3,$D$3),$C$4,$D$4),$C$5,$D$5),$C$6,$D$6),$C$7,$D$7),$C$8,$D$8),$C$9,$D$9),$C$10,$D$10),$C$11,$D$11),$C$12,$D$12),$C$13,$D$13),$C$14,$D$14),$C$15,$D$15),$C$16,$D$16),$C$17,$D$17),$C$18,$D$18),$C$19,$D$19),$C$20,$D$20),$C$21,$D$21),$C$22,$D$22),$C$23,$D$23),$C$24,$D$24),$C$25,$D$25),$C$26,$D$26),$C$27,$D$27),$C$28,$D$28),$C$29,$D$29),$C$30,$D$30),$C$31,$D$31),$C$32,$D$32),$C$33,$D$33) | N3: =CONCATENATE(M3, IF('Input Sheet'!J5="",""," siderite in "))
A4: =IF('Input Sheet'!C6="","",CONCATENATE("Sample ", 'Input Sheet'!B6, "m: ", L4, F4, "% ", "Siltstone, ", N4, 'Input Sheet'!C6, "% ", H4, " Sandstone, ", J4, I4, " FLUOR in SST. ", "TG ", 'Input Sheet'!H6, "U")) -> Sample 1785m: 60% Siltstone, 40% fine Sandstone, 100% dim FLUOR in SST. TG 39.4U | C4: f | D4: fine | F4: =IF('Input Sheet'!C6="","",100-'Input Sheet'!C6) -> 60 | G4: =SUBSTITUTE(SUBSTITUTE(SUBSTITUTE(SUBSTITUTE(SUBSTITUTE(SUBSTITUTE(SUBSTITUTE(SUBSTITUTE(SUBSTITUTE(SUBSTITUTE(SUBSTITUTE(SUBSTITUTE(SUBSTITUTE(SUBSTITUTE(SUBSTITUTE(SUBSTITUTE(SUBSTITUTE(SUBSTITUTE(SUBSTITUTE(SUBSTITUTE(SUBSTITUTE(SUBSTITUTE(SUBSTITUTE(SUBSTITUTE(SUBSTITUTE(SUBSTITUTE(SUBSTITUTE(SUBSTITUTE(SUBSTITUTE(SUBSTITUTE(SUBSTITUTE('Input Sheet'!D6,$C$3,$D$3),$C$4,$D$4),$C$5,$D$5),$C$6,$D$6),$C$7,$D$7),$C$8,$D$8),$C$9,$D$9),$C$10,$D$10),$C$11,$D$11),$C$12,$D$12),$C$13,$D$13),$C$14,$D$14),$C$15,$D$15),$C$16,$D$16),$C$17,$D$17),$C$18,$D$18),$C$19,$D$19),$C$20,$D$20),$C$21,$D$21),$C$22,$D$22),$C$23,$D$23),$C$24,$D$24),$C$25,$D$25),$C$26,$D$26),$C$27,$D$27),$C$28,$D$28),$C$29,$D$29),$C$30,$D$30),$C$31,$D$31),$C$32,$D$32),$C$33,$D$33) -> fine | H4: =SUBSTITUTE(G4, "veryfine", "very fine") -> fine | I4: =SUBSTITUTE(SUBSTITUTE(SUBSTITUTE(SUBSTITUTE(SUBSTITUTE(SUBSTITUTE(SUBSTITUTE(SUBSTITUTE(SUBSTITUTE(SUBSTITUTE(SUBSTITUTE(SUBSTITUTE(SUBSTITUTE(SUBSTITUTE(SUBSTITUTE(SUBSTITUTE(SUBSTITUTE(SUBSTITUTE(SUBSTITUTE(SUBSTITUTE(SUBSTITUTE(SUBSTITUTE(SUBSTITUTE(SUBSTITUTE(SUBSTITUTE(SUBSTITUTE(SUBSTITUTE(SUBSTITUTE(SUBSTITUTE(SUBSTITUTE(SUBSTITUTE('Input Sheet'!G6,$C$3,$D$3),$C$4,$D$4),$C$5,$D$5),$C$6,$D$6),$C$7,$D$7),$C$8,$D$8),$C$9,$D$9),$C$10,$D$10),$C$11,$D$11),$C$12,$D$12),$C$13,$D$13),$C$14,$D$14),$C$15,$D$15),$C$16,$D$16),$C$17,$D$17),$C$18,$D$18),$C$19,$D$19),$C$20,$D$20),$C$21,$D$21),$C$22,$D$22),$C$23,$D$23),$C$24,$D$24),$C$25,$D$25),$C$26,$D$26),$C$27,$D$27),$C$28,$D$28),$C$29,$D$29),$C$30,$D$30),$C$31,$D$31),$C$32,$D$32),$C$33,$D$33) -> dim | J4: =IF('Input Sheet'!F6=0, "NO",CONCATENATE('Input Sheet'!F6, IF('Input Sheet'!F6>0,"% ",""))) -> 100% | K4: =SUBSTITUTE(SUBSTITUTE(SUBSTITUTE(SUBSTITUTE(SUBSTITUTE(SUBSTITUTE(SUBSTITUTE(SUBSTITUTE(SUBSTITUTE(SUBSTITUTE(SUBSTITUTE(SUBSTITUTE(SUBSTITUTE(SUBSTITUTE(SUBSTITUTE(SUBSTITUTE(SUBSTITUTE(SUBSTITUTE(SUBSTITUTE(SUBSTITUTE(SUBSTITUTE(SUBSTITUTE(SUBSTITUTE(SUBSTITUTE(SUBSTITUTE(SUBSTITUTE(SUBSTITUTE(SUBSTITUTE(SUBSTITUTE(SUBSTITUTE(SUBSTITUTE('Input Sheet'!I6,$C$3,$D$3),$C$4,$D$4),$C$5,$D$5),$C$6,$D$6),$C$7,$D$7),$C$8,$D$8),$C$9,$D$9),$C$10,$D$10),$C$11,$D$11),$C$12,$D$12),$C$13,$D$13),$C$14,$D$14),$C$15,$D$15),$C$16,$D$16),$C$17,$D$17),$C$18,$D$18),$C$19,$D$19),$C$20,$D$20),$C$21,$D$21),$C$22,$D$22),$C$23,$D$23),$C$24,$D$24),$C$25,$D$25),$C$26,$D$26),$C$27,$D$27),$C$28,$D$28),$C$29,$D$29),$C$30,$D$30),$C$31,$D$31),$C$32,$D$32),$C$33,$D$33) | L4: =CONCATENATE(K4, IF('Input Sheet'!I6="",""," siderite in ")) | M4: =SUBSTITUTE(SUBSTITUTE(SUBSTITUTE(SUBSTITUTE(SUBSTITUTE(SUBSTITUTE(SUBSTITUTE(SUBSTITUTE(SUBSTITUTE(SUBSTITUTE(SUBSTITUTE(SUBSTITUTE(SUBSTITUTE(SUBSTITUTE(SUBSTITUTE(SUBSTITUTE(SUBSTITUTE(SUBSTITUTE(SUBSTITUTE(SUBSTITUTE(SUBSTITUTE(SUBSTITUTE(SUBSTITUTE(SUBSTITUTE(SUBSTITUTE(SUBSTITUTE(SUBSTITUTE(SUBSTITUTE(SUBSTITUTE(SUBSTITUTE(SUBSTITUTE('Input Sheet'!J6,$C$3,$D$3),$C$4,$D$4),$C$5,$D$5),$C$6,$D$6),$C$7,$D$7),$C$8,$D$8),$C$9,$D$9),$C$10,$D$10),$C$11,$D$11),$C$12,$D$12),$C$13,$D$13),$C$14,$D$14),$C$15,$D$15),$C$16,$D$16),$C$17,$D$17),$C$18,$D$18),$C$19,$D$19),$C$20,$D$20),$C$21,$D$21),$C$22,$D$22),$C$23,$D$23),$C$24,$D$24),$C$25,$D$25),$C$26,$D$26),$C$27,$D$27),$C$28,$D$28),$C$29,$D$29),$C$30,$D$30),$C$31,$D$31),$C$32,$D$32),$C$33,$D$33) | N4: =CONCATENATE(M4, IF('Input Sheet'!J6="",""," siderite in "))
A5: =IF('Input Sheet'!C7="","",CONCATENATE("Sample ", 'Input Sheet'!B7, "m: ", L5, F5, "% ", "Siltstone, ", N5, 'Input Sheet'!C7, "% ", H5, " Sandstone, ", J5, I5, " FLUOR in SST. ", "TG ", 'Input Sheet'!H7, "U")) -> Sample 1790m: 60% Siltstone, 40% fine Sandstone, 100% dim FLUOR in SST. TG 24U | C5: med | D5: medium | F5: =IF('Input Sheet'!C7="","",100-'Input Sheet'!C7) -> 60 | G5: =SUBSTITUTE(SUBSTITUTE(SUBSTITUTE(SUBSTITUTE(SUBSTITUTE(SUBSTITUTE(SUBSTITUTE(SUBSTITUTE(SUBSTITUTE(SUBSTITUTE(SUBSTITUTE(SUBSTITUTE(SUBSTITUTE(SUBSTITUTE(SUBSTITUTE(SUBSTITUTE(SUBSTITUTE(SUBSTITUTE(SUBSTITUTE(SUBSTITUTE(SUBSTITUTE(SUBSTITUTE(SUBSTITUTE(SUBSTITUTE(SUBSTITUTE(SUBSTITUTE(SUBSTITUTE(SUBSTITUTE(SUBSTITUTE(SUBSTITUTE(SUBSTITUTE('Input Sheet'!D7,$C$3,$D$3),$C$4,$D$4),$C$5,$D$5),$C$6,$D$6),$C$7,$D$7),$C$8,$D$8),$C$9,$D$9),$C$10,$D$10),$C$11,$D$11),$C$12,$D$12),$C$13,$D$13),$C$14,$D$14),$C$15,$D$15),$C$16,$D$16),$C$17,$D$17),$C$18,$D$18),$C$19,$D$19),$C$20,$D$20),$C$21,$D$21),$C$22,$D$22),$C$23,$D$23),$C$24,$D$24),$C$25,$D$25),$C$26,$D$26),$C$27,$D$27),$C$28,$D$28),$C$29,$D$29),$C$30,$D$30),$C$31,$D$31),$C$32,$D$32),$C$33,$D$33) -> fine | H5: =SUBSTITUTE(G5, "veryfine", "very fine") -> fine | I5: =SUBSTITUTE(SUBSTITUTE(SUBSTITUTE(SUBSTITUTE(SUBSTITUTE(SUBSTITUTE(SUBSTITUTE(SUBSTITUTE(SUBSTITUTE(SUBSTITUTE(SUBSTITUTE(SUBSTITUTE(SUBSTITUTE(SUBSTITUTE(SUBSTITUTE(SUBSTITUTE(SUBSTITUTE(SUBSTITUTE(SUBSTITUTE(SUBSTITUTE(SUBSTITUTE(SUBSTITUTE(SUBSTITUTE(SUBSTITUTE(SUBSTITUTE(SUBSTITUTE(SUBSTITUTE(SUBSTITUTE(SUBSTITUTE(SUBSTITUTE(SUBSTITUTE('Input Sheet'!G7,$C$3,$D$3),$C$4,$D$4),$C$5,$D$5),$C$6,$D$6),$C$7,$D$7),$C$8,$D$8),$C$9,$D$9),$C$10,$D$10),$C$11,$D$11),$C$12,$D$12),$C$13,$D$13),$C$14,$D$14),$C$15,$D$15),$C$16,$D$16),$C$17,$D$17),$C$18,$D$18),$C$19,$D$19),$C$20,$D$20),$C$21,$D$21),$C$22,$D$22),$C$23,$D$23),$C$24,$D$24),$C$25,$D$25),$C$26,$D$26),$C$27,$D$27),$C$28,$D$28),$C$29,$D$29),$C$30,$D$30),$C$31,$D$31),$C$32,$D$32),$C$33,$D$33) -> dim | J5: =IF('Input Sheet'!F7=0, "NO",CONCATENATE('Input Sheet'!F7, IF('Input Sheet'!F7>0,"% ",""))) -> 100% | K5: =SUBSTITUTE(SUBSTITUTE(SUBSTITUTE(SUBSTITUTE(SUBSTITUTE(SUBSTITUTE(SUBSTITUTE(SUBSTITUTE(SUBSTITUTE(SUBSTITUTE(SUBSTITUTE(SUBSTITUTE(SUBSTITUTE(SUBSTITUTE(SUBSTITUTE(SUBSTITUTE(SUBSTITUTE(SUBSTITUTE(SUBSTITUTE(SUBSTITUTE(SUBSTITUTE(SUBSTITUTE(SUBSTITUTE(SUBSTITUTE(SUBSTITUTE(SUBSTITUTE(SUBSTITUTE(SUBSTITUTE(SUBSTITUTE(SUBSTITUTE(SUBSTITUTE('Input Sheet'!I7,$C$3,$D$3),$C$4,$D$4),$C$5,$D$5),$C$6,$D$6),$C$7,$D$7),$C$8,$D$8),$C$9,$D$9),$C$10,$D$10),$C$11,$D$11),$C$12,$D$12),$C$13,$D$13),$C$14,$D$14),$C$15,$D$15),$C$16,$D$16),$C$17,$D$17),$C$18,$D$18),$C$19,$D$19),$C$20,$D$20),$C$21,$D$21),$C$22,$D$22),$C$23,$D$23),$C$24,$D$24),$C$25,$D$25),$C$26,$D$26),$C$27,$D$27),$C$28,$D$28),$C$29,$D$29),$C$30,$D$30),$C$31,$D$31),$C$32,$D$32),$C$33,$D$33) | L5: =CONCATENATE(K5, IF('Input Sheet'!I7="",""," siderite in ")) | M5: =SUBSTITUTE(SUBSTITUTE(SUBSTITUTE(SUBSTITUTE(SUBSTITUTE(SUBSTITUTE(SUBSTITUTE(SUBSTITUTE(SUBSTITUTE(SUBSTITUTE(SUBSTITUTE(SUBSTITUTE(SUBSTITUTE(SUBSTITUTE(SUBSTITUTE(SUBSTITUTE(SUBSTITUTE(SUBSTITUTE(SUBSTITUTE(SUBSTITUTE(SUBSTITUTE(SUBSTITUTE(SUBSTITUTE(SUBSTITUTE(SUBSTITUTE(SUBSTITUTE(SUBSTITUTE(SUBSTITUTE(SUBSTITUTE(SUBSTITUTE(SUBSTITUTE('Input Sheet'!J7,$C$3,$D$3),$C$4,$D$4),$C$5,$D$5),$C$6,$D$6),$C$7,$D$7),$C$8,$D$8),$C$9,$D$9),$C$10,$D$10),$C$11,$D$11),$C$12,$D$12),$C$13,$D$13),$C$14,$D$14),$C$15,$D$15),$C$16,$D$16),$C$17,$D$17),$C$18,$D$18),$C$19,$D$19),$C$20,$D$20),$C$21,$D$21),$C$22,$D$22),$C$23,$D$23),$C$24,$D$24),$C$25,$D$25),$C$26,$D$26),$C$27,$D$27),$C$28,$D$28),$C$29,$D$29),$C$30,$D$30),$C$31,$D$31),$C$32,$D$32),$C$33,$D$33) | N5: =CONCATENATE(M5, IF('Input Sheet'!J7="",""," siderite in "))
A6: =IF('Input Sheet'!C8="","",CONCATENATE("Sample ", 'Input Sheet'!B8, "m: ", L6, F6, "% ", "Siltstone, ", N6, 'Input Sheet'!C8, "% ", H6, " Sandstone, ", J6, I6, " FLUOR in SST. ", "TG ", 'Input Sheet'!H8, "U")) -> Sample 1795m: 20% Siltstone, 80% fine Sandstone, 100% dim FLUOR in SST. TG 26.4U | C6: crs | D6: coarse | F6: =IF('Input Sheet'!C8="","",100-'Input Sheet'!C8) -> 20 | G6: =SUBSTITUTE(SUBSTITUTE(SUBSTITUTE(SUBSTITUTE(SUBSTITUTE(SUBSTITUTE(SUBSTITUTE(SUBSTITUTE(SUBSTITUTE(SUBSTITUTE(SUBSTITUTE(SUBSTITUTE(SUBSTITUTE(SUBSTITUTE(SUBSTITUTE(SUBSTITUTE(SUBSTITUTE(SUBSTITUTE(SUBSTITUTE(SUBSTITUTE(SUBSTITUTE(SUBSTITUTE(SUBSTITUTE(SUBSTITUTE(SUBSTITUTE(SUBSTITUTE(SUBSTITUTE(SUBSTITUTE(SUBSTITUTE(SUBSTITUTE(SUBSTITUTE('Input Sheet'!D8,$C$3,$D$3),$C$4,$D$4),$C$5,$D$5),$C$6,$D$6),$C$7,$D$7),$C$8,$D$8),$C$9,$D$9),$C$10,$D$10),$C$11,$D$11),$C$12,$D$12),$C$13,$D$13),$C$14,$D$14),$C$15,$D$15),$C$16,$D$16),$C$17,$D$17),$C$18,$D$18),$C$19,$D$19),$C$20,$D$20),$C$21,$D$21),$C$22,$D$22),$C$23,$D$23),$C$24,$D$24),$C$25,$D$25),$C$26,$D$26),$C$27,$D$27),$C$28,$D$28),$C$29,$D$29),$C$30,$D$30),$C$31,$D$31),$C$32,$D$32),$C$33,$D$33) -> fine | H6: =SUBSTITUTE(G6, "veryfine", "very fine") -> fine | I6: =SUBSTITUTE(SUBSTITUTE(SUBSTITUTE(SUBSTITUTE(SUBSTITUTE(SUBSTITUTE(SUBSTITUTE(SUBSTITUTE(SUBSTITUTE(SUBSTITUTE(SUBSTITUTE(SUBSTITUTE(SUBSTITUTE(SUBSTITUTE(SUBSTITUTE(SUBSTITUTE(SUBSTITUTE(SUBSTITUTE(SUBSTITUTE(SUBSTITUTE(SUBSTITUTE(SUBSTITUTE(SUBSTITUTE(SUBSTITUTE(SUBSTITUTE(SUBSTITUTE(SUBSTITUTE(SUBSTITUTE(SUBSTITUTE(SUBSTITUTE(SUBSTITUTE('Input Sheet'!G8,$C$3,$D$3),$C$4,$D$4),$C$5,$D$5),$C$6,$D$6),$C$7,$D$7),$C$8,$D$8),$C$9,$D$9),$C$10,$D$10),$C$11,$D$11),$C$12,$D$12),$C$13,$D$13),$C$14,$D$14),$C$15,$D$15),$C$16,$D$16),$C$17,$D$17),$C$18,$D$18),$C$19,$D$19),$C$20,$D$20),$C$21,$D$21),$C$22,$D$22),$C$23,$D$23),$C$24,$D$24),$C$25,$D$25),$C$26,$D$26),$C$27,$D$27),$C$28,$D$28),$C$29,$D$29),$C$30,$D$30),$C$31,$D$31),$C$32,$D$32),$C$33,$D$33) -> dim | J6: =IF('Input Sheet'!F8=0, "NO",CONCATENATE('Input Sheet'!F8, IF('Input Sheet'!F8>0,"% ",""))) -> 100% | K6: =SUBSTITUTE(SUBSTITUTE(SUBSTITUTE(SUBSTITUTE(SUBSTITUTE(SUBSTITUTE(SUBSTITUTE(SUBSTITUTE(SUBSTITUTE(SUBSTITUTE(SUBSTITUTE(SUBSTITUTE(SUBSTITUTE(SUBSTITUTE(SUBSTITUTE(SUBSTITUTE(SUBSTITUTE(SUBSTITUTE(SUBSTITUTE(SUBSTITUTE(SUBSTITUTE(SUBSTITUTE(SUBSTITUTE(SUBSTITUTE(SUBSTITUTE(SUBSTITUTE(SUBSTITUTE(SUBSTITUTE(SUBSTITUTE(SUBSTITUTE(SUBSTITUTE('Input Sheet'!I8,$C$3,$D$3),$C$4,$D$4),$C$5,$D$5),$C$6,$D$6),$C$7,$D$7),$C$8,$D$8),$C$9,$D$9),$C$10,$D$10),$C$11,$D$11),$C$12,$D$12),$C$13,$D$13),$C$14,$D$14),$C$15,$D$15),$C$16,$D$16),$C$17,$D$17),$C$18,$D$18),$C$19,$D$19),$C$20,$D$20),$C$21,$D$21),$C$22,$D$22),$C$23,$D$23),$C$24,$D$24),$C$25,$D$25),$C$26,$D$26),$C$27,$D$27),$C$28,$D$28),$C$29,$D$29),$C$30,$D$30),$C$31,$D$31),$C$32,$D$32),$C$33,$D$33) | L6: =CONCATENATE(K6, IF('Input Sheet'!I8="",""," siderite in ")) | M6: =SUBSTITUTE(SUBSTITUTE(SUBSTITUTE(SUBSTITUTE(SUBSTITUTE(SUBSTITUTE(SUBSTITUTE(SUBSTITUTE(SUBSTITUTE(SUBSTITUTE(SUBSTITUTE(SUBSTITUTE(SUBSTITUTE(SUBSTITUTE(SUBSTITUTE(SUBSTITUTE(SUBSTITUTE(SUBSTITUTE(SUBSTITUTE(SUBSTITUTE(SUBSTITUTE(SUBSTITUTE(SUBSTITUTE(SUBSTITUTE(SUBSTITUTE(SUBSTITUTE(SUBSTITUTE(SUBSTITUTE(SUBSTITUTE(SUBSTITUTE(SUBSTITUTE('Input Sheet'!J8,$C$3,$D$3),$C$4,$D$4),$C$5,$D$5),$C$6,$D$6),$C$7,$D$7),$C$8,$D$8),$C$9,$D$9),$C$10,$D$10),$C$11,$D$11),$C$12,$D$12),$C$13,$D$13),$C$14,$D$14),$C$15,$D$15),$C$16,$D$16),$C$17,$D$17),$C$18,$D$18),$C$19,$D$19),$C$20,$D$20),$C$21,$D$21),$C$22,$D$22),$C$23,$D$23),$C$24,$D$24),$C$25,$D$25),$C$26,$D$26),$C$27,$D$27),$C$28,$D$28),$C$29,$D$29),$C$30,$D$30),$C$31,$D$31),$C$32,$D$32),$C$33,$D$33) | N6: =CONCATENATE(M6, IF('Input Sheet'!J8="",""," siderite in "))
A7: =IF('Input Sheet'!C9="","",CONCATENATE("Sample ", 'Input Sheet'!B9, "m: ", L7, F7, "% ", "Siltstone, ", N7, 'Input Sheet'!C9, "% ", H7, " Sandstone, ", J7, I7, " FLUOR in SST. ", "TG ", 'Input Sheet'!H9, "U")) -> Sample 1800m: 40% Siltstone, 60% fine Sandstone, 100% dim FLUOR in SST. TG 20.4U | C7: v | D7: very | F7: =IF('Input Sheet'!C9="","",100-'Input Sheet'!C9) -> 40 | G7: =SUBSTITUTE(SUBSTITUTE(SUBSTITUTE(SUBSTITUTE(SUBSTITUTE(SUBSTITUTE(SUBSTITUTE(SUBSTITUTE(SUBSTITUTE(SUBSTITUTE(SUBSTITUTE(SUBSTITUTE(SUBSTITUTE(SUBSTITUTE(SUBSTITUTE(SUBSTITUTE(SUBSTITUTE(SUBSTITUTE(SUBSTITUTE(SUBSTITUTE(SUBSTITUTE(SUBSTITUTE(SUBSTITUTE(SUBSTITUTE(SUBSTITUTE(SUBSTITUTE(SUBSTITUTE(SUBSTITUTE(SUBSTITUTE(SUBSTITUTE(SUBSTITUTE('Input Sheet'!D9,$C$3,$D$3),$C$4,$D$4),$C$5,$D$5),$C$6,$D$6),$C$7,$D$7),$C$8,$D$8),$C$9,$D$9),$C$10,$D$10),$C$11,$D$11),$C$12,$D$12),$C$13,$D$13),$C$14,$D$14),$C$15,$D$15),$C$16,$D$16),$C$17,$D$17),$C$18,$D$18),$C$19,$D$19),$C$20,$D$20),$C$21,$D$21),$C$22,$D$22),$C$23,$D$23),$C$24,$D$24),$C$25,$D$25),$C$26,$D$26),$C$27,$D$27),$C$28,$D$28),$C$29,$D$29),$C$30,$D$30),$C$31,$D$31),$C$32,$D$32),$C$33,$D$33) -> fine | H7: =SUBSTITUTE(G7, "veryfine", "very fine") -> fine | I7: =SUBSTITUTE(SUBSTITUTE(SUBSTITUTE(SUBSTITUTE(SUBSTITUTE(SUBSTITUTE(SUBSTITUTE(SUBSTITUTE(SUBSTITUTE(SUBSTITUTE(SUBSTITUTE(SUBSTITUTE(SUBSTITUTE(SUBSTITUTE(SUBSTITUTE(SUBSTITUTE(SUBSTITUTE(SUBSTITUTE(SUBSTITUTE(SUBSTITUTE(SUBSTITUTE(SUBSTITUTE(SUBSTITUTE(SUBSTITUTE(SUBSTITUTE(SUBSTITUTE(SUBSTITUTE(SUBSTITUTE(SUBSTITUTE(SUBSTITUTE(SUBSTITUTE('Input Sheet'!G9,$C$3,$D$3),$C$4,$D$4),$C$5,$D$5),$C$6,$D$6),$C$7,$D$7),$C$8,$D$8),$C$9,$D$9),$C$10,$D$10),$C$11,$D$11),$C$12,$D$12),$C$13,$D$13),$C$14,$D$14),$C$15,$D$15),$C$16,$D$16),$C$17,$D$17),$C$18,$D$18),$C$19,$D$19),$C$20,$D$20),$C$21,$D$21),$C$22,$D$22),$C$23,$D$23),$C$24,$D$24),$C$25,$D$25),$C$26,$D$26),$C$27,$D$27),$C$28,$D$28),$C$29,$D$29),$C$30,$D$30),$C$31,$D$31),$C$32,$D$32),$C$33,$D$33) -> dim | J7: =IF('Input Sheet'!F9=0, "NO",CONCATENATE('Input Sheet'!F9, IF('Input Sheet'!F9>0,"% ",""))) -> 100% | K7: =SUBSTITUTE(SUBSTITUTE(SUBSTITUTE(SUBSTITUTE(SUBSTITUTE(SUBSTITUTE(SUBSTITUTE(SUBSTITUTE(SUBSTITUTE(SUBSTITUTE(SUBSTITUTE(SUBSTITUTE(SUBSTITUTE(SUBSTITUTE(SUBSTITUTE(SUBSTITUTE(SUBSTITUTE(SUBSTITUTE(SUBSTITUTE(SUBSTITUTE(SUBSTITUTE(SUBSTITUTE(SUBSTITUTE(SUBSTITUTE(SUBSTITUTE(SUBSTITUTE(SUBSTITUTE(SUBSTITUTE(SUBSTITUTE(SUBSTITUTE(SUBSTITUTE('Input Sheet'!I9,$C$3,$D$3),$C$4,$D$4),$C$5,$D$5),$C$6,$D$6),$C$7,$D$7),$C$8,$D$8),$C$9,$D$9),$C$10,$D$10),$C$11,$D$11),$C$12,$D$12),$C$13,$D$13),$C$14,$D$14),$C$15,$D$15),$C$16,$D$16),$C$17,$D$17),$C$18,$D$18),$C$19,$D$19),$C$20,$D$20),$C$21,$D$21),$C$22,$D$22),$C$23,$D$23),$C$24,$D$24),$C$25,$D$25),$C$26,$D$26),$C$27,$D$27),$C$28,$D$28),$C$29,$D$29),$C$30,$D$30),$C$31,$D$31),$C$32,$D$32),$C$33,$D$33) | L7: =CONCATENATE(K7, IF('Input Sheet'!I9="",""," siderite in ")) | M7: =SUBSTITUTE(SUBSTITUTE(SUBSTITUTE(SUBSTITUTE(SUBSTITUTE(SUBSTITUTE(SUBSTITUTE(SUBSTITUTE(SUBSTITUTE(SUBSTITUTE(SUBSTITUTE(SUBSTITUTE(SUBSTITUTE(SUBSTITUTE(SUBSTITUTE(SUBSTITUTE(SUBSTITUTE(SUBSTITUTE(SUBSTITUTE(SUBSTITUTE(SUBSTITUTE(SUBSTITUTE(SUBSTITUTE(SUBSTITUTE(SUBSTITUTE(SUBSTITUTE(SUBSTITUTE(SUBSTITUTE(SUBSTITUTE(SUBSTITUTE(SUBSTITUTE('Input Sheet'!J9,$C$3,$D$3),$C$4,$D$4),$C$5,$D$5),$C$6,$D$6),$C$7,$D$7),$C$8,$D$8),$C$9,$D$9),$C$10,$D$10),$C$11,$D$11),$C$12,$D$12),$C$13,$D$13),$C$14,$D$14),$C$15,$D$15),$C$16,$D$16),$C$17,$D$17),$C$18,$D$18),$C$19,$D$19),$C$20,$D$20),$C$21,$D$21),$C$22,$D$22),$C$23,$D$23),$C$24,$D$24),$C$25,$D$25),$C$26,$D$26),$C$27,$D$27),$C$28,$D$28),$C$29,$D$29),$C$30,$D$30),$C$31,$D$31),$C$32,$D$32),$C$33,$D$33) | N7: =CONCATENATE(M7, IF('Input Sheet'!J9="",""," siderite in "))
A8: =IF('Input Sheet'!C10="","",CONCATENATE("Sample ", 'Input Sheet'!B10, "m: ", L8, F8, "% ", "Siltstone, ", N8, 'Input Sheet'!C10, "% ", H8, " Sandstone, ", J8, I8, " FLUOR in SST. ", "TG ", 'Input Sheet'!H10, "U")) -> Sample 1805m: 40% Siltstone, 60% fine Sandstone, 10% dim FLUOR in SST. TG 14.5U | C8: - | D8: to | F8: =IF('Input Sheet'!C10="","",100-'Input Sheet'!C10) -> 40 | G8: =SUBSTITUTE(SUBSTITUTE(SUBSTITUTE(SUBSTITUTE(SUBSTITUTE(SUBSTITUTE(SUBSTITUTE(SUBSTITUTE(SUBSTITUTE(SUBSTITUTE(SUBSTITUTE(SUBSTITUTE(SUBSTITUTE(SUBSTITUTE(SUBSTITUTE(SUBSTITUTE(SUBSTITUTE(SUBSTITUTE(SUBSTITUTE(SUBSTITUTE(SUBSTITUTE(SUBSTITUTE(SUBSTITUTE(SUBSTITUTE(SUBSTITUTE(SUBSTITUTE(SUBSTITUTE(SUBSTITUTE(SUBSTITUTE(SUBSTITUTE(SUBSTITUTE('Input Sheet'!D10,$C$3,$D$3),$C$4,$D$4),$C$5,$D$5),$C$6,$D$6),$C$7,$D$7),$C$8,$D$8),$C$9,$D$9),$C$10,$D$10),$C$11,$D$11),$C$12,$D$12),$C$13,$D$13),$C$14,$D$14),$C$15,$D$15),$C$16,$D$16),$C$17,$D$17),$C$18,$D$18),$C$19,$D$19),$C$20,$D$20),$C$21,$D$21),$C$22,$D$22),$C$23,$D$23),$C$24,$D$24),$C$25,$D$25),$C$26,$D$26),$C$27,$D$27),$C$28,$D$28),$C$29,$D$29),$C$30,$D$30),$C$31,$D$31),$C$32,$D$32),$C$33,$D$33) -> fine | H8: =SUBSTITUTE(G8, "veryfine", "very fine") -> fine | I8: =SUBSTITUTE(SUBSTITUTE(SUBSTITUTE(SUBSTITUTE(SUBSTITUTE(SUBSTITUTE(SUBSTITUTE(SUBSTITUTE(SUBSTITUTE(SUBSTITUTE(SUBSTITUTE(SUBSTITUTE(SUBSTITUTE(SUBSTITUTE(SUBSTITUTE(SUBSTITUTE(SUBSTITUTE(SUBSTITUTE(SUBSTITUTE(SUBSTITUTE(SUBSTITUTE(SUBSTITUTE(SUBSTITUTE(SUBSTITUTE(SUBSTITUTE(SUBSTITUTE(SUBSTITUTE(SUBSTITUTE(SUBSTITUTE(SUBSTITUTE(SUBSTITUTE('Input Sheet'!G10,$C$3,$D$3),$C$4,$D$4),$C$5,$D$5),$C$6,$D$6),$C$7,$D$7),$C$8,$D$8),$C$9,$D$9),$C$10,$D$10),$C$11,$D$11),$C$12,$D$12),$C$13,$D$13),$C$14,$D$14),$C$15,$D$15),$C$16,$D$16),$C$17,$D$17),$C$18,$D$18),$C$19,$D$19),$C$20,$D$20),$C$21,$D$21),$C$22,$D$22),$C$23,$D$23),$C$24,$D$24),$C$25,$D$25),$C$26,$D$26),$C$27,$D$27),$C$28,$D$28),$C$29,$D$29),$C$30,$D$30),$C$31,$D$31),$C$32,$D$32),$C$33,$D$33) -> dim | J8: =IF('Input Sheet'!F10=0, "NO",CONCATENATE('Input Sheet'!F10, IF('Input Sheet'!F10>0,"% ",""))) -> 10% | K8: =SUBSTITUTE(SUBSTITUTE(SUBSTITUTE(SUBSTITUTE(SUBSTITUTE(SUBSTITUTE(SUBSTITUTE(SUBSTITUTE(SUBSTITUTE(SUBSTITUTE(SUBSTITUTE(SUBSTITUTE(SUBSTITUTE(SUBSTITUTE(SUBSTITUTE(SUBSTITUTE(SUBSTITUTE(SUBSTITUTE(SUBSTITUTE(SUBSTITUTE(SUBSTITUTE(SUBSTITUTE(SUBSTITUTE(SUBSTITUTE(SUBSTITUTE(SUBSTITUTE(SUBSTITUTE(SUBSTITUTE(SUBSTITUTE(SUBSTITUTE(SUBSTITUTE('Input Sheet'!I10,$C$3,$D$3),$C$4,$D$4),$C$5,$D$5),$C$6,$D$6),$C$7,$D$7),$C$8,$D$8),$C$9,$D$9),$C$10,$D$10),$C$11,$D$11),$C$12,$D$12),$C$13,$D$13),$C$14,$D$14),$C$15,$D$15),$C$16,$D$16),$C$17,$D$17),$C$18,$D$18),$C$19,$D$19),$C$20,$D$20),$C$21,$D$21),$C$22,$D$22),$C$23,$D$23),$C$24,$D$24),$C$25,$D$25),$C$26,$D$26),$C$27,$D$27),$C$28,$D$28),$C$29,$D$29),$C$30,$D$30),$C$31,$D$31),$C$32,$D$32),$C$33,$D$33) | L8: =CONCATENATE(K8, IF('Input Sheet'!I10="",""," siderite in ")) | M8: =SUBSTITUTE(SUBSTITUTE(SUBSTITUTE(SUBSTITUTE(SUBSTITUTE(SUBSTITUTE(SUBSTITUTE(SUBSTITUTE(SUBSTITUTE(SUBSTITUTE(SUBSTITUTE(SUBSTITUTE(SUBSTITUTE(SUBSTITUTE(SUBSTITUTE(SUBSTITUTE(SUBSTITUTE(SUBSTITUTE(SUBSTITUTE(SUBSTITUTE(SUBSTITUTE(SUBSTITUTE(SUBSTITUTE(SUBSTITUTE(SUBSTITUTE(SUBSTITUTE(SUBSTITUTE(SUBSTITUTE(SUBSTITUTE(SUBSTITUTE(SUBSTITUTE('Input Sheet'!J10,$C$3,$D$3),$C$4,$D$4),$C$5,$D$5),$C$6,$D$6),$C$7,$D$7),$C$8,$D$8),$C$9,$D$9),$C$10,$D$10),$C$11,$D$11),$C$12,$D$12),$C$13,$D$13),$C$14,$D$14),$C$15,$D$15),$C$16,$D$16),$C$17,$D$17),$C$18,$D$18),$C$19,$D$19),$C$20,$D$20),$C$21,$D$21),$C$22,$D$22),$C$23,$D$23),$C$24,$D$24),$C$25,$D$25),$C$26,$D$26),$C$27,$D$27),$C$28,$D$28),$C$29,$D$29),$C$30,$D$30),$C$31,$D$31),$C$32,$D$32),$C$33,$D$33) | N8: =CONCATENATE(M8, IF('Input Sheet'!J10="",""," siderite in "))
A9: =IF('Input Sheet'!C11="","",CONCATENATE("Sample ", 'Input Sheet'!B11, "m: ", L9, F9, "% ", "Siltstone, ", N9, 'Input Sheet'!C11, "% ", H9, " Sandstone, ", J9, I9, " FLUOR in SST. ", "TG ", 'Input Sheet'!H11, "U")) -> Sample 1810m: 50% Siltstone, 50% fine Sandstone, 10% dim FLUOR in SST. TG 16.2U | C9: occ | D9: occasional | F9: =IF('Input Sheet'!C11="","",100-'Input Sheet'!C11) -> 50 | G9: =SUBSTITUTE(SUBSTITUTE(SUBSTITUTE(SUBSTITUTE(SUBSTITUTE(SUBSTITUTE(SUBSTITUTE(SUBSTITUTE(SUBSTITUTE(SUBSTITUTE(SUBSTITUTE(SUBSTITUTE(SUBSTITUTE(SUBSTITUTE(SUBSTITUTE(SUBSTITUTE(SUBSTITUTE(SUBSTITUTE(SUBSTITUTE(SUBSTITUTE(SUBSTITUTE(SUBSTITUTE(SUBSTITUTE(SUBSTITUTE(SUBSTITUTE(SUBSTITUTE(SUBSTITUTE(SUBSTITUTE(SUBSTITUTE(SUBSTITUTE(SUBSTITUTE('Input Sheet'!D11,$C$3,$D$3),$C$4,$D$4),$C$5,$D$5),$C$6,$D$6),$C$7,$D$7),$C$8,$D$8),$C$9,$D$9),$C$10,$D$10),$C$11,$D$11),$C$12,$D$12),$C$13,$D$13),$C$14,$D$14),$C$15,$D$15),$C$16,$D$16),$C$17,$D$17),$C$18,$D$18),$C$19,$D$19),$C$20,$D$20),$C$21,$D$21),$C$22,$D$22),$C$23,$D$23),$C$24,$D$24),$C$25,$D$25),$C$26,$D$26),$C$27,$D$27),$C$28,$D$28),$C$29,$D$29),$C$30,$D$30),$C$31,$D$31),$C$32,$D$32),$C$33,$D$33) -> fine | H9: =SUBSTITUTE(G9, "veryfine", "very fine") -> fine | I9: =SUBSTITUTE(SUBSTITUTE(SUBSTITUTE(SUBSTITUTE(SUBSTITUTE(SUBSTITUTE(SUBSTITUTE(SUBSTITUTE(SUBSTITUTE(SUBSTITUTE(SUBSTITUTE(SUBSTITUTE(SUBSTITUTE(SUBSTITUTE(SUBSTITUTE(SUBSTITUTE(SUBSTITUTE(SUBSTITUTE(SUBSTITUTE(SUBSTITUTE(SUBSTITUTE(SUBSTITUTE(SUBSTITUTE(SUBSTITUTE(SUBSTITUTE(SUBSTITUTE(SUBSTITUTE(SUBSTITUTE(SUBSTITUTE(SUBSTITUTE(SUBSTITUTE('Input Sheet'!G11,$C$3,$D$3),$C$4,$D$4),$C$5,$D$5),$C$6,$D$6),$C$7,$D$7),$C$8,$D$8),$C$9,$D$9),$C$10,$D$10),$C$11,$D$11),$C$12,$D$12),$C$13,$D$13),$C$14,$D$14),$C$15,$D$15),$C$16,$D$16),$C$17,$D$17),$C$18,$D$18),$C$19,$D$19),$C$20,$D$20),$C$21,$D$21),$C$22,$D$22),$C$23,$D$23),$C$24,$D$24),$C$25,$D$25),$C$26,$D$26),$C$27,$D$27),$C$28,$D$28),$C$29,$D$29),$C$30,$D$30),$C$31,$D$31),$C$32,$D$32),$C$33,$D$33) -> dim | J9: =IF('Input Sheet'!F11=0, "NO",CONCATENATE('Input Sheet'!F11, IF('Input Sheet'!F11>0,"% ",""))) -> 10% | K9: =SUBSTITUTE(SUBSTITUTE(SUBSTITUTE(SUBSTITUTE(SUBSTITUTE(SUBSTITUTE(SUBSTITUTE(SUBSTITUTE(SUBSTITUTE(SUBSTITUTE(SUBSTITUTE(SUBSTITUTE(SUBSTITUTE(SUBSTITUTE(SUBSTITUTE(SUBSTITUTE(SUBSTITUTE(SUBSTITUTE(SUBSTITUTE(SUBSTITUTE(SUBSTITUTE(SUBSTITUTE(SUBSTITUTE(SUBSTITUTE(SUBSTITUTE(SUBSTITUTE(SUBSTITUTE(SUBSTITUTE(SUBSTITUTE(SUBSTITUTE(SUBSTITUTE('Input Sheet'!I11,$C$3,$D$3),$C$4,$D$4),$C$5,$D$5),$C$6,$D$6),$C$7,$D$7),$C$8,$D$8),$C$9,$D$9),$C$10,$D$10),$C$11,$D$11),$C$12,$D$12),$C$13,$D$13),$C$14,$D$14),$C$15,$D$15),$C$16,$D$16),$C$17,$D$17),$C$18,$D$18),$C$19,$D$19),$C$20,$D$20),$C$21,$D$21),$C$22,$D$22),$C$23,$D$23),$C$24,$D$24),$C$25,$D$25),$C$26,$D$26),$C$27,$D$27),$C$28,$D$28),$C$29,$D$29),$C$30,$D$30),$C$31,$D$31),$C$32,$D$32),$C$33,$D$33) | L9: =CONCATENATE(K9, IF('Input Sheet'!I11="",""," siderite in ")) | M9: =SUBSTITUTE(SUBSTITUTE(SUBSTITUTE(SUBSTITUTE(SUBSTITUTE(SUBSTITUTE(SUBSTITUTE(SUBSTITUTE(SUBSTITUTE(SUBSTITUTE(SUBSTITUTE(SUBSTITUTE(SUBSTITUTE(SUBSTITUTE(SUBSTITUTE(SUBSTITUTE(SUBSTITUTE(SUBSTITUTE(SUBSTITUTE(SUBSTITUTE(SUBSTITUTE(SUBSTITUTE(SUBSTITUTE(SUBSTITUTE(SUBSTITUTE(SUBSTITUTE(SUBSTITUTE(SUBSTITUTE(SUBSTITUTE(SUBSTITUTE(SUBSTITUTE('Input Sheet'!J11,$C$3,$D$3),$C$4,$D$4),$C$5,$D$5),$C$6,$D$6),$C$7,$D$7),$C$8,$D$8),$C$9,$D$9),$C$10,$D$10),$C$11,$D$11),$C$12,$D$12),$C$13,$D$13),$C$14,$D$14),$C$15,$D$15),$C$16,$D$16),$C$17,$D$17),$C$18,$D$18),$C$19,$D$19),$C$20,$D$20),$C$21,$D$21),$C$22,$D$22),$C$23,$D$23),$C$24,$D$24),$C$25,$D$25),$C$26,$D$26),$C$27,$D$27),$C$28,$D$28),$C$29,$D$29),$C$30,$D$30),$C$31,$D$31),$C$32,$D$32),$C$33,$D$33) | N9: =CONCATENATE(M9, IF('Input Sheet'!J11="",""," siderite in "))
A10: =IF('Input Sheet'!C12="","",CONCATENATE("Sample ", 'Input Sheet'!B12, "m: ", L10, F10, "% ", "Siltstone, ", N10, 'Input Sheet'!C12, "% ", H10, " Sandstone, ", J10, I10, " FLUOR in SST. ", "TG ", 'Input Sheet'!H12, "U")) -> Sample 1895m: trace siderite in 85% Siltstone, 15% fine Sandstone, 20% dim FLUOR in SST. TG 7.8U | C10: mnr | D10: minor | F10: =IF('Input Sheet'!C12="","",100-'Input Sheet'!C12) -> 85 | G10: =SUBSTITUTE(SUBSTITUTE(SUBSTITUTE(SUBSTITUTE(SUBSTITUTE(SUBSTITUTE(SUBSTITUTE(SUBSTITUTE(SUBSTITUTE(SUBSTITUTE(SUBSTITUTE(SUBSTITUTE(SUBSTITUTE(SUBSTITUTE(SUBSTITUTE(SUBSTITUTE(SUBSTITUTE(SUBSTITUTE(SUBSTITUTE(SUBSTITUTE(SUBSTITUTE(SUBSTITUTE(SUBSTITUTE(SUBSTITUTE(SUBSTITUTE(SUBSTITUTE(SUBSTITUTE(SUBSTITUTE(SUBSTITUTE(SUBSTITUTE(SUBSTITUTE('Input Sheet'!D12,$C$3,$D$3),$C$4,$D$4),$C$5,$D$5),$C$6,$D$6),$C$7,$D$7),$C$8,$D$8),$C$9,$D$9),$C$10,$D$10),$C$11,$D$11),$C$12,$D$12),$C$13,$D$13),$C$14,$D$14),$C$15,$D$15),$C$16,$D$16),$C$17,$D$17),$C$18,$D$18),$C$19,$D$19),$C$20,$D$20),$C$21,$D$21),$C$22,$D$22),$C$23,$D$23),$C$24,$D$24),$C$25,$D$25),$C$26,$D$26),$C$27,$D$27),$C$28,$D$28),$C$29,$D$29),$C$30,$D$30),$C$31,$D$31),$C$32,$D$32),$C$33,$D$33) -> fine | H10: =SUBSTITUTE(G10, "veryfine", "very fine") -> fine | I10: =SUBSTITUTE(SUBSTITUTE(SUBSTITUTE(SUBSTITUTE(SUBSTITUTE(SUBSTITUTE(SUBSTITUTE(SUBSTITUTE(SUBSTITUTE(SUBSTITUTE(SUBSTITUTE(SUBSTITUTE(SUBSTITUTE(SUBSTITUTE(SUBSTITUTE(SUBSTITUTE(SUBSTITUTE(SUBSTITUTE(SUBSTITUTE(SUBSTITUTE(SUBSTITUTE(SUBSTITUTE(SUBSTITUTE(SUBSTITUTE(SUBSTITUTE(SUBSTITUTE(SUBSTITUTE(SUBSTITUTE(SUBSTITUTE(SUBSTITUTE(SUBSTITUTE('Input Sheet'!G12,$C$3,$D$3),$C$4,$D$4),$C$5,$D$5),$C$6,$D$6),$C$7,$D$7),$C$8,$D$8),$C$9,$D$9),$C$10,$D$10),$C$11,$D$11),$C$12,$D$12),$C$13,$D$13),$C$14,$D$14),$C$15,$D$15),$C$16,$D$16),$C$17,$D$17),$C$18,$D$18),$C$19,$D$19),$C$20,$D$20),$C$21,$D$21),$C$22,$D$22),$C$23,$D$23),$C$24,$D$24),$C$25,$D$25),$C$26,$D$26),$C$27,$D$27),$C$28,$D$28),$C$29,$D$29),$C$30,$D$30),$C$31,$D$31),$C$32,$D$32),$C$33,$D$33) -> dim | J10: =IF('Input Sheet'!F12=0, "NO",CONCATENATE('Input Sheet'!F12, IF('Input Sheet'!F12>0,"% ",""))) -> 20% | K10: =SUBSTITUTE(SUBSTITUTE(SUBSTITUTE(SUBSTITUTE(SUBSTITUTE(SUBSTITUTE(SUBSTITUTE(SUBSTITUTE(SUBSTITUTE(SUBSTITUTE(SUBSTITUTE(SUBSTITUTE(SUBSTITUTE(SUBSTITUTE(SUBSTITUTE(SUBSTITUTE(SUBSTITUTE(SUBSTITUTE(SUBSTITUTE(SUBSTITUTE(SUBSTITUTE(SUBSTITUTE(SUBSTITUTE(SUBSTITUTE(SUBSTITUTE(SUBSTITUTE(SUBSTITUTE(SUBSTITUTE(SUBSTITUTE(SUBSTITUTE(SUBSTITUTE('Input Sheet'!I12,$C$3,$D$3),$C$4,$D$4),$C$5,$D$5),$C$6,$D$6),$C$7,$D$7),$C$8,$D$8),$C$9,$D$9),$C$10,$D$10),$C$11,$D$11),$C$12,$D$12),$C$13,$D$13),$C$14,$D$14),$C$15,$D$15),$C$16,$D$16),$C$17,$D$17),$C$18,$D$18),$C$19,$D$19),$C$20,$D$20),$C$21,$D$21),$C$22,$D$22),$C$23,$D$23),$C$24,$D$24),$C$25,$D$25),$C$26,$D$26),$C$27,$D$27),$C$28,$D$28),$C$29,$D$29),$C$30,$D$30),$C$31,$D$31),$C$32,$D$32),$C$33,$D$33) -> trace | L10: =CONCATENATE(K10, IF('Input Sheet'!I12="",""," siderite in ")) -> trace siderite in | M10: =SUBSTITUTE(SUBSTITUTE(SUBSTITUTE(SUBSTITUTE(SUBSTITUTE(SUBSTITUTE(SUBSTITUTE(SUBSTITUTE(SUBSTITUTE(SUBSTITUTE(SUBSTITUTE(SUBSTITUTE(SUBSTITUTE(SUBSTITUTE(SUBSTITUTE(SUBSTITUTE(SUBSTITUTE(SUBSTITUTE(SUBSTITUTE(SUBSTITUTE(SUBSTITUTE(SUBSTITUTE(SUBSTITUTE(SUBSTITUTE(SUBSTITUTE(SUBSTITUTE(SUBSTITUTE(SUBSTITUTE(SUBSTITUTE(SUBSTITUTE(SUBSTITUTE('Input Sheet'!J12,$C$3,$D$3),$C$4,$D$4),$C$5,$D$5),$C$6,$D$6),$C$7,$D$7),$C$8,$D$8),$C$9,$D$9),$C$10,$D$10),$C$11,$D$11),$C$12,$D$12),$C$13,$D$13),$C$14,$D$14),$C$15,$D$15),$C$16,$D$16),$C$17,$D$17),$C$18,$D$18),$C$19,$D$19),$C$20,$D$20),$C$21,$D$21),$C$22,$D$22),$C$23,$D$23),$C$24,$D$24),$C$25,$D$25),$C$26,$D$26),$C$27,$D$27),$C$28,$D$28),$C$29,$D$29),$C$30,$D$30),$C$31,$D$31),$C$32,$D$32),$C$33,$D$33) | N10: =CONCATENATE(M10, IF('Input Sheet'!J12="",""," siderite in "))
A11: =IF('Input Sheet'!C13="","",CONCATENATE("Sample ", 'Input Sheet'!B13, "m: ", L11, F11, "% ", "Siltstone, ", N11, 'Input Sheet'!C13, "% ", H11, " Sandstone, ", J11, I11, " FLUOR in SST. ", "TG ", 'Input Sheet'!H13, "U")) -> Sample 1900m: 85% Siltstone, 15% fine Sandstone, 50% dim FLUOR in SST. TG 7.4U | C11: rr | D11: rare | F11: =IF('Input Sheet'!C13="","",100-'Input Sheet'!C13) -> 85 | G11: =SUBSTITUTE(SUBSTITUTE(SUBSTITUTE(SUBSTITUTE(SUBSTITUTE(SUBSTITUTE(SUBSTITUTE(SUBSTITUTE(SUBSTITUTE(SUBSTITUTE(SUBSTITUTE(SUBSTITUTE(SUBSTITUTE(SUBSTITUTE(SUBSTITUTE(SUBSTITUTE(SUBSTITUTE(SUBSTITUTE(SUBSTITUTE(SUBSTITUTE(SUBSTITUTE(SUBSTITUTE(SUBSTITUTE(SUBSTITUTE(SUBSTITUTE(SUBSTITUTE(SUBSTITUTE(SUBSTITUTE(SUBSTITUTE(SUBSTITUTE(SUBSTITUTE('Input Sheet'!D13,$C$3,$D$3),$C$4,$D$4),$C$5,$D$5),$C$6,$D$6),$C$7,$D$7),$C$8,$D$8),$C$9,$D$9),$C$10,$D$10),$C$11,$D$11),$C$12,$D$12),$C$13,$D$13),$C$14,$D$14),$C$15,$D$15),$C$16,$D$16),$C$17,$D$17),$C$18,$D$18),$C$19,$D$19),$C$20,$D$20),$C$21,$D$21),$C$22,$D$22),$C$23,$D$23),$C$24,$D$24),$C$25,$D$25),$C$26,$D$26),$C$27,$D$27),$C$28,$D$28),$C$29,$D$29),$C$30,$D$30),$C$31,$D$31),$C$32,$D$32),$C$33,$D$33) -> fine | H11: =SUBSTITUTE(G11, "veryfine", "very fine") -> fine | I11: =SUBSTITUTE(SUBSTITUTE(SUBSTITUTE(SUBSTITUTE(SUBSTITUTE(SUBSTITUTE(SUBSTITUTE(SUBSTITUTE(SUBSTITUTE(SUBSTITUTE(SUBSTITUTE(SUBSTITUTE(SUBSTITUTE(SUBSTITUTE(SUBSTITUTE(SUBSTITUTE(SUBSTITUTE(SUBSTITUTE(SUBSTITUTE(SUBSTITUTE(SUBSTITUTE(SUBSTITUTE(SUBSTITUTE(SUBSTITUTE(SUBSTITUTE(SUBSTITUTE(SUBSTITUTE(SUBSTITUTE(SUBSTITUTE(SUBSTITUTE(SUBSTITUTE('Input Sheet'!G13,$C$3,$D$3),$C$4,$D$4),$C$5,$D$5),$C$6,$D$6),$C$7,$D$7),$C$8,$D$8),$C$9,$D$9),$C$10,$D$10),$C$11,$D$11),$C$12,$D$12),$C$13,$D$13),$C$14,$D$14),$C$15,$D$15),$C$16,$D$16),$C$17,$D$17),$C$18,$D$18),$C$19,$D$19),$C$20,$D$20),$C$21,$D$21),$C$22,$D$22),$C$23,$D$23),$C$24,$D$24),$C$25,$D$25),$C$26,$D$26),$C$27,$D$27),$C$28,$D$28),$C$29,$D$29),$C$30,$D$30),$C$31,$D$31),$C$32,$D$32),$C$33,$D$33) -> dim | J11: =IF('Input Sheet'!F13=0, "NO",CONCATENATE('Input Sheet'!F13, IF('Input Sheet'!F13>0,"% ",""))) -> 50% | K11: =SUBSTITUTE(SUBSTITUTE(SUBSTITUTE(SUBSTITUTE(SUBSTITUTE(SUBSTITUTE(SUBSTITUTE(SUBSTITUTE(SUBSTITUTE(SUBSTITUTE(SUBSTITUTE(SUBSTITUTE(SUBSTITUTE(SUBSTITUTE(SUBSTITUTE(SUBSTITUTE(SUBSTITUTE(SUBSTITUTE(SUBSTITUTE(SUBSTITUTE(SUBSTITUTE(SUBSTITUTE(SUBSTITUTE(SUBSTITUTE(SUBSTITUTE(SUBSTITUTE(SUBSTITUTE(SUBSTITUTE(SUBSTITUTE(SUBSTITUTE(SUBSTITUTE('Input Sheet'!I13,$C$3,$D$3),$C$4,$D$4),$C$5,$D$5),$C$6,$D$6),$C$7,$D$7),$C$8,$D$8),$C$9,$D$9),$C$10,$D$10),$C$11,$D$11),$C$12,$D$12),$C$13,$D$13),$C$14,$D$14),$C$15,$D$15),$C$16,$D$16),$C$17,$D$17),$C$18,$D$18),$C$19,$D$19),$C$20,$D$20),$C$21,$D$21),$C$22,$D$22),$C$23,$D$23),$C$24,$D$24),$C$25,$D$25),$C$26,$D$26),$C$27,$D$27),$C$28,$D$28),$C$29,$D$29),$C$30,$D$30),$C$31,$D$31),$C$32,$D$32),$C$33,$D$33) | L11: =CONCATENATE(K11, IF('Input Sheet'!I13="",""," siderite in ")) | M11: =SUBSTITUTE(SUBSTITUTE(SUBSTITUTE(SUBSTITUTE(SUBSTITUTE(SUBSTITUTE(SUBSTITUTE(SUBSTITUTE(SUBSTITUTE(SUBSTITUTE(SUBSTITUTE(SUBSTITUTE(SUBSTITUTE(SUBSTITUTE(SUBSTITUTE(SUBSTITUTE(SUBSTITUTE(SUBSTITUTE(SUBSTITUTE(SUBSTITUTE(SUBSTITUTE(SUBSTITUTE(SUBSTITUTE(SUBSTITUTE(SUBSTITUTE(SUBSTITUTE(SUBSTITUTE(SUBSTITUTE(SUBSTITUTE(SUBSTITUTE(SUBSTITUTE('Input Sheet'!J13,$C$3,$D$3),$C$4,$D$4),$C$5,$D$5),$C$6,$D$6),$C$7,$D$7),$C$8,$D$8),$C$9,$D$9),$C$10,$D$10),$C$11,$D$11),$C$12,$D$12),$C$13,$D$13),$C$14,$D$14),$C$15,$D$15),$C$16,$D$16),$C$17,$D$17),$C$18,$D$18),$C$19,$D$19),$C$20,$D$20),$C$21,$D$21),$C$22,$D$22),$C$23,$D$23),$C$24,$D$24),$C$25,$D$25),$C$26,$D$26),$C$27,$D$27),$C$28,$D$28),$C$29,$D$29),$C$30,$D$30),$C$31,$D$31),$C$32,$D$32),$C$33,$D$33) | N11: =CONCATENATE(M11, IF('Input Sheet'!J13="",""," siderite in "))
A12: =IF('Input Sheet'!C14="","",CONCATENATE("Sample ", 'Input Sheet'!B14, "m: ", L12, F12, "% ", "Siltstone, ", N12, 'Input Sheet'!C14, "% ", H12, " Sandstone, ", J12, I12, " FLUOR in SST. ", "TG ", 'Input Sheet'!H14, "U")) -> Sample 1905m: 90% Siltstone, 10% fine Sandstone, 100% dull FLUOR in SST. TG 17.9U | C12: tr | D12: trace | F12: =IF('Input Sheet'!C14="","",100-'Input Sheet'!C14) -> 90 | G12: =SUBSTITUTE(SUBSTITUTE(SUBSTITUTE(SUBSTITUTE(SUBSTITUTE(SUBSTITUTE(SUBSTITUTE(SUBSTITUTE(SUBSTITUTE(SUBSTITUTE(SUBSTITUTE(SUBSTITUTE(SUBSTITUTE(SUBSTITUTE(SUBSTITUTE(SUBSTITUTE(SUBSTITUTE(SUBSTITUTE(SUBSTITUTE(SUBSTITUTE(SUBSTITUTE(SUBSTITUTE(SUBSTITUTE(SUBSTITUTE(SUBSTITUTE(SUBSTITUTE(SUBSTITUTE(SUBSTITUTE(SUBSTITUTE(SUBSTITUTE(SUBSTITUTE('Input Sheet'!D14,$C$3,$D$3),$C$4,$D$4),$C$5,$D$5),$C$6,$D$6),$C$7,$D$7),$C$8,$D$8),$C$9,$D$9),$C$10,$D$10),$C$11,$D$11),$C$12,$D$12),$C$13,$D$13),$C$14,$D$14),$C$15,$D$15),$C$16,$D$16),$C$17,$D$17),$C$18,$D$18),$C$19,$D$19),$C$20,$D$20),$C$21,$D$21),$C$22,$D$22),$C$23,$D$23),$C$24,$D$24),$C$25,$D$25),$C$26,$D$26),$C$27,$D$27),$C$28,$D$28),$C$29,$D$29),$C$30,$D$30),$C$31,$D$31),$C$32,$D$32),$C$33,$D$33) -> fine | H12: =SUBSTITUTE(G12, "veryfine", "very fine") -> fine | I12: =SUBSTITUTE(SUBSTITUTE(SUBSTITUTE(SUBSTITUTE(SUBSTITUTE(SUBSTITUTE(SUBSTITUTE(SUBSTITUTE(SUBSTITUTE(SUBSTITUTE(SUBSTITUTE(SUBSTITUTE(SUBSTITUTE(SUBSTITUTE(SUBSTITUTE(SUBSTITUTE(SUBSTITUTE(SUBSTITUTE(SUBSTITUTE(SUBSTITUTE(SUBSTITUTE(SUBSTITUTE(SUBSTITUTE(SUBSTITUTE(SUBSTITUTE(SUBSTITUTE(SUBSTITUTE(SUBSTITUTE(SUBSTITUTE(SUBSTITUTE(SUBSTITUTE('Input Sheet'!G14,$C$3,$D$3),$C$4,$D$4),$C$5,$D$5),$C$6,$D$6),$C$7,$D$7),$C$8,$D$8),$C$9,$D$9),$C$10,$D$10),$C$11,$D$11),$C$12,$D$12),$C$13,$D$13),$C$14,$D$14),$C$15,$D$15),$C$16,$D$16),$C$17,$D$17),$C$18,$D$18),$C$19,$D$19),$C$20,$D$20),$C$21,$D$21),$C$22,$D$22),$C$23,$D$23),$C$24,$D$24),$C$25,$D$25),$C$26,$D$26),$C$27,$D$27),$C$28,$D$28),$C$29,$D$29),$C$30,$D$30),$C$31,$D$31),$C$32,$D$32),$C$33,$D$33) -> dull | J12: =IF('Input Sheet'!F14=0, "NO",CONCATENATE('Input Sheet'!F14, IF('Input Sheet'!F14>0,"% ",""))) -> 100% | K12: =SUBSTITUTE(SUBSTITUTE(SUBSTITUTE(SUBSTITUTE(SUBSTITUTE(SUBSTITUTE(SUBSTITUTE(SUBSTITUTE(SUBSTITUTE(SUBSTITUTE(SUBSTITUTE(SUBSTITUTE(SUBSTITUTE(SUBSTITUTE(SUBSTITUTE(SUBSTITUTE(SUBSTITUTE(SUBSTITUTE(SUBSTITUTE(SUBSTITUTE(SUBSTITUTE(SUBSTITUTE(SUBSTITUTE(SUBSTITUTE(SUBSTITUTE(SUBSTITUTE(SUBSTITUTE(SUBSTITUTE(SUBSTITUTE(SUBSTITUTE(SUBSTITUTE('Input Sheet'!I14,$C$3,$D$3),$C$4,$D$4),$C$5,$D$5),$C$6,$D$6),$C$7,$D$7),$C$8,$D$8),$C$9,$D$9),$C$10,$D$10),$C$11,$D$11),$C$12,$D$12),$C$13,$D$13),$C$14,$D$14),$C$15,$D$15),$C$16,$D$16),$C$17,$D$17),$C$18,$D$18),$C$19,$D$19),$C$20,$D$20),$C$21,$D$21),$C$22,$D$22),$C$23,$D$23),$C$24,$D$24),$C$25,$D$25),$C$26,$D$26),$C$27,$D$27),$C$28,$D$28),$C$29,$D$29),$C$30,$D$30),$C$31,$D$31),$C$32,$D$32),$C$33,$D$33) | L12: =CONCATENATE(K12, IF('Input Sheet'!I14="",""," siderite in ")) | M12: =SUBSTITUTE(SUBSTITUTE(SUBSTITUTE(SUBSTITUTE(SUBSTITUTE(SUBSTITUTE(SUBSTITUTE(SUBSTITUTE(SUBSTITUTE(SUBSTITUTE(SUBSTITUTE(SUBSTITUTE(SUBSTITUTE(SUBSTITUTE(SUBSTITUTE(SUBSTITUTE(SUBSTITUTE(SUBSTITUTE(SUBSTITUTE(SUBSTITUTE(SUBSTITUTE(SUBSTITUTE(SUBSTITUTE(SUBSTITUTE(SUBSTITUTE(SUBSTITUTE(SUBSTITUTE(SUBSTITUTE(SUBSTITUTE(SUBSTITUTE(SUBSTITUTE('Input Sheet'!J14,$C$3,$D$3),$C$4,$D$4),$C$5,$D$5),$C$6,$D$6),$C$7,$D$7),$C$8,$D$8),$C$9,$D$9),$C$10,$D$10),$C$11,$D$11),$C$12,$D$12),$C$13,$D$13),$C$14,$D$14),$C$15,$D$15),$C$16,$D$16),$C$17,$D$17),$C$18,$D$18),$C$19,$D$19),$C$20,$D$20),$C$21,$D$21),$C$22,$D$22),$C$23,$D$23),$C$24,$D$24),$C$25,$D$25),$C$26,$D$26),$C$27,$D$27),$C$28,$D$28),$C$29,$D$29),$C$30,$D$30),$C$31,$D$31),$C$32,$D$32),$C$33,$D$33) | N12: =CONCATENATE(M12, IF('Input Sheet'!J14="",""," siderite in "))
A13: =IF('Input Sheet'!C15="","",CONCATENATE("Sample ", 'Input Sheet'!B15, "m: ", L13, F13, "% ", "Siltstone, ", N13, 'Input Sheet'!C15, "% ", H13, " Sandstone, ", J13, I13, " FLUOR in SST. ", "TG ", 'Input Sheet'!H15, "U")) -> Sample 1910m: common siderite in 90% Siltstone, 10% fine Sandstone, 100% dull FLUOR in SST. TG 15.3U | C13: mod | D13: moderately | F13: =IF('Input Sheet'!C15="","",100-'Input Sheet'!C15) -> 90 | G13: =SUBSTITUTE(SUBSTITUTE(SUBSTITUTE(SUBSTITUTE(SUBSTITUTE(SUBSTITUTE(SUBSTITUTE(SUBSTITUTE(SUBSTITUTE(SUBSTITUTE(SUBSTITUTE(SUBSTITUTE(SUBSTITUTE(SUBSTITUTE(SUBSTITUTE(SUBSTITUTE(SUBSTITUTE(SUBSTITUTE(SUBSTITUTE(SUBSTITUTE(SUBSTITUTE(SUBSTITUTE(SUBSTITUTE(SUBSTITUTE(SUBSTITUTE(SUBSTITUTE(SUBSTITUTE(SUBSTITUTE(SUBSTITUTE(SUBSTITUTE(SUBSTITUTE('Input Sheet'!D15,$C$3,$D$3),$C$4,$D$4),$C$5,$D$5),$C$6,$D$6),$C$7,$D$7),$C$8,$D$8),$C$9,$D$9),$C$10,$D$10),$C$11,$D$11),$C$12,$D$12),$C$13,$D$13),$C$14,$D$14),$C$15,$D$15),$C$16,$D$16),$C$17,$D$17),$C$18,$D$18),$C$19,$D$19),$C$20,$D$20),$C$21,$D$21),$C$22,$D$22),$C$23,$D$23),$C$24,$D$24),$C$25,$D$25),$C$26,$D$26),$C$27,$D$27),$C$28,$D$28),$C$29,$D$29),$C$30,$D$30),$C$31,$D$31),$C$32,$D$32),$C$33,$D$33) -> fine | H13: =SUBSTITUTE(G13, "veryfine", "very fine") -> fine | I13: =SUBSTITUTE(SUBSTITUTE(SUBSTITUTE(SUBSTITUTE(SUBSTITUTE(SUBSTITUTE(SUBSTITUTE(SUBSTITUTE(SUBSTITUTE(SUBSTITUTE(SUBSTITUTE(SUBSTITUTE(SUBSTITUTE(SUBSTITUTE(SUBSTITUTE(SUBSTITUTE(SUBSTITUTE(SUBSTITUTE(SUBSTITUTE(SUBSTITUTE(SUBSTITUTE(SUBSTITUTE(SUBSTITUTE(SUBSTITUTE(SUBSTITUTE(SUBSTITUTE(SUBSTITUTE(SUBSTITUTE(SUBSTITUTE(SUBSTITUTE(SUBSTITUTE('Input Sheet'!G15,$C$3,$D$3),$C$4,$D$4),$C$5,$D$5),$C$6,$D$6),$C$7,$D$7),$C$8,$D$8),$C$9,$D$9),$C$10,$D$10),$C$11,$D$11),$C$12,$D$12),$C$13,$D$13),$C$14,$D$14),$C$15,$D$15),$C$16,$D$16),$C$17,$D$17),$C$18,$D$18),$C$19,$D$19),$C$20,$D$20),$C$21,$D$21),$C$22,$D$22),$C$23,$D$23),$C$24,$D$24),$C$25,$D$25),$C$26,$D$26),$C$27,$D$27),$C$28,$D$28),$C$29,$D$29),$C$30,$D$30),$C$31,$D$31),$C$32,$D$32),$C$33,$D$33) -> dull | J13: =IF('Input Sheet'!F15=0, "NO",CONCATENATE('Input Sheet'!F15, IF('Input Sheet'!F15>0,"% ",""))) -> 100% | K13: =SUBSTITUTE(SUBSTITUTE(SUBSTITUTE(SUBSTITUTE(SUBSTITUTE(SUBSTITUTE(SUBSTITUTE(SUBSTITUTE(SUBSTITUTE(SUBSTITUTE(SUBSTITUTE(SUBSTITUTE(SUBSTITUTE(SUBSTITUTE(SUBSTITUTE(SUBSTITUTE(SUBSTITUTE(SUBSTITUTE(SUBSTITUTE(SUBSTITUTE(SUBSTITUTE(SUBSTITUTE(SUBSTITUTE(SUBSTITUTE(SUBSTITUTE(SUBSTITUTE(SUBSTITUTE(SUBSTITUTE(SUBSTITUTE(SUBSTITUTE(SUBSTITUTE('Input Sheet'!I15,$C$3,$D$3),$C$4,$D$4),$C$5,$D$5),$C$6,$D$6),$C$7,$D$7),$C$8,$D$8),$C$9,$D$9),$C$10,$D$10),$C$11,$D$11),$C$12,$D$12),$C$13,$D$13),$C$14,$D$14),$C$15,$D$15),$C$16,$D$16),$C$17,$D$17),$C$18,$D$18),$C$19,$D$19),$C$20,$D$20),$C$21,$D$21),$C$22,$D$22),$C$23,$D$23),$C$24,$D$24),$C$25,$D$25),$C$26,$D$26),$C$27,$D$27),$C$28,$D$28),$C$29,$D$29),$C$30,$D$30),$C$31,$D$31),$C$32,$D$32),$C$33,$D$33) -> common | L13: =CONCATENATE(K13, IF('Input Sheet'!I15="",""," siderite in ")) -> common siderite in | M13: =SUBSTITUTE(SUBSTITUTE(SUBSTITUTE(SUBSTITUTE(SUBSTITUTE(SUBSTITUTE(SUBSTITUTE(SUBSTITUTE(SUBSTITUTE(SUBSTITUTE(SUBSTITUTE(SUBSTITUTE(SUBSTITUTE(SUBSTITUTE(SUBSTITUTE(SUBSTITUTE(SUBSTITUTE(SUBSTITUTE(SUBSTITUTE(SUBSTITUTE(SUBSTITUTE(SUBSTITUTE(SUBSTITUTE(SUBSTITUTE(SUBSTITUTE(SUBSTITUTE(SUBSTITUTE(SUBSTITUTE(SUBSTITUTE(SUBSTITUTE(SUBSTITUTE('Input Sheet'!J15,$C$3,$D$3),$C$4,$D$4),$C$5,$D$5),$C$6,$D$6),$C$7,$D$7),$C$8,$D$8),$C$9,$D$9),$C$10,$D$10),$C$11,$D$11),$C$12,$D$12),$C$13,$D$13),$C$14,$D$14),$C$15,$D$15),$C$16,$D$16),$C$17,$D$17),$C$18,$D$18),$C$19,$D$19),$C$20,$D$20),$C$21,$D$21),$C$22,$D$22),$C$23,$D$23),$C$24,$D$24),$C$25,$D$25),$C$26,$D$26),$C$27,$D$27),$C$28,$D$28),$C$29,$D$29),$C$30,$D$30),$C$31,$D$31),$C$32,$D$32),$C$33,$D$33) | N13: =CONCATENATE(M13, IF('Input Sheet'!J15="",""," siderite in "))
A14: =IF('Input Sheet'!C16="","",CONCATENATE("Sample ", 'Input Sheet'!B16, "m: ", L14, F14, "% ", "Siltstone, ", N14, 'Input Sheet'!C16, "% ", H14, " Sandstone, ", J14, I14, " FLUOR in SST. ", "TG ", 'Input Sheet'!H16, "U")) -> Sample 1915m: 80% Siltstone, 20% fine Sandstone, 100% dull FLUOR in SST. TG 20.4U | C14: bri | D14: bright | F14: =IF('Input Sheet'!C16="","",100-'Input Sheet'!C16) -> 80 | G14: =SUBSTITUTE(SUBSTITUTE(SUBSTITUTE(SUBSTITUTE(SUBSTITUTE(SUBSTITUTE(SUBSTITUTE(SUBSTITUTE(SUBSTITUTE(SUBSTITUTE(SUBSTITUTE(SUBSTITUTE(SUBSTITUTE(SUBSTITUTE(SUBSTITUTE(SUBSTITUTE(SUBSTITUTE(SUBSTITUTE(SUBSTITUTE(SUBSTITUTE(SUBSTITUTE(SUBSTITUTE(SUBSTITUTE(SUBSTITUTE(SUBSTITUTE(SUBSTITUTE(SUBSTITUTE(SUBSTITUTE(SUBSTITUTE(SUBSTITUTE(SUBSTITUTE('Input Sheet'!D16,$C$3,$D$3),$C$4,$D$4),$C$5,$D$5),$C$6,$D$6),$C$7,$D$7),$C$8,$D$8),$C$9,$D$9),$C$10,$D$10),$C$11,$D$11),$C$12,$D$12),$C$13,$D$13),$C$14,$D$14),$C$15,$D$15),$C$16,$D$16),$C$17,$D$17),$C$18,$D$18),$C$19,$D$19),$C$20,$D$20),$C$21,$D$21),$C$22,$D$22),$C$23,$D$23),$C$24,$D$24),$C$25,$D$25),$C$26,$D$26),$C$27,$D$27),$C$28,$D$28),$C$29,$D$29),$C$30,$D$30),$C$31,$D$31),$C$32,$D$32),$C$33,$D$33) -> fine | H14: =SUBSTITUTE(G14, "veryfine", "very fine") -> fine | I14: =SUBSTITUTE(SUBSTITUTE(SUBSTITUTE(SUBSTITUTE(SUBSTITUTE(SUBSTITUTE(SUBSTITUTE(SUBSTITUTE(SUBSTITUTE(SUBSTITUTE(SUBSTITUTE(SUBSTITUTE(SUBSTITUTE(SUBSTITUTE(SUBSTITUTE(SUBSTITUTE(SUBSTITUTE(SUBSTITUTE(SUBSTITUTE(SUBSTITUTE(SUBSTITUTE(SUBSTITUTE(SUBSTITUTE(SUBSTITUTE(SUBSTITUTE(SUBSTITUTE(SUBSTITUTE(SUBSTITUTE(SUBSTITUTE(SUBSTITUTE(SUBSTITUTE('Input Sheet'!G16,$C$3,$D$3),$C$4,$D$4),$C$5,$D$5),$C$6,$D$6),$C$7,$D$7),$C$8,$D$8),$C$9,$D$9),$C$10,$D$10),$C$11,$D$11),$C$12,$D$12),$C$13,$D$13),$C$14,$D$14),$C$15,$D$15),$C$16,$D$16),$C$17,$D$17),$C$18,$D$18),$C$19,$D$19),$C$20,$D$20),$C$21,$D$21),$C$22,$D$22),$C$23,$D$23),$C$24,$D$24),$C$25,$D$25),$C$26,$D$26),$C$27,$D$27),$C$28,$D$28),$C$29,$D$29),$C$30,$D$30),$C$31,$D$31),$C$32,$D$32),$C$33,$D$33) -> dull | J14: =IF('Input Sheet'!F16=0, "NO",CONCATENATE('Input Sheet'!F16, IF('Input Sheet'!F16>0,"% ",""))) -> 100% | K14: =SUBSTITUTE(SUBSTITUTE(SUBSTITUTE(SUBSTITUTE(SUBSTITUTE(SUBSTITUTE(SUBSTITUTE(SUBSTITUTE(SUBSTITUTE(SUBSTITUTE(SUBSTITUTE(SUBSTITUTE(SUBSTITUTE(SUBSTITUTE(SUBSTITUTE(SUBSTITUTE(SUBSTITUTE(SUBSTITUTE(SUBSTITUTE(SUBSTITUTE(SUBSTITUTE(SUBSTITUTE(SUBSTITUTE(SUBSTITUTE(SUBSTITUTE(SUBSTITUTE(SUBSTITUTE(SUBSTITUTE(SUBSTITUTE(SUBSTITUTE(SUBSTITUTE('Input Sheet'!I16,$C$3,$D$3),$C$4,$D$4),$C$5,$D$5),$C$6,$D$6),$C$7,$D$7),$C$8,$D$8),$C$9,$D$9),$C$10,$D$10),$C$11,$D$11),$C$12,$D$12),$C$13,$D$13),$C$14,$D$14),$C$15,$D$15),$C$16,$D$16),$C$17,$D$17),$C$18,$D$18),$C$19,$D$19),$C$20,$D$20),$C$21,$D$21),$C$22,$D$22),$C$23,$D$23),$C$24,$D$24),$C$25,$D$25),$C$26,$D$26),$C$27,$D$27),$C$28,$D$28),$C$29,$D$29),$C$30,$D$30),$C$31,$D$31),$C$32,$D$32),$C$33,$D$33) | L14: =CONCATENATE(K14, IF('Input Sheet'!I16="",""," siderite in ")) | M14: =SUBSTITUTE(SUBSTITUTE(SUBSTITUTE(SUBSTITUTE(SUBSTITUTE(SUBSTITUTE(SUBSTITUTE(SUBSTITUTE(SUBSTITUTE(SUBSTITUTE(SUBSTITUTE(SUBSTITUTE(SUBSTITUTE(SUBSTITUTE(SUBSTITUTE(SUBSTITUTE(SUBSTITUTE(SUBSTITUTE(SUBSTITUTE(SUBSTITUTE(SUBSTITUTE(SUBSTITUTE(SUBSTITUTE(SUBSTITUTE(SUBSTITUTE(SUBSTITUTE(SUBSTITUTE(SUBSTITUTE(SUBSTITUTE(SUBSTITUTE(SUBSTITUTE('Input Sheet'!J16,$C$3,$D$3),$C$4,$D$4),$C$5,$D$5),$C$6,$D$6),$C$7,$D$7),$C$8,$D$8),$C$9,$D$9),$C$10,$D$10),$C$11,$D$11),$C$12,$D$12),$C$13,$D$13),$C$14,$D$14),$C$15,$D$15),$C$16,$D$16),$C$17,$D$17),$C$18,$D$18),$C$19,$D$19),$C$20,$D$20),$C$21,$D$21),$C$22,$D$22),$C$23,$D$23),$C$24,$D$24),$C$25,$D$25),$C$26,$D$26),$C$27,$D$27),$C$28,$D$28),$C$29,$D$29),$C$30,$D$30),$C$31,$D$31),$C$32,$D$32),$C$33,$D$33) | N14: =CONCATENATE(M14, IF('Input Sheet'!J16="",""," siderite in "))
A15: =IF('Input Sheet'!C17="","",CONCATENATE("Sample ", 'Input Sheet'!B17, "m: ", L15, F15, "% ", "Siltstone, ", N15, 'Input Sheet'!C17, "% ", H15, " Sandstone, ", J15, I15, " FLUOR in SST. ", "TG ", 'Input Sheet'!H17, "U")) -> Sample 1920m: 80% Siltstone, 20% fine Sandstone, 100% dull FLUOR in SST. TG 10.8U | C15: dll | D15: dull | F15: =IF('Input Sheet'!C17="","",100-'Input Sheet'!C17) -> 80 | G15: =SUBSTITUTE(SUBSTITUTE(SUBSTITUTE(SUBSTITUTE(SUBSTITUTE(SUBSTITUTE(SUBSTITUTE(SUBSTITUTE(SUBSTITUTE(SUBSTITUTE(SUBSTITUTE(SUBSTITUTE(SUBSTITUTE(SUBSTITUTE(SUBSTITUTE(SUBSTITUTE(SUBSTITUTE(SUBSTITUTE(SUBSTITUTE(SUBSTITUTE(SUBSTITUTE(SUBSTITUTE(SUBSTITUTE(SUBSTITUTE(SUBSTITUTE(SUBSTITUTE(SUBSTITUTE(SUBSTITUTE(SUBSTITUTE(SUBSTITUTE(SUBSTITUTE('Input Sheet'!D17,$C$3,$D$3),$C$4,$D$4),$C$5,$D$5),$C$6,$D$6),$C$7,$D$7),$C$8,$D$8),$C$9,$D$9),$C$10,$D$10),$C$11,$D$11),$C$12,$D$12),$C$13,$D$13),$C$14,$D$14),$C$15,$D$15),$C$16,$D$16),$C$17,$D$17),$C$18,$D$18),$C$19,$D$19),$C$20,$D$20),$C$21,$D$21),$C$22,$D$22),$C$23,$D$23),$C$24,$D$24),$C$25,$D$25),$C$26,$D$26),$C$27,$D$27),$C$28,$D$28),$C$29,$D$29),$C$30,$D$30),$C$31,$D$31),$C$32,$D$32),$C$33,$D$33) -> fine | H15: =SUBSTITUTE(G15, "veryfine", "very fine") -> fine | I15: =SUBSTITUTE(SUBSTITUTE(SUBSTITUTE(SUBSTITUTE(SUBSTITUTE(SUBSTITUTE(SUBSTITUTE(SUBSTITUTE(SUBSTITUTE(SUBSTITUTE(SUBSTITUTE(SUBSTITUTE(SUBSTITUTE(SUBSTITUTE(SUBSTITUTE(SUBSTITUTE(SUBSTITUTE(SUBSTITUTE(SUBSTITUTE(SUBSTITUTE(SUBSTITUTE(SUBSTITUTE(SUBSTITUTE(SUBSTITUTE(SUBSTITUTE(SUBSTITUTE(SUBSTITUTE(SUBSTITUTE(SUBSTITUTE(SUBSTITUTE(SUBSTITUTE('Input Sheet'!G17,$C$3,$D$3),$C$4,$D$4),$C$5,$D$5),$C$6,$D$6),$C$7,$D$7),$C$8,$D$8),$C$9,$D$9),$C$10,$D$10),$C$11,$D$11),$C$12,$D$12),$C$13,$D$13),$C$14,$D$14),$C$15,$D$15),$C$16,$D$16),$C$17,$D$17),$C$18,$D$18),$C$19,$D$19),$C$20,$D$20),$C$21,$D$21),$C$22,$D$22),$C$23,$D$23),$C$24,$D$24),$C$25,$D$25),$C$26,$D$26),$C$27,$D$27),$C$28,$D$28),$C$29,$D$29),$C$30,$D$30),$C$31,$D$31),$C$32,$D$32),$C$33,$D$33) -> dull | J15: =IF('Input Sheet'!F17=0, "NO",CONCATENATE('Input Sheet'!F17, IF('Input Sheet'!F17>0,"% ",""))) -> 100% | K15: =SUBSTITUTE(SUBSTITUTE(SUBSTITUTE(SUBSTITUTE(SUBSTITUTE(SUBSTITUTE(SUBSTITUTE(SUBSTITUTE(SUBSTITUTE(SUBSTITUTE(SUBSTITUTE(SUBSTITUTE(SUBSTITUTE(SUBSTITUTE(SUBSTITUTE(SUBSTITUTE(SUBSTITUTE(SUBSTITUTE(SUBSTITUTE(SUBSTITUTE(SUBSTITUTE(SUBSTITUTE(SUBSTITUTE(SUBSTITUTE(SUBSTITUTE(SUBSTITUTE(SUBSTITUTE(SUBSTITUTE(SUBSTITUTE(SUBSTITUTE(SUBSTITUTE('Input Sheet'!I17,$C$3,$D$3),$C$4,$D$4),$C$5,$D$5),$C$6,$D$6),$C$7,$D$7),$C$8,$D$8),$C$9,$D$9),$C$10,$D$10),$C$11,$D$11),$C$12,$D$12),$C$13,$D$13),$C$14,$D$14),$C$15,$D$15),$C$16,$D$16),$C$17,$D$17),$C$18,$D$18),$C$19,$D$19),$C$20,$D$20),$C$21,$D$21),$C$22,$D$22),$C$23,$D$23),$C$24,$D$24),$C$25,$D$25),$C$26,$D$26),$C$27,$D$27),$C$28,$D$28),$C$29,$D$29),$C$30,$D$30),$C$31,$D$31),$C$32,$D$32),$C$33,$D$33) | L15: =CONCATENATE(K15, IF('Input Sheet'!I17="",""," siderite in ")) | M15: =SUBSTITUTE(SUBSTITUTE(SUBSTITUTE(SUBSTITUTE(SUBSTITUTE(SUBSTITUTE(SUBSTITUTE(SUBSTITUTE(SUBSTITUTE(SUBSTITUTE(SUBSTITUTE(SUBSTITUTE(SUBSTITUTE(SUBSTITUTE(SUBSTITUTE(SUBSTITUTE(SUBSTITUTE(SUBSTITUTE(SUBSTITUTE(SUBSTITUTE(SUBSTITUTE(SUBSTITUTE(SUBSTITUTE(SUBSTITUTE(SUBSTITUTE(SUBSTITUTE(SUBSTITUTE(SUBSTITUTE(SUBSTITUTE(SUBSTITUTE(SUBSTITUTE('Input Sheet'!J17,$C$3,$D$3),$C$4,$D$4),$C$5,$D$5),$C$6,$D$6),$C$7,$D$7),$C$8,$D$8),$C$9,$D$9),$C$10,$D$10),$C$11,$D$11),$C$12,$D$12),$C$13,$D$13),$C$14,$D$14),$C$15,$D$15),$C$16,$D$16),$C$17,$D$17),$C$18,$D$18),$C$19,$D$19),$C$20,$D$20),$C$21,$D$21),$C$22,$D$22),$C$23,$D$23),$C$24,$D$24),$C$25,$D$25),$C$26,$D$26),$C$27,$D$27),$C$28,$D$28),$C$29,$D$29),$C$30,$D$30),$C$31,$D$31),$C$32,$D$32),$C$33,$D$33) | N15: =CONCATENATE(M15, IF('Input Sheet'!J17="",""," siderite in "))
... A19: =IF('Input Sheet'!C21="","",CONCATENATE("Sample ", 'Input Sheet'!B21, "m: ", L19, F19, "% ", "Siltstone, ", N19, 'Input Sheet'!C21, "% ", H19, " Sandstone, ", J19, I19, " FLUOR in SST. ", "TG ", 'Input Sheet'!H21, "U")) -> Sample 1940m: common siderite in 80% Siltstone, 20% fine Sandstone, 100% dull FLUOR in SST. TG 13.6U | C19: pl | D19: pale | F19: =IF('Input Sheet'!C21="","",100-'Input Sheet'!C21) -> 80 | G19: =SUBSTITUTE(SUBSTITUTE(SUBSTITUTE(SUBSTITUTE(SUBSTITUTE(SUBSTITUTE(SUBSTITUTE(SUBSTITUTE(SUBSTITUTE(SUBSTITUTE(SUBSTITUTE(SUBSTITUTE(SUBSTITUTE(SUBSTITUTE(SUBSTITUTE(SUBSTITUTE(SUBSTITUTE(SUBSTITUTE(SUBSTITUTE(SUBSTITUTE(SUBSTITUTE(SUBSTITUTE(SUBSTITUTE(SUBSTITUTE(SUBSTITUTE(SUBSTITUTE(SUBSTITUTE(SUBSTITUTE(SUBSTITUTE(SUBSTITUTE(SUBSTITUTE('Input Sheet'!D21,$C$3,$D$3),$C$4,$D$4),$C$5,$D$5),$C$6,$D$6),$C$7,$D$7),$C$8,$D$8),$C$9,$D$9),$C$10,$D$10),$C$11,$D$11),$C$12,$D$12),$C$13,$D$13),$C$14,$D$14),$C$15,$D$15),$C$16,$D$16),$C$17,$D$17),$C$18,$D$18),$C$19,$D$19),$C$20,$D$20),$C$21,$D$21),$C$22,$D$22),$C$23,$D$23),$C$24,$D$24),$C$25,$D$25),$C$26,$D$26),$C$27,$D$27),$C$28,$D$28),$C$29,$D$29),$C$30,$D$30),$C$31,$D$31),$C$32,$D$32),$C$33,$D$33) -> fine | H19: =SUBSTITUTE(G19, "veryfine", "very fine") -> fine | I19: =SUBSTITUTE(SUBSTITUTE(SUBSTITUTE(SUBSTITUTE(SUBSTITUTE(SUBSTITUTE(SUBSTITUTE(SUBSTITUTE(SUBSTITUTE(SUBSTITUTE(SUBSTITUTE(SUBSTITUTE(SUBSTITUTE(SUBSTITUTE(SUBSTITUTE(SUBSTITUTE(SUBSTITUTE(SUBSTITUTE(SUBSTITUTE(SUBSTITUTE(SUBSTITUTE(SUBSTITUTE(SUBSTITUTE(SUBSTITUTE(SUBSTITUTE(SUBSTITUTE(SUBSTITUTE(SUBSTITUTE(SUBSTITUTE(SUBSTITUTE(SUBSTITUTE('Input Sheet'!G21,$C$3,$D$3),$C$4,$D$4),$C$5,$D$5),$C$6,$D$6),$C$7,$D$7),$C$8,$D$8),$C$9,$D$9),$C$10,$D$10),$C$11,$D$11),$C$12,$D$12),$C$13,$D$13),$C$14,$D$14),$C$15,$D$15),$C$16,$D$16),$C$17,$D$17),$C$18,$D$18),$C$19,$D$19),$C$20,$D$20),$C$21,$D$21),$C$22,$D$22),$C$23,$D$23),$C$24,$D$24),$C$25,$D$25),$C$26,$D$26),$C$27,$D$27),$C$28,$D$28),$C$29,$D$29),$C$30,$D$30),$C$31,$D$31),$C$32,$D$32),$C$33,$D$33) -> dull | J19: =IF('Input Sheet'!F21=0, "NO",CONCATENATE('Input Sheet'!F21, IF('Input Sheet'!F21>0,"% ",""))) -> 100% | K19: =SUBSTITUTE(SUBSTITUTE(SUBSTITUTE(SUBSTITUTE(SUBSTITUTE(SUBSTITUTE(SUBSTITUTE(SUBSTITUTE(SUBSTITUTE(SUBSTITUTE(SUBSTITUTE(SUBSTITUTE(SUBSTITUTE(SUBSTITUTE(SUBSTITUTE(SUBSTITUTE(SUBSTITUTE(SUBSTITUTE(SUBSTITUTE(SUBSTITUTE(SUBSTITUTE(SUBSTITUTE(SUBSTITUTE(SUBSTITUTE(SUBSTITUTE(SUBSTITUTE(SUBSTITUTE(SUBSTITUTE(SUBSTITUTE(SUBSTITUTE(SUBSTITUTE('Input Sheet'!I21,$C$3,$D$3),$C$4,$D$4),$C$5,$D$5),$C$6,$D$6),$C$7,$D$7),$C$8,$D$8),$C$9,$D$9),$C$10,$D$10),$C$11,$D$11),$C$12,$D$12),$C$13,$D$13),$C$14,$D$14),$C$15,$D$15),$C$16,$D$16),$C$17,$D$17),$C$18,$D$18),$C$19,$D$19),$C$20,$D$20),$C$21,$D$21),$C$22,$D$22),$C$23,$D$23),$C$24,$D$24),$C$25,$D$25),$C$26,$D$26),$C$27,$D$27),$C$28,$D$28),$C$29,$D$29),$C$30,$D$30),$C$31,$D$31),$C$32,$D$32),$C$33,$D$33) -> common | L19: =CONCATENATE(K19, IF('Input Sheet'!I21="",""," siderite in ")) -> common siderite in | M19: =SUBSTITUTE(SUBSTITUTE(SUBSTITUTE(SUBSTITUTE(SUBSTITUTE(SUBSTITUTE(SUBSTITUTE(SUBSTITUTE(SUBSTITUTE(SUBSTITUTE(SUBSTITUTE(SUBSTITUTE(SUBSTITUTE(SUBSTITUTE(SUBSTITUTE(SUBSTITUTE(SUBSTITUTE(SUBSTITUTE(SUBSTITUTE(SUBSTITUTE(SUBSTITUTE(SUBSTITUTE(SUBSTITUTE(SUBSTITUTE(SUBSTITUTE(SUBSTITUTE(SUBSTITUTE(SUBSTITUTE(SUBSTITUTE(SUBSTITUTE(SUBSTITUTE('Input Sheet'!J21,$C$3,$D$3),$C$4,$D$4),$C$5,$D$5),$C$6,$D$6),$C$7,$D$7),$C$8,$D$8),$C$9,$D$9),$C$10,$D$10),$C$11,$D$11),$C$12,$D$12),$C$13,$D$13),$C$14,$D$14),$C$15,$D$15),$C$16,$D$16),$C$17,$D$17),$C$18,$D$18),$C$19,$D$19),$C$20,$D$20),$C$21,$D$21),$C$22,$D$22),$C$23,$D$23),$C$24,$D$24),$C$25,$D$25),$C$26,$D$26),$C$27,$D$27),$C$28,$D$28),$C$29,$D$29),$C$30,$D$30),$C$31,$D$31),$C$32,$D$32),$C$33,$D$33) | N19: =CONCATENATE(M19, IF('Input Sheet'!J21="",""," siderite in "))
A20: =IF('Input Sheet'!C22="","",CONCATENATE("Sample ", 'Input Sheet'!B22, "m: ", L20, F20, "% ", "Siltstone, ", N20, 'Input Sheet'!C22, "% ", H20, " Sandstone, ", J20, I20, " FLUOR in SST. ", "TG ", 'Input Sheet'!H22, "U")) -> Sample 1945m: 80% Siltstone, 20% fine Sandstone, 100% dull FLUOR in SST. TG 15.1U | F20: =IF('Input Sheet'!C22="","",100-'Input Sheet'!C22) -> 80 | G20: =SUBSTITUTE(SUBSTITUTE(SUBSTITUTE(SUBSTITUTE(SUBSTITUTE(SUBSTITUTE(SUBSTITUTE(SUBSTITUTE(SUBSTITUTE(SUBSTITUTE(SUBSTITUTE(SUBSTITUTE(SUBSTITUTE(SUBSTITUTE(SUBSTITUTE(SUBSTITUTE(SUBSTITUTE(SUBSTITUTE(SUBSTITUTE(SUBSTITUTE(SUBSTITUTE(SUBSTITUTE(SUBSTITUTE(SUBSTITUTE(SUBSTITUTE(SUBSTITUTE(SUBSTITUTE(SUBSTITUTE(SUBSTITUTE(SUBSTITUTE(SUBSTITUTE('Input Sheet'!D22,$C$3,$D$3),$C$4,$D$4),$C$5,$D$5),$C$6,$D$6),$C$7,$D$7),$C$8,$D$8),$C$9,$D$9),$C$10,$D$10),$C$11,$D$11),$C$12,$D$12),$C$13,$D$13),$C$14,$D$14),$C$15,$D$15),$C$16,$D$16),$C$17,$D$17),$C$18,$D$18),$C$19,$D$19),$C$20,$D$20),$C$21,$D$21),$C$22,$D$22),$C$23,$D$23),$C$24,$D$24),$C$25,$D$25),$C$26,$D$26),$C$27,$D$27),$C$28,$D$28),$C$29,$D$29),$C$30,$D$30),$C$31,$D$31),$C$32,$D$32),$C$33,$D$33) -> fine | H20: =SUBSTITUTE(G20, "veryfine", "very fine") -> fine | I20: =SUBSTITUTE(SUBSTITUTE(SUBSTITUTE(SUBSTITUTE(SUBSTITUTE(SUBSTITUTE(SUBSTITUTE(SUBSTITUTE(SUBSTITUTE(SUBSTITUTE(SUBSTITUTE(SUBSTITUTE(SUBSTITUTE(SUBSTITUTE(SUBSTITUTE(SUBSTITUTE(SUBSTITUTE(SUBSTITUTE(SUBSTITUTE(SUBSTITUTE(SUBSTITUTE(SUBSTITUTE(SUBSTITUTE(SUBSTITUTE(SUBSTITUTE(SUBSTITUTE(SUBSTITUTE(SUBSTITUTE(SUBSTITUTE(SUBSTITUTE(SUBSTITUTE('Input Sheet'!G22,$C$3,$D$3),$C$4,$D$4),$C$5,$D$5),$C$6,$D$6),$C$7,$D$7),$C$8,$D$8),$C$9,$D$9),$C$10,$D$10),$C$11,$D$11),$C$12,$D$12),$C$13,$D$13),$C$14,$D$14),$C$15,$D$15),$C$16,$D$16),$C$17,$D$17),$C$18,$D$18),$C$19,$D$19),$C$20,$D$20),$C$21,$D$21),$C$22,$D$22),$C$23,$D$23),$C$24,$D$24),$C$25,$D$25),$C$26,$D$26),$C$27,$D$27),$C$28,$D$28),$C$29,$D$29),$C$30,$D$30),$C$31,$D$31),$C$32,$D$32),$C$33,$D$33) -> dull | J20: =IF('Input Sheet'!F22=0, "NO",CONCATENATE('Input Sheet'!F22, IF('Input Sheet'!F22>0,"% ",""))) -> 100% | K20: =SUBSTITUTE(SUBSTITUTE(SUBSTITUTE(SUBSTITUTE(SUBSTITUTE(SUBSTITUTE(SUBSTITUTE(SUBSTITUTE(SUBSTITUTE(SUBSTITUTE(SUBSTITUTE(SUBSTITUTE(SUBSTITUTE(SUBSTITUTE(SUBSTITUTE(SUBSTITUTE(SUBSTITUTE(SUBSTITUTE(SUBSTITUTE(SUBSTITUTE(SUBSTITUTE(SUBSTITUTE(SUBSTITUTE(SUBSTITUTE(SUBSTITUTE(SUBSTITUTE(SUBSTITUTE(SUBSTITUTE(SUBSTITUTE(SUBSTITUTE(SUBSTITUTE('Input Sheet'!I22,$C$3,$D$3),$C$4,$D$4),$C$5,$D$5),$C$6,$D$6),$C$7,$D$7),$C$8,$D$8),$C$9,$D$9),$C$10,$D$10),$C$11,$D$11),$C$12,$D$12),$C$13,$D$13),$C$14,$D$14),$C$15,$D$15),$C$16,$D$16),$C$17,$D$17),$C$18,$D$18),$C$19,$D$19),$C$20,$D$20),$C$21,$D$21),$C$22,$D$22),$C$23,$D$23),$C$24,$D$24),$C$25,$D$25),$C$26,$D$26),$C$27,$D$27),$C$28,$D$28),$C$29,$D$29),$C$30,$D$30),$C$31,$D$31),$C$32,$D$32),$C$33,$D$33) | L20: =CONCATENATE(K20, IF('Input Sheet'!I22="",""," siderite in ")) | M20: =SUBSTITUTE(SUBSTITUTE(SUBSTITUTE(SUBSTITUTE(SUBSTITUTE(SUBSTITUTE(SUBSTITUTE(SUBSTITUTE(SUBSTITUTE(SUBSTITUTE(SUBSTITUTE(SUBSTITUTE(SUBSTITUTE(SUBSTITUTE(SUBSTITUTE(SUBSTITUTE(SUBSTITUTE(SUBSTITUTE(SUBSTITUTE(SUBSTITUTE(SUBSTITUTE(SUBSTITUTE(SUBSTITUTE(SUBSTITUTE(SUBSTITUTE(SUBSTITUTE(SUBSTITUTE(SUBSTITUTE(SUBSTITUTE(SUBSTITUTE(SUBSTITUTE('Input Sheet'!J22,$C$3,$D$3),$C$4,$D$4),$C$5,$D$5),$C$6,$D$6),$C$7,$D$7),$C$8,$D$8),$C$9,$D$9),$C$10,$D$10),$C$11,$D$11),$C$12,$D$12),$C$13,$D$13),$C$14,$D$14),$C$15,$D$15),$C$16,$D$16),$C$17,$D$17),$C$18,$D$18),$C$19,$D$19),$C$20,$D$20),$C$21,$D$21),$C$22,$D$22),$C$23,$D$23),$C$24,$D$24),$C$25,$D$25),$C$26,$D$26),$C$27,$D$27),$C$28,$D$28),$C$29,$D$29),$C$30,$D$30),$C$31,$D$31),$C$32,$D$32),$C$33,$D$33) | N20: =CONCATENATE(M20, IF('Input Sheet'!J22="",""," siderite in "))
A21: =IF('Input Sheet'!C23="","",CONCATENATE("Sample ", 'Input Sheet'!B23, "m: ", L21, F21, "% ", "Siltstone, ", N21, 'Input Sheet'!C23, "% ", H21, " Sandstone, ", J21, I21, " FLUOR in SST. ", "TG ", 'Input Sheet'!H23, "U")) -> Sample 1950m: 80% Siltstone, 20% fine Sandstone, 100% dull FLUOR in SST. TG 23.2U | F21: =IF('Input Sheet'!C23="","",100-'Input Sheet'!C23) -> 80 | G21: =SUBSTITUTE(SUBSTITUTE(SUBSTITUTE(SUBSTITUTE(SUBSTITUTE(SUBSTITUTE(SUBSTITUTE(SUBSTITUTE(SUBSTITUTE(SUBSTITUTE(SUBSTITUTE(SUBSTITUTE(SUBSTITUTE(SUBSTITUTE(SUBSTITUTE(SUBSTITUTE(SUBSTITUTE(SUBSTITUTE(SUBSTITUTE(SUBSTITUTE(SUBSTITUTE(SUBSTITUTE(SUBSTITUTE(SUBSTITUTE(SUBSTITUTE(SUBSTITUTE(SUBSTITUTE(SUBSTITUTE(SUBSTITUTE(SUBSTITUTE(SUBSTITUTE('Input Sheet'!D23,$C$3,$D$3),$C$4,$D$4),$C$5,$D$5),$C$6,$D$6),$C$7,$D$7),$C$8,$D$8),$C$9,$D$9),$C$10,$D$10),$C$11,$D$11),$C$12,$D$12),$C$13,$D$13),$C$14,$D$14),$C$15,$D$15),$C$16,$D$16),$C$17,$D$17),$C$18,$D$18),$C$19,$D$19),$C$20,$D$20),$C$21,$D$21),$C$22,$D$22),$C$23,$D$23),$C$24,$D$24),$C$25,$D$25),$C$26,$D$26),$C$27,$D$27),$C$28,$D$28),$C$29,$D$29),$C$30,$D$30),$C$31,$D$31),$C$32,$D$32),$C$33,$D$33) -> fine | H21: =SUBSTITUTE(G21, "veryfine", "very fine") -> fine | I21: =SUBSTITUTE(SUBSTITUTE(SUBSTITUTE(SUBSTITUTE(SUBSTITUTE(SUBSTITUTE(SUBSTITUTE(SUBSTITUTE(SUBSTITUTE(SUBSTITUTE(SUBSTITUTE(SUBSTITUTE(SUBSTITUTE(SUBSTITUTE(SUBSTITUTE(SUBSTITUTE(SUBSTITUTE(SUBSTITUTE(SUBSTITUTE(SUBSTITUTE(SUBSTITUTE(SUBSTITUTE(SUBSTITUTE(SUBSTITUTE(SUBSTITUTE(SUBSTITUTE(SUBSTITUTE(SUBSTITUTE(SUBSTITUTE(SUBSTITUTE(SUBSTITUTE('Input Sheet'!G23,$C$3,$D$3),$C$4,$D$4),$C$5,$D$5),$C$6,$D$6),$C$7,$D$7),$C$8,$D$8),$C$9,$D$9),$C$10,$D$10),$C$11,$D$11),$C$12,$D$12),$C$13,$D$13),$C$14,$D$14),$C$15,$D$15),$C$16,$D$16),$C$17,$D$17),$C$18,$D$18),$C$19,$D$19),$C$20,$D$20),$C$21,$D$21),$C$22,$D$22),$C$23,$D$23),$C$24,$D$24),$C$25,$D$25),$C$26,$D$26),$C$27,$D$27),$C$28,$D$28),$C$29,$D$29),$C$30,$D$30),$C$31,$D$31),$C$32,$D$32),$C$33,$D$33) -> dull | J21: =IF('Input Sheet'!F23=0, "NO",CONCATENATE('Input Sheet'!F23, IF('Input Sheet'!F23>0,"% ",""))) -> 100% | K21: =SUBSTITUTE(SUBSTITUTE(SUBSTITUTE(SUBSTITUTE(SUBSTITUTE(SUBSTITUTE(SUBSTITUTE(SUBSTITUTE(SUBSTITUTE(SUBSTITUTE(SUBSTITUTE(SUBSTITUTE(SUBSTITUTE(SUBSTITUTE(SUBSTITUTE(SUBSTITUTE(SUBSTITUTE(SUBSTITUTE(SUBSTITUTE(SUBSTITUTE(SUBSTITUTE(SUBSTITUTE(SUBSTITUTE(SUBSTITUTE(SUBSTITUTE(SUBSTITUTE(SUBSTITUTE(SUBSTITUTE(SUBSTITUTE(SUBSTITUTE(SUBSTITUTE('Input Sheet'!I23,$C$3,$D$3),$C$4,$D$4),$C$5,$D$5),$C$6,$D$6),$C$7,$D$7),$C$8,$D$8),$C$9,$D$9),$C$10,$D$10),$C$11,$D$11),$C$12,$D$12),$C$13,$D$13),$C$14,$D$14),$C$15,$D$15),$C$16,$D$16),$C$17,$D$17),$C$18,$D$18),$C$19,$D$19),$C$20,$D$20),$C$21,$D$21),$C$22,$D$22),$C$23,$D$23),$C$24,$D$24),$C$25,$D$25),$C$26,$D$26),$C$27,$D$27),$C$28,$D$28),$C$29,$D$29),$C$30,$D$30),$C$31,$D$31),$C$32,$D$32),$C$33,$D$33) | L21: =CONCATENATE(K21, IF('Input Sheet'!I23="",""," siderite in ")) | M21: =SUBSTITUTE(SUBSTITUTE(SUBSTITUTE(SUBSTITUTE(SUBSTITUTE(SUBSTITUTE(SUBSTITUTE(SUBSTITUTE(SUBSTITUTE(SUBSTITUTE(SUBSTITUTE(SUBSTITUTE(SUBSTITUTE(SUBSTITUTE(SUBSTITUTE(SUBSTITUTE(SUBSTITUTE(SUBSTITUTE(SUBSTITUTE(SUBSTITUTE(SUBSTITUTE(SUBSTITUTE(SUBSTITUTE(SUBSTITUTE(SUBSTITUTE(SUBSTITUTE(SUBSTITUTE(SUBSTITUTE(SUBSTITUTE(SUBSTITUTE(SUBSTITUTE('Input Sheet'!J23,$C$3,$D$3),$C$4,$D$4),$C$5,$D$5),$C$6,$D$6),$C$7,$D$7),$C$8,$D$8),$C$9,$D$9),$C$10,$D$10),$C$11,$D$11),$C$12,$D$12),$C$13,$D$13),$C$14,$D$14),$C$15,$D$15),$C$16,$D$16),$C$17,$D$17),$C$18,$D$18),$C$19,$D$19),$C$20,$D$20),$C$21,$D$21),$C$22,$D$22),$C$23,$D$23),$C$24,$D$24),$C$25,$D$25),$C$26,$D$26),$C$27,$D$27),$C$28,$D$28),$C$29,$D$29),$C$30,$D$30),$C$31,$D$31),$C$32,$D$32),$C$33,$D$33) | N21: =CONCATENATE(M21, IF('Input Sheet'!J23="",""," siderite in "))
A22: =IF('Input Sheet'!C24="","",CONCATENATE("Sample ", 'Input Sheet'!B24, "m: ", L22, F22, "% ", "Siltstone, ", N22, 'Input Sheet'!C24, "% ", H22, " Sandstone, ", J22, I22, " FLUOR in SST. ", "TG ", 'Input Sheet'!H24, "U")) -> Sample 1955m: 75% Siltstone, 25% fine Sandstone, 100% pale FLUOR in SST. TG 23U | F22: =IF('Input Sheet'!C24="","",100-'Input Sheet'!C24) -> 75 | G22: =SUBSTITUTE(SUBSTITUTE(SUBSTITUTE(SUBSTITUTE(SUBSTITUTE(SUBSTITUTE(SUBSTITUTE(SUBSTITUTE(SUBSTITUTE(SUBSTITUTE(SUBSTITUTE(SUBSTITUTE(SUBSTITUTE(SUBSTITUTE(SUBSTITUTE(SUBSTITUTE(SUBSTITUTE(SUBSTITUTE(SUBSTITUTE(SUBSTITUTE(SUBSTITUTE(SUBSTITUTE(SUBSTITUTE(SUBSTITUTE(SUBSTITUTE(SUBSTITUTE(SUBSTITUTE(SUBSTITUTE(SUBSTITUTE(SUBSTITUTE(SUBSTITUTE('Input Sheet'!D24,$C$3,$D$3),$C$4,$D$4),$C$5,$D$5),$C$6,$D$6),$C$7,$D$7),$C$8,$D$8),$C$9,$D$9),$C$10,$D$10),$C$11,$D$11),$C$12,$D$12),$C$13,$D$13),$C$14,$D$14),$C$15,$D$15),$C$16,$D$16),$C$17,$D$17),$C$18,$D$18),$C$19,$D$19),$C$20,$D$20),$C$21,$D$21),$C$22,$D$22),$C$23,$D$23),$C$24,$D$24),$C$25,$D$25),$C$26,$D$26),$C$27,$D$27),$C$28,$D$28),$C$29,$D$29),$C$30,$D$30),$C$31,$D$31),$C$32,$D$32),$C$33,$D$33) -> fine | H22: =SUBSTITUTE(G22, "veryfine", "very fine") -> fine | I22: =SUBSTITUTE(SUBSTITUTE(SUBSTITUTE(SUBSTITUTE(SUBSTITUTE(SUBSTITUTE(SUBSTITUTE(SUBSTITUTE(SUBSTITUTE(SUBSTITUTE(SUBSTITUTE(SUBSTITUTE(SUBSTITUTE(SUBSTITUTE(SUBSTITUTE(SUBSTITUTE(SUBSTITUTE(SUBSTITUTE(SUBSTITUTE(SUBSTITUTE(SUBSTITUTE(SUBSTITUTE(SUBSTITUTE(SUBSTITUTE(SUBSTITUTE(SUBSTITUTE(SUBSTITUTE(SUBSTITUTE(SUBSTITUTE(SUBSTITUTE(SUBSTITUTE('Input Sheet'!G24,$C$3,$D$3),$C$4,$D$4),$C$5,$D$5),$C$6,$D$6),$C$7,$D$7),$C$8,$D$8),$C$9,$D$9),$C$10,$D$10),$C$11,$D$11),$C$12,$D$12),$C$13,$D$13),$C$14,$D$14),$C$15,$D$15),$C$16,$D$16),$C$17,$D$17),$C$18,$D$18),$C$19,$D$19),$C$20,$D$20),$C$21,$D$21),$C$22,$D$22),$C$23,$D$23),$C$24,$D$24),$C$25,$D$25),$C$26,$D$26),$C$27,$D$27),$C$28,$D$28),$C$29,$D$29),$C$30,$D$30),$C$31,$D$31),$C$32,$D$32),$C$33,$D$33) -> pale | J22: =IF('Input Sheet'!F24=0, "NO",CONCATENATE('Input Sheet'!F24, IF('Input Sheet'!F24>0,"% ",""))) -> 100% | K22: =SUBSTITUTE(SUBSTITUTE(SUBSTITUTE(SUBSTITUTE(SUBSTITUTE(SUBSTITUTE(SUBSTITUTE(SUBSTITUTE(SUBSTITUTE(SUBSTITUTE(SUBSTITUTE(SUBSTITUTE(SUBSTITUTE(SUBSTITUTE(SUBSTITUTE(SUBSTITUTE(SUBSTITUTE(SUBSTITUTE(SUBSTITUTE(SUBSTITUTE(SUBSTITUTE(SUBSTITUTE(SUBSTITUTE(SUBSTITUTE(SUBSTITUTE(SUBSTITUTE(SUBSTITUTE(SUBSTITUTE(SUBSTITUTE(SUBSTITUTE(SUBSTITUTE('Input Sheet'!I24,$C$3,$D$3),$C$4,$D$4),$C$5,$D$5),$C$6,$D$6),$C$7,$D$7),$C$8,$D$8),$C$9,$D$9),$C$10,$D$10),$C$11,$D$11),$C$12,$D$12),$C$13,$D$13),$C$14,$D$14),$C$15,$D$15),$C$16,$D$16),$C$17,$D$17),$C$18,$D$18),$C$19,$D$19),$C$20,$D$20),$C$21,$D$21),$C$22,$D$22),$C$23,$D$23),$C$24,$D$24),$C$25,$D$25),$C$26,$D$26),$C$27,$D$27),$C$28,$D$28),$C$29,$D$29),$C$30,$D$30),$C$31,$D$31),$C$32,$D$32),$C$33,$D$33) | L22: =CONCATENATE(K22, IF('Input Sheet'!I24="",""," siderite in ")) | M22: =SUBSTITUTE(SUBSTITUTE(SUBSTITUTE(SUBSTITUTE(SUBSTITUTE(SUBSTITUTE(SUBSTITUTE(SUBSTITUTE(SUBSTITUTE(SUBSTITUTE(SUBSTITUTE(SUBSTITUTE(SUBSTITUTE(SUBSTITUTE(SUBSTITUTE(SUBSTITUTE(SUBSTITUTE(SUBSTITUTE(SUBSTITUTE(SUBSTITUTE(SUBSTITUTE(SUBSTITUTE(SUBSTITUTE(SUBSTITUTE(SUBSTITUTE(SUBSTITUTE(SUBSTITUTE(SUBSTITUTE(SUBSTITUTE(SUBSTITUTE(SUBSTITUTE('Input Sheet'!J24,$C$3,$D$3),$C$4,$D$4),$C$5,$D$5),$C$6,$D$6),$C$7,$D$7),$C$8,$D$8),$C$9,$D$9),$C$10,$D$10),$C$11,$D$11),$C$12,$D$12),$C$13,$D$13),$C$14,$D$14),$C$15,$D$15),$C$16,$D$16),$C$17,$D$17),$C$18,$D$18),$C$19,$D$19),$C$20,$D$20),$C$21,$D$21),$C$22,$D$22),$C$23,$D$23),$C$24,$D$24),$C$25,$D$25),$C$26,$D$26),$C$27,$D$27),$C$28,$D$28),$C$29,$D$29),$C$30,$D$30),$C$31,$D$31),$C$32,$D$32),$C$33,$D$33) | N22: =CONCATENATE(M22, IF('Input Sheet'!J24="",""," siderite in "))
A23: =IF('Input Sheet'!C25="","",CONCATENATE("Sample ", 'Input Sheet'!B25, "m: ", L23, F23, "% ", "Siltstone, ", N23, 'Input Sheet'!C25, "% ", H23, " Sandstone, ", J23, I23, " FLUOR in SST. ", "TG ", 'Input Sheet'!H25, "U")) -> Sample 1960m: trace siderite in 75% Siltstone, 25% fine Sandstone, 100% pale FLUOR in SST. TG 19.7U | F23: =IF('Input Sheet'!C25="","",100-'Input Sheet'!C25) -> 75 | G23: =SUBSTITUTE(SUBSTITUTE(SUBSTITUTE(SUBSTITUTE(SUBSTITUTE(SUBSTITUTE(SUBSTITUTE(SUBSTITUTE(SUBSTITUTE(SUBSTITUTE(SUBSTITUTE(SUBSTITUTE(SUBSTITUTE(SUBSTITUTE(SUBSTITUTE(SUBSTITUTE(SUBSTITUTE(SUBSTITUTE(SUBSTITUTE(SUBSTITUTE(SUBSTITUTE(SUBSTITUTE(SUBSTITUTE(SUBSTITUTE(SUBSTITUTE(SUBSTITUTE(SUBSTITUTE(SUBSTITUTE(SUBSTITUTE(SUBSTITUTE(SUBSTITUTE('Input Sheet'!D25,$C$3,$D$3),$C$4,$D$4),$C$5,$D$5),$C$6,$D$6),$C$7,$D$7),$C$8,$D$8),$C$9,$D$9),$C$10,$D$10),$C$11,$D$11),$C$12,$D$12),$C$13,$D$13),$C$14,$D$14),$C$15,$D$15),$C$16,$D$16),$C$17,$D$17),$C$18,$D$18),$C$19,$D$19),$C$20,$D$20),$C$21,$D$21),$C$22,$D$22),$C$23,$D$23),$C$24,$D$24),$C$25,$D$25),$C$26,$D$26),$C$27,$D$27),$C$28,$D$28),$C$29,$D$29),$C$30,$D$30),$C$31,$D$31),$C$32,$D$32),$C$33,$D$33) -> fine | H23: =SUBSTITUTE(G23, "veryfine", "very fine") -> fine | I23: =SUBSTITUTE(SUBSTITUTE(SUBSTITUTE(SUBSTITUTE(SUBSTITUTE(SUBSTITUTE(SUBSTITUTE(SUBSTITUTE(SUBSTITUTE(SUBSTITUTE(SUBSTITUTE(SUBSTITUTE(SUBSTITUTE(SUBSTITUTE(SUBSTITUTE(SUBSTITUTE(SUBSTITUTE(SUBSTITUTE(SUBSTITUTE(SUBSTITUTE(SUBSTITUTE(SUBSTITUTE(SUBSTITUTE(SUBSTITUTE(SUBSTITUTE(SUBSTITUTE(SUBSTITUTE(SUBSTITUTE(SUBSTITUTE(SUBSTITUTE(SUBSTITUTE('Input Sheet'!G25,$C$3,$D$3),$C$4,$D$4),$C$5,$D$5),$C$6,$D$6),$C$7,$D$7),$C$8,$D$8),$C$9,$D$9),$C$10,$D$10),$C$11,$D$11),$C$12,$D$12),$C$13,$D$13),$C$14,$D$14),$C$15,$D$15),$C$16,$D$16),$C$17,$D$17),$C$18,$D$18),$C$19,$D$19),$C$20,$D$20),$C$21,$D$21),$C$22,$D$22),$C$23,$D$23),$C$24,$D$24),$C$25,$D$25),$C$26,$D$26),$C$27,$D$27),$C$28,$D$28),$C$29,$D$29),$C$30,$D$30),$C$31,$D$31),$C$32,$D$32),$C$33,$D$33) -> pale | J23: =IF('Input Sheet'!F25=0, "NO",CONCATENATE('Input Sheet'!F25, IF('Input Sheet'!F25>0,"% ",""))) -> 100% | K23: =SUBSTITUTE(SUBSTITUTE(SUBSTITUTE(SUBSTITUTE(SUBSTITUTE(SUBSTITUTE(SUBSTITUTE(SUBSTITUTE(SUBSTITUTE(SUBSTITUTE(SUBSTITUTE(SUBSTITUTE(SUBSTITUTE(SUBSTITUTE(SUBSTITUTE(SUBSTITUTE(SUBSTITUTE(SUBSTITUTE(SUBSTITUTE(SUBSTITUTE(SUBSTITUTE(SUBSTITUTE(SUBSTITUTE(SUBSTITUTE(SUBSTITUTE(SUBSTITUTE(SUBSTITUTE(SUBSTITUTE(SUBSTITUTE(SUBSTITUTE(SUBSTITUTE('Input Sheet'!I25,$C$3,$D$3),$C$4,$D$4),$C$5,$D$5),$C$6,$D$6),$C$7,$D$7),$C$8,$D$8),$C$9,$D$9),$C$10,$D$10),$C$11,$D$11),$C$12,$D$12),$C$13,$D$13),$C$14,$D$14),$C$15,$D$15),$C$16,$D$16),$C$17,$D$17),$C$18,$D$18),$C$19,$D$19),$C$20,$D$20),$C$21,$D$21),$C$22,$D$22),$C$23,$D$23),$C$24,$D$24),$C$25,$D$25),$C$26,$D$26),$C$27,$D$27),$C$28,$D$28),$C$29,$D$29),$C$30,$D$30),$C$31,$D$31),$C$32,$D$32),$C$33,$D$33) -> trace | L23: =CONCATENATE(K23, IF('Input Sheet'!I25="",""," siderite in ")) -> trace siderite in | M23: =SUBSTITUTE(SUBSTITUTE(SUBSTITUTE(SUBSTITUTE(SUBSTITUTE(SUBSTITUTE(SUBSTITUTE(SUBSTITUTE(SUBSTITUTE(SUBSTITUTE(SUBSTITUTE(SUBSTITUTE(SUBSTITUTE(SUBSTITUTE(SUBSTITUTE(SUBSTITUTE(SUBSTITUTE(SUBSTITUTE(SUBSTITUTE(SUBSTITUTE(SUBSTITUTE(SUBSTITUTE(SUBSTITUTE(SUBSTITUTE(SUBSTITUTE(SUBSTITUTE(SUBSTITUTE(SUBSTITUTE(SUBSTITUTE(SUBSTITUTE(SUBSTITUTE('Input Sheet'!J25,$C$3,$D$3),$C$4,$D$4),$C$5,$D$5),$C$6,$D$6),$C$7,$D$7),$C$8,$D$8),$C$9,$D$9),$C$10,$D$10),$C$11,$D$11),$C$12,$D$12),$C$13,$D$13),$C$14,$D$14),$C$15,$D$15),$C$16,$D$16),$C$17,$D$17),$C$18,$D$18),$C$19,$D$19),$C$20,$D$20),$C$21,$D$21),$C$22,$D$22),$C$23,$D$23),$C$24,$D$24),$C$25,$D$25),$C$26,$D$26),$C$27,$D$27),$C$28,$D$28),$C$29,$D$29),$C$30,$D$30),$C$31,$D$31),$C$32,$D$32),$C$33,$D$33) | N23: =CONCATENATE(M23, IF('Input Sheet'!J25="",""," siderite in "))
A24: =IF('Input Sheet'!C26="","",CONCATENATE("Sample ", 'Input Sheet'!B26, "m: ", L24, F24, "% ", "Siltstone, ", N24, 'Input Sheet'!C26, "% ", H24, " Sandstone, ", J24, I24, " FLUOR in SST. ", "TG ", 'Input Sheet'!H26, "U")) -> Sample 1965m: 70% Siltstone, 30% fine Sandstone, 100% pale FLUOR in SST. TG 19.8U | F24: =IF('Input Sheet'!C26="","",100-'Input Sheet'!C26) -> 70 | G24: =SUBSTITUTE(SUBSTITUTE(SUBSTITUTE(SUBSTITUTE(SUBSTITUTE(SUBSTITUTE(SUBSTITUTE(SUBSTITUTE(SUBSTITUTE(SUBSTITUTE(SUBSTITUTE(SUBSTITUTE(SUBSTITUTE(SUBSTITUTE(SUBSTITUTE(SUBSTITUTE(SUBSTITUTE(SUBSTITUTE(SUBSTITUTE(SUBSTITUTE(SUBSTITUTE(SUBSTITUTE(SUBSTITUTE(SUBSTITUTE(SUBSTITUTE(SUBSTITUTE(SUBSTITUTE(SUBSTITUTE(SUBSTITUTE(SUBSTITUTE(SUBSTITUTE('Input Sheet'!D26,$C$3,$D$3),$C$4,$D$4),$C$5,$D$5),$C$6,$D$6),$C$7,$D$7),$C$8,$D$8),$C$9,$D$9),$C$10,$D$10),$C$11,$D$11),$C$12,$D$12),$C$13,$D$13),$C$14,$D$14),$C$15,$D$15),$C$16,$D$16),$C$17,$D$17),$C$18,$D$18),$C$19,$D$19),$C$20,$D$20),$C$21,$D$21),$C$22,$D$22),$C$23,$D$23),$C$24,$D$24),$C$25,$D$25),$C$26,$D$26),$C$27,$D$27),$C$28,$D$28),$C$29,$D$29),$C$30,$D$30),$C$31,$D$31),$C$32,$D$32),$C$33,$D$33) -> fine | H24: =SUBSTITUTE(G24, "veryfine", "very fine") -> fine | I24: =SUBSTITUTE(SUBSTITUTE(SUBSTITUTE(SUBSTITUTE(SUBSTITUTE(SUBSTITUTE(SUBSTITUTE(SUBSTITUTE(SUBSTITUTE(SUBSTITUTE(SUBSTITUTE(SUBSTITUTE(SUBSTITUTE(SUBSTITUTE(SUBSTITUTE(SUBSTITUTE(SUBSTITUTE(SUBSTITUTE(SUBSTITUTE(SUBSTITUTE(SUBSTITUTE(SUBSTITUTE(SUBSTITUTE(SUBSTITUTE(SUBSTITUTE(SUBSTITUTE(SUBSTITUTE(SUBSTITUTE(SUBSTITUTE(SUBSTITUTE(SUBSTITUTE('Input Sheet'!G26,$C$3,$D$3),$C$4,$D$4),$C$5,$D$5),$C$6,$D$6),$C$7,$D$7),$C$8,$D$8),$C$9,$D$9),$C$10,$D$10),$C$11,$D$11),$C$12,$D$12),$C$13,$D$13),$C$14,$D$14),$C$15,$D$15),$C$16,$D$16),$C$17,$D$17),$C$18,$D$18),$C$19,$D$19),$C$20,$D$20),$C$21,$D$21),$C$22,$D$22),$C$23,$D$23),$C$24,$D$24),$C$25,$D$25),$C$26,$D$26),$C$27,$D$27),$C$28,$D$28),$C$29,$D$29),$C$30,$D$30),$C$31,$D$31),$C$32,$D$32),$C$33,$D$33) -> pale | J24: =IF('Input Sheet'!F26=0, "NO",CONCATENATE('Input Sheet'!F26, IF('Input Sheet'!F26>0,"% ",""))) -> 100% | K24: =SUBSTITUTE(SUBSTITUTE(SUBSTITUTE(SUBSTITUTE(SUBSTITUTE(SUBSTITUTE(SUBSTITUTE(SUBSTITUTE(SUBSTITUTE(SUBSTITUTE(SUBSTITUTE(SUBSTITUTE(SUBSTITUTE(SUBSTITUTE(SUBSTITUTE(SUBSTITUTE(SUBSTITUTE(SUBSTITUTE(SUBSTITUTE(SUBSTITUTE(SUBSTITUTE(SUBSTITUTE(SUBSTITUTE(SUBSTITUTE(SUBSTITUTE(SUBSTITUTE(SUBSTITUTE(SUBSTITUTE(SUBSTITUTE(SUBSTITUTE(SUBSTITUTE('Input Sheet'!I26,$C$3,$D$3),$C$4,$D$4),$C$5,$D$5),$C$6,$D$6),$C$7,$D$7),$C$8,$D$8),$C$9,$D$9),$C$10,$D$10),$C$11,$D$11),$C$12,$D$12),$C$13,$D$13),$C$14,$D$14),$C$15,$D$15),$C$16,$D$16),$C$17,$D$17),$C$18,$D$18),$C$19,$D$19),$C$20,$D$20),$C$21,$D$21),$C$22,$D$22),$C$23,$D$23),$C$24,$D$24),$C$25,$D$25),$C$26,$D$26),$C$27,$D$27),$C$28,$D$28),$C$29,$D$29),$C$30,$D$30),$C$31,$D$31),$C$32,$D$32),$C$33,$D$33) | L24: =CONCATENATE(K24, IF('Input Sheet'!I26="",""," siderite in ")) | M24: =SUBSTITUTE(SUBSTITUTE(SUBSTITUTE(SUBSTITUTE(SUBSTITUTE(SUBSTITUTE(SUBSTITUTE(SUBSTITUTE(SUBSTITUTE(SUBSTITUTE(SUBSTITUTE(SUBSTITUTE(SUBSTITUTE(SUBSTITUTE(SUBSTITUTE(SUBSTITUTE(SUBSTITUTE(SUBSTITUTE(SUBSTITUTE(SUBSTITUTE(SUBSTITUTE(SUBSTITUTE(SUBSTITUTE(SUBSTITUTE(SUBSTITUTE(SUBSTITUTE(SUBSTITUTE(SUBSTITUTE(SUBSTITUTE(SUBSTITUTE(SUBSTITUTE('Input Sheet'!J26,$C$3,$D$3),$C$4,$D$4),$C$5,$D$5),$C$6,$D$6),$C$7,$D$7),$C$8,$D$8),$C$9,$D$9),$C$10,$D$10),$C$11,$D$11),$C$12,$D$12),$C$13,$D$13),$C$14,$D$14),$C$15,$D$15),$C$16,$D$16),$C$17,$D$17),$C$18,$D$18),$C$19,$D$19),$C$20,$D$20),$C$21,$D$21),$C$22,$D$22),$C$23,$D$23),$C$24,$D$24),$C$25,$D$25),$C$26,$D$26),$C$27,$D$27),$C$28,$D$28),$C$29,$D$29),$C$30,$D$30),$C$31,$D$31),$C$32,$D$32),$C$33,$D$33) | N24: =CONCATENATE(M24, IF('Input Sheet'!J26="",""," siderite in "))
A25: =IF('Input Sheet'!C27="","",CONCATENATE("Sample ", 'Input Sheet'!B27, "m: ", L25, F25, "% ", "Siltstone, ", N25, 'Input Sheet'!C27, "% ", H25, " Sandstone, ", J25, I25, " FLUOR in SST. ", "TG ", 'Input Sheet'!H27, "U")) -> Sample 1970m: 70% Siltstone, 30% fine Sandstone, 100% pale FLUOR in SST. TG 23.7U | F25: =IF('Input Sheet'!C27="","",100-'Input Sheet'!C27) -> 70 | G25: =SUBSTITUTE(SUBSTITUTE(SUBSTITUTE(SUBSTITUTE(SUBSTITUTE(SUBSTITUTE(SUBSTITUTE(SUBSTITUTE(SUBSTITUTE(SUBSTITUTE(SUBSTITUTE(SUBSTITUTE(SUBSTITUTE(SUBSTITUTE(SUBSTITUTE(SUBSTITUTE(SUBSTITUTE(SUBSTITUTE(SUBSTITUTE(SUBSTITUTE(SUBSTITUTE(SUBSTITUTE(SUBSTITUTE(SUBSTITUTE(SUBSTITUTE(SUBSTITUTE(SUBSTITUTE(SUBSTITUTE(SUBSTITUTE(SUBSTITUTE(SUBSTITUTE('Input Sheet'!D27,$C$3,$D$3),$C$4,$D$4),$C$5,$D$5),$C$6,$D$6),$C$7,$D$7),$C$8,$D$8),$C$9,$D$9),$C$10,$D$10),$C$11,$D$11),$C$12,$D$12),$C$13,$D$13),$C$14,$D$14),$C$15,$D$15),$C$16,$D$16),$C$17,$D$17),$C$18,$D$18),$C$19,$D$19),$C$20,$D$20),$C$21,$D$21),$C$22,$D$22),$C$23,$D$23),$C$24,$D$24),$C$25,$D$25),$C$26,$D$26),$C$27,$D$27),$C$28,$D$28),$C$29,$D$29),$C$30,$D$30),$C$31,$D$31),$C$32,$D$32),$C$33,$D$33) -> fine | H25: =SUBSTITUTE(G25, "veryfine", "very fine") -> fine | I25: =SUBSTITUTE(SUBSTITUTE(SUBSTITUTE(SUBSTITUTE(SUBSTITUTE(SUBSTITUTE(SUBSTITUTE(SUBSTITUTE(SUBSTITUTE(SUBSTITUTE(SUBSTITUTE(SUBSTITUTE(SUBSTITUTE(SUBSTITUTE(SUBSTITUTE(SUBSTITUTE(SUBSTITUTE(SUBSTITUTE(SUBSTITUTE(SUBSTITUTE(SUBSTITUTE(SUBSTITUTE(SUBSTITUTE(SUBSTITUTE(SUBSTITUTE(SUBSTITUTE(SUBSTITUTE(SUBSTITUTE(SUBSTITUTE(SUBSTITUTE(SUBSTITUTE('Input Sheet'!G27,$C$3,$D$3),$C$4,$D$4),$C$5,$D$5),$C$6,$D$6),$C$7,$D$7),$C$8,$D$8),$C$9,$D$9),$C$10,$D$10),$C$11,$D$11),$C$12,$D$12),$C$13,$D$13),$C$14,$D$14),$C$15,$D$15),$C$16,$D$16),$C$17,$D$17),$C$18,$D$18),$C$19,$D$19),$C$20,$D$20),$C$21,$D$21),$C$22,$D$22),$C$23,$D$23),$C$24,$D$24),$C$25,$D$25),$C$26,$D$26),$C$27,$D$27),$C$28,$D$28),$C$29,$D$29),$C$30,$D$30),$C$31,$D$31),$C$32,$D$32),$C$33,$D$33) -> pale | J25: =IF('Input Sheet'!F27=0, "NO",CONCATENATE('Input Sheet'!F27, IF('Input Sheet'!F27>0,"% ",""))) -> 100% | K25: =SUBSTITUTE(SUBSTITUTE(SUBSTITUTE(SUBSTITUTE(SUBSTITUTE(SUBSTITUTE(SUBSTITUTE(SUBSTITUTE(SUBSTITUTE(SUBSTITUTE(SUBSTITUTE(SUBSTITUTE(SUBSTITUTE(SUBSTITUTE(SUBSTITUTE(SUBSTITUTE(SUBSTITUTE(SUBSTITUTE(SUBSTITUTE(SUBSTITUTE(SUBSTITUTE(SUBSTITUTE(SUBSTITUTE(SUBSTITUTE(SUBSTITUTE(SUBSTITUTE(SUBSTITUTE(SUBSTITUTE(SUBSTITUTE(SUBSTITUTE(SUBSTITUTE('Input Sheet'!I27,$C$3,$D$3),$C$4,$D$4),$C$5,$D$5),$C$6,$D$6),$C$7,$D$7),$C$8,$D$8),$C$9,$D$9),$C$10,$D$10),$C$11,$D$11),$C$12,$D$12),$C$13,$D$13),$C$14,$D$14),$C$15,$D$15),$C$16,$D$16),$C$17,$D$17),$C$18,$D$18),$C$19,$D$19),$C$20,$D$20),$C$21,$D$21),$C$22,$D$22),$C$23,$D$23),$C$24,$D$24),$C$25,$D$25),$C$26,$D$26),$C$27,$D$27),$C$28,$D$28),$C$29,$D$29),$C$30,$D$30),$C$31,$D$31),$C$32,$D$32),$C$33,$D$33) | L25: =CONCATENATE(K25, IF('Input Sheet'!I27="",""," siderite in ")) | M25: =SUBSTITUTE(SUBSTITUTE(SUBSTITUTE(SUBSTITUTE(SUBSTITUTE(SUBSTITUTE(SUBSTITUTE(SUBSTITUTE(SUBSTITUTE(SUBSTITUTE(SUBSTITUTE(SUBSTITUTE(SUBSTITUTE(SUBSTITUTE(SUBSTITUTE(SUBSTITUTE(SUBSTITUTE(SUBSTITUTE(SUBSTITUTE(SUBSTITUTE(SUBSTITUTE(SUBSTITUTE(SUBSTITUTE(SUBSTITUTE(SUBSTITUTE(SUBSTITUTE(SUBSTITUTE(SUBSTITUTE(SUBSTITUTE(SUBSTITUTE(SUBSTITUTE('Input Sheet'!J27,$C$3,$D$3),$C$4,$D$4),$C$5,$D$5),$C$6,$D$6),$C$7,$D$7),$C$8,$D$8),$C$9,$D$9),$C$10,$D$10),$C$11,$D$11),$C$12,$D$12),$C$13,$D$13),$C$14,$D$14),$C$15,$D$15),$C$16,$D$16),$C$17,$D$17),$C$18,$D$18),$C$19,$D$19),$C$20,$D$20),$C$21,$D$21),$C$22,$D$22),$C$23,$D$23),$C$24,$D$24),$C$25,$D$25),$C$26,$D$26),$C$27,$D$27),$C$28,$D$28),$C$29,$D$29),$C$30,$D$30),$C$31,$D$31),$C$32,$D$32),$C$33,$D$33) | N25: =CONCATENATE(M25, IF('Input Sheet'!J27="",""," siderite in "))
A26: =IF('Input Sheet'!C28="","",CONCATENATE("Sample ", 'Input Sheet'!B28, "m: ", L26, F26, "% ", "Siltstone, ", N26, 'Input Sheet'!C28, "% ", H26, " Sandstone, ", J26, I26, " FLUOR in SST. ", "TG ", 'Input Sheet'!H28, "U")) -> Sample 1975m: 70% Siltstone, 30% fine Sandstone, 100% pale FLUOR in SST. TG 25U | F26: =IF('Input Sheet'!C28="","",100-'Input Sheet'!C28) -> 70 | G26: =SUBSTITUTE(SUBSTITUTE(SUBSTITUTE(SUBSTITUTE(SUBSTITUTE(SUBSTITUTE(SUBSTITUTE(SUBSTITUTE(SUBSTITUTE(SUBSTITUTE(SUBSTITUTE(SUBSTITUTE(SUBSTITUTE(SUBSTITUTE(SUBSTITUTE(SUBSTITUTE(SUBSTITUTE(SUBSTITUTE(SUBSTITUTE(SUBSTITUTE(SUBSTITUTE(SUBSTITUTE(SUBSTITUTE(SUBSTITUTE(SUBSTITUTE(SUBSTITUTE(SUBSTITUTE(SUBSTITUTE(SUBSTITUTE(SUBSTITUTE(SUBSTITUTE('Input Sheet'!D28,$C$3,$D$3),$C$4,$D$4),$C$5,$D$5),$C$6,$D$6),$C$7,$D$7),$C$8,$D$8),$C$9,$D$9),$C$10,$D$10),$C$11,$D$11),$C$12,$D$12),$C$13,$D$13),$C$14,$D$14),$C$15,$D$15),$C$16,$D$16),$C$17,$D$17),$C$18,$D$18),$C$19,$D$19),$C$20,$D$20),$C$21,$D$21),$C$22,$D$22),$C$23,$D$23),$C$24,$D$24),$C$25,$D$25),$C$26,$D$26),$C$27,$D$27),$C$28,$D$28),$C$29,$D$29),$C$30,$D$30),$C$31,$D$31),$C$32,$D$32),$C$33,$D$33) -> fine | H26: =SUBSTITUTE(G26, "veryfine", "very fine") -> fine | I26: =SUBSTITUTE(SUBSTITUTE(SUBSTITUTE(SUBSTITUTE(SUBSTITUTE(SUBSTITUTE(SUBSTITUTE(SUBSTITUTE(SUBSTITUTE(SUBSTITUTE(SUBSTITUTE(SUBSTITUTE(SUBSTITUTE(SUBSTITUTE(SUBSTITUTE(SUBSTITUTE(SUBSTITUTE(SUBSTITUTE(SUBSTITUTE(SUBSTITUTE(SUBSTITUTE(SUBSTITUTE(SUBSTITUTE(SUBSTITUTE(SUBSTITUTE(SUBSTITUTE(SUBSTITUTE(SUBSTITUTE(SUBSTITUTE(SUBSTITUTE(SUBSTITUTE('Input Sheet'!G28,$C$3,$D$3),$C$4,$D$4),$C$5,$D$5),$C$6,$D$6),$C$7,$D$7),$C$8,$D$8),$C$9,$D$9),$C$10,$D$10),$C$11,$D$11),$C$12,$D$12),$C$13,$D$13),$C$14,$D$14),$C$15,$D$15),$C$16,$D$16),$C$17,$D$17),$C$18,$D$18),$C$19,$D$19),$C$20,$D$20),$C$21,$D$21),$C$22,$D$22),$C$23,$D$23),$C$24,$D$24),$C$25,$D$25),$C$26,$D$26),$C$27,$D$27),$C$28,$D$28),$C$29,$D$29),$C$30,$D$30),$C$31,$D$31),$C$32,$D$32),$C$33,$D$33) -> pale | J26: =IF('Input Sheet'!F28=0, "NO",CONCATENATE('Input Sheet'!F28, IF('Input Sheet'!F28>0,"% ",""))) -> 100% | K26: =SUBSTITUTE(SUBSTITUTE(SUBSTITUTE(SUBSTITUTE(SUBSTITUTE(SUBSTITUTE(SUBSTITUTE(SUBSTITUTE(SUBSTITUTE(SUBSTITUTE(SUBSTITUTE(SUBSTITUTE(SUBSTITUTE(SUBSTITUTE(SUBSTITUTE(SUBSTITUTE(SUBSTITUTE(SUBSTITUTE(SUBSTITUTE(SUBSTITUTE(SUBSTITUTE(SUBSTITUTE(SUBSTITUTE(SUBSTITUTE(SUBSTITUTE(SUBSTITUTE(SUBSTITUTE(SUBSTITUTE(SUBSTITUTE(SUBSTITUTE(SUBSTITUTE('Input Sheet'!I28,$C$3,$D$3),$C$4,$D$4),$C$5,$D$5),$C$6,$D$6),$C$7,$D$7),$C$8,$D$8),$C$9,$D$9),$C$10,$D$10),$C$11,$D$11),$C$12,$D$12),$C$13,$D$13),$C$14,$D$14),$C$15,$D$15),$C$16,$D$16),$C$17,$D$17),$C$18,$D$18),$C$19,$D$19),$C$20,$D$20),$C$21,$D$21),$C$22,$D$22),$C$23,$D$23),$C$24,$D$24),$C$25,$D$25),$C$26,$D$26),$C$27,$D$27),$C$28,$D$28),$C$29,$D$29),$C$30,$D$30),$C$31,$D$31),$C$32,$D$32),$C$33,$D$33) | L26: =CONCATENATE(K26, IF('Input Sheet'!I28="",""," siderite in ")) | M26: =SUBSTITUTE(SUBSTITUTE(SUBSTITUTE(SUBSTITUTE(SUBSTITUTE(SUBSTITUTE(SUBSTITUTE(SUBSTITUTE(SUBSTITUTE(SUBSTITUTE(SUBSTITUTE(SUBSTITUTE(SUBSTITUTE(SUBSTITUTE(SUBSTITUTE(SUBSTITUTE(SUBSTITUTE(SUBSTITUTE(SUBSTITUTE(SUBSTITUTE(SUBSTITUTE(SUBSTITUTE(SUBSTITUTE(SUBSTITUTE(SUBSTITUTE(SUBSTITUTE(SUBSTITUTE(SUBSTITUTE(SUBSTITUTE(SUBSTITUTE(SUBSTITUTE('Input Sheet'!J28,$C$3,$D$3),$C$4,$D$4),$C$5,$D$5),$C$6,$D$6),$C$7,$D$7),$C$8,$D$8),$C$9,$D$9),$C$10,$D$10),$C$11,$D$11),$C$12,$D$12),$C$13,$D$13),$C$14,$D$14),$C$15,$D$15),$C$16,$D$16),$C$17,$D$17),$C$18,$D$18),$C$19,$D$19),$C$20,$D$20),$C$21,$D$21),$C$22,$D$22),$C$23,$D$23),$C$24,$D$24),$C$25,$D$25),$C$26,$D$26),$C$27,$D$27),$C$28,$D$28),$C$29,$D$29),$C$30,$D$30),$C$31,$D$31),$C$32,$D$32),$C$33,$D$33) | N26: =CONCATENATE(M26, IF('Input Sheet'!J28="",""," siderite in "))
A27: =IF('Input Sheet'!C29="","",CONCATENATE("Sample ", 'Input Sheet'!B29, "m: ", L27, F27, "% ", "Siltstone, ", N27, 'Input Sheet'!C29, "% ", H27, " Sandstone, ", J27, I27, " FLUOR in SST. ", "TG ", 'Input Sheet'!H29, "U")) -> Sample 1980m: 70% Siltstone, 30% fine Sandstone, 100% pale FLUOR in SST. TG 19.1U | F27: =IF('Input Sheet'!C29="","",100-'Input Sheet'!C29) -> 70 | G27: =SUBSTITUTE(SUBSTITUTE(SUBSTITUTE(SUBSTITUTE(SUBSTITUTE(SUBSTITUTE(SUBSTITUTE(SUBSTITUTE(SUBSTITUTE(SUBSTITUTE(SUBSTITUTE(SUBSTITUTE(SUBSTITUTE(SUBSTITUTE(SUBSTITUTE(SUBSTITUTE(SUBSTITUTE(SUBSTITUTE(SUBSTITUTE(SUBSTITUTE(SUBSTITUTE(SUBSTITUTE(SUBSTITUTE(SUBSTITUTE(SUBSTITUTE(SUBSTITUTE(SUBSTITUTE(SUBSTITUTE(SUBSTITUTE(SUBSTITUTE(SUBSTITUTE('Input Sheet'!D29,$C$3,$D$3),$C$4,$D$4),$C$5,$D$5),$C$6,$D$6),$C$7,$D$7),$C$8,$D$8),$C$9,$D$9),$C$10,$D$10),$C$11,$D$11),$C$12,$D$12),$C$13,$D$13),$C$14,$D$14),$C$15,$D$15),$C$16,$D$16),$C$17,$D$17),$C$18,$D$18),$C$19,$D$19),$C$20,$D$20),$C$21,$D$21),$C$22,$D$22),$C$23,$D$23),$C$24,$D$24),$C$25,$D$25),$C$26,$D$26),$C$27,$D$27),$C$28,$D$28),$C$29,$D$29),$C$30,$D$30),$C$31,$D$31),$C$32,$D$32),$C$33,$D$33) -> fine | H27: =SUBSTITUTE(G27, "veryfine", "very fine") -> fine | I27: =SUBSTITUTE(SUBSTITUTE(SUBSTITUTE(SUBSTITUTE(SUBSTITUTE(SUBSTITUTE(SUBSTITUTE(SUBSTITUTE(SUBSTITUTE(SUBSTITUTE(SUBSTITUTE(SUBSTITUTE(SUBSTITUTE(SUBSTITUTE(SUBSTITUTE(SUBSTITUTE(SUBSTITUTE(SUBSTITUTE(SUBSTITUTE(SUBSTITUTE(SUBSTITUTE(SUBSTITUTE(SUBSTITUTE(SUBSTITUTE(SUBSTITUTE(SUBSTITUTE(SUBSTITUTE(SUBSTITUTE(SUBSTITUTE(SUBSTITUTE(SUBSTITUTE('Input Sheet'!G29,$C$3,$D$3),$C$4,$D$4),$C$5,$D$5),$C$6,$D$6),$C$7,$D$7),$C$8,$D$8),$C$9,$D$9),$C$10,$D$10),$C$11,$D$11),$C$12,$D$12),$C$13,$D$13),$C$14,$D$14),$C$15,$D$15),$C$16,$D$16),$C$17,$D$17),$C$18,$D$18),$C$19,$D$19),$C$20,$D$20),$C$21,$D$21),$C$22,$D$22),$C$23,$D$23),$C$24,$D$24),$C$25,$D$25),$C$26,$D$26),$C$27,$D$27),$C$28,$D$28),$C$29,$D$29),$C$30,$D$30),$C$31,$D$31),$C$32,$D$32),$C$33,$D$33) -> pale | J27: =IF('Input Sheet'!F29=0, "NO",CONCATENATE('Input Sheet'!F29, IF('Input Sheet'!F29>0,"% ",""))) -> 100% | K27: =SUBSTITUTE(SUBSTITUTE(SUBSTITUTE(SUBSTITUTE(SUBSTITUTE(SUBSTITUTE(SUBSTITUTE(SUBSTITUTE(SUBSTITUTE(SUBSTITUTE(SUBSTITUTE(SUBSTITUTE(SUBSTITUTE(SUBSTITUTE(SUBSTITUTE(SUBSTITUTE(SUBSTITUTE(SUBSTITUTE(SUBSTITUTE(SUBSTITUTE(SUBSTITUTE(SUBSTITUTE(SUBSTITUTE(SUBSTITUTE(SUBSTITUTE(SUBSTITUTE(SUBSTITUTE(SUBSTITUTE(SUBSTITUTE(SUBSTITUTE(SUBSTITUTE('Input Sheet'!I29,$C$3,$D$3),$C$4,$D$4),$C$5,$D$5),$C$6,$D$6),$C$7,$D$7),$C$8,$D$8),$C$9,$D$9),$C$10,$D$10),$C$11,$D$11),$C$12,$D$12),$C$13,$D$13),$C$14,$D$14),$C$15,$D$15),$C$16,$D$16),$C$17,$D$17),$C$18,$D$18),$C$19,$D$19),$C$20,$D$20),$C$21,$D$21),$C$22,$D$22),$C$23,$D$23),$C$24,$D$24),$C$25,$D$25),$C$26,$D$26),$C$27,$D$27),$C$28,$D$28),$C$29,$D$29),$C$30,$D$30),$C$31,$D$31),$C$32,$D$32),$C$33,$D$33) | L27: =CONCATENATE(K27, IF('Input Sheet'!I29="",""," siderite in ")) | M27: =SUBSTITUTE(SUBSTITUTE(SUBSTITUTE(SUBSTITUTE(SUBSTITUTE(SUBSTITUTE(SUBSTITUTE(SUBSTITUTE(SUBSTITUTE(SUBSTITUTE(SUBSTITUTE(SUBSTITUTE(SUBSTITUTE(SUBSTITUTE(SUBSTITUTE(SUBSTITUTE(SUBSTITUTE(SUBSTITUTE(SUBSTITUTE(SUBSTITUTE(SUBSTITUTE(SUBSTITUTE(SUBSTITUTE(SUBSTITUTE(SUBSTITUTE(SUBSTITUTE(SUBSTITUTE(SUBSTITUTE(SUBSTITUTE(SUBSTITUTE(SUBSTITUTE('Input Sheet'!J29,$C$3,$D$3),$C$4,$D$4),$C$5,$D$5),$C$6,$D$6),$C$7,$D$7),$C$8,$D$8),$C$9,$D$9),$C$10,$D$10),$C$11,$D$11),$C$12,$D$12),$C$13,$D$13),$C$14,$D$14),$C$15,$D$15),$C$16,$D$16),$C$17,$D$17),$C$18,$D$18),$C$19,$D$19),$C$20,$D$20),$C$21,$D$21),$C$22,$D$22),$C$23,$D$23),$C$24,$D$24),$C$25,$D$25),$C$26,$D$26),$C$27,$D$27),$C$28,$D$28),$C$29,$D$29),$C$30,$D$30),$C$31,$D$31),$C$32,$D$32),$C$33,$D$33) | N27: =CONCATENATE(M27, IF('Input Sheet'!J29="",""," siderite in "))
A28: =IF('Input Sheet'!C30="","",CONCATENATE("Sample ", 'Input Sheet'!B30, "m: ", L28, F28, "% ", "Siltstone, ", N28, 'Input Sheet'!C30, "% ", H28, " Sandstone, ", J28, I28, " FLUOR in SST. ", "TG ", 'Input Sheet'!H30, "U")) -> Sample 1985m: 70% Siltstone, 30% fine Sandstone, 100% pale to moderately bright FLUOR in SST. TG 21.1U | F28: =IF('Input Sheet'!C30="","",100-'Input Sheet'!C30) -> 70 | G28: =SUBSTITUTE(SUBSTITUTE(SUBSTITUTE(SUBSTITUTE(SUBSTITUTE(SUBSTITUTE(SUBSTITUTE(SUBSTITUTE(SUBSTITUTE(SUBSTITUTE(SUBSTITUTE(SUBSTITUTE(SUBSTITUTE(SUBSTITUTE(SUBSTITUTE(SUBSTITUTE(SUBSTITUTE(SUBSTITUTE(SUBSTITUTE(SUBSTITUTE(SUBSTITUTE(SUBSTITUTE(SUBSTITUTE(SUBSTITUTE(SUBSTITUTE(SUBSTITUTE(SUBSTITUTE(SUBSTITUTE(SUBSTITUTE(SUBSTITUTE(SUBSTITUTE('Input Sheet'!D30,$C$3,$D$3),$C$4,$D$4),$C$5,$D$5),$C$6,$D$6),$C$7,$D$7),$C$8,$D$8),$C$9,$D$9),$C$10,$D$10),$C$11,$D$11),$C$12,$D$12),$C$13,$D$13),$C$14,$D$14),$C$15,$D$15),$C$16,$D$16),$C$17,$D$17),$C$18,$D$18),$C$19,$D$19),$C$20,$D$20),$C$21,$D$21),$C$22,$D$22),$C$23,$D$23),$C$24,$D$24),$C$25,$D$25),$C$26,$D$26),$C$27,$D$27),$C$28,$D$28),$C$29,$D$29),$C$30,$D$30),$C$31,$D$31),$C$32,$D$32),$C$33,$D$33) -> fine | H28: =SUBSTITUTE(G28, "veryfine", "very fine") -> fine | I28: =SUBSTITUTE(SUBSTITUTE(SUBSTITUTE(SUBSTITUTE(SUBSTITUTE(SUBSTITUTE(SUBSTITUTE(SUBSTITUTE(SUBSTITUTE(SUBSTITUTE(SUBSTITUTE(SUBSTITUTE(SUBSTITUTE(SUBSTITUTE(SUBSTITUTE(SUBSTITUTE(SUBSTITUTE(SUBSTITUTE(SUBSTITUTE(SUBSTITUTE(SUBSTITUTE(SUBSTITUTE(SUBSTITUTE(SUBSTITUTE(SUBSTITUTE(SUBSTITUTE(SUBSTITUTE(SUBSTITUTE(SUBSTITUTE(SUBSTITUTE(SUBSTITUTE('Input Sheet'!G30,$C$3,$D$3),$C$4,$D$4),$C$5,$D$5),$C$6,$D$6),$C$7,$D$7),$C$8,$D$8),$C$9,$D$9),$C$10,$D$10),$C$11,$D$11),$C$12,$D$12),$C$13,$D$13),$C$14,$D$14),$C$15,$D$15),$C$16,$D$16),$C$17,$D$17),$C$18,$D$18),$C$19,$D$19),$C$20,$D$20),$C$21,$D$21),$C$22,$D$22),$C$23,$D$23),$C$24,$D$24),$C$25,$D$25),$C$26,$D$26),$C$27,$D$27),$C$28,$D$28),$C$29,$D$29),$C$30,$D$30),$C$31,$D$31),$C$32,$D$32),$C$33,$D$33) -> pale to moderately bright | J28: =IF('Input Sheet'!F30=0, "NO",CONCATENATE('Input Sheet'!F30, IF('Input Sheet'!F30>0,"% ",""))) -> 100% | K28: =SUBSTITUTE(SUBSTITUTE(SUBSTITUTE(SUBSTITUTE(SUBSTITUTE(SUBSTITUTE(SUBSTITUTE(SUBSTITUTE(SUBSTITUTE(SUBSTITUTE(SUBSTITUTE(SUBSTITUTE(SUBSTITUTE(SUBSTITUTE(SUBSTITUTE(SUBSTITUTE(SUBSTITUTE(SUBSTITUTE(SUBSTITUTE(SUBSTITUTE(SUBSTITUTE(SUBSTITUTE(SUBSTITUTE(SUBSTITUTE(SUBSTITUTE(SUBSTITUTE(SUBSTITUTE(SUBSTITUTE(SUBSTITUTE(SUBSTITUTE(SUBSTITUTE('Input Sheet'!I30,$C$3,$D$3),$C$4,$D$4),$C$5,$D$5),$C$6,$D$6),$C$7,$D$7),$C$8,$D$8),$C$9,$D$9),$C$10,$D$10),$C$11,$D$11),$C$12,$D$12),$C$13,$D$13),$C$14,$D$14),$C$15,$D$15),$C$16,$D$16),$C$17,$D$17),$C$18,$D$18),$C$19,$D$19),$C$20,$D$20),$C$21,$D$21),$C$22,$D$22),$C$23,$D$23),$C$24,$D$24),$C$25,$D$25),$C$26,$D$26),$C$27,$D$27),$C$28,$D$28),$C$29,$D$29),$C$30,$D$30),$C$31,$D$31),$C$32,$D$32),$C$33,$D$33) | L28: =CONCATENATE(K28, IF('Input Sheet'!I30="",""," siderite in ")) | M28: =SUBSTITUTE(SUBSTITUTE(SUBSTITUTE(SUBSTITUTE(SUBSTITUTE(SUBSTITUTE(SUBSTITUTE(SUBSTITUTE(SUBSTITUTE(SUBSTITUTE(SUBSTITUTE(SUBSTITUTE(SUBSTITUTE(SUBSTITUTE(SUBSTITUTE(SUBSTITUTE(SUBSTITUTE(SUBSTITUTE(SUBSTITUTE(SUBSTITUTE(SUBSTITUTE(SUBSTITUTE(SUBSTITUTE(SUBSTITUTE(SUBSTITUTE(SUBSTITUTE(SUBSTITUTE(SUBSTITUTE(SUBSTITUTE(SUBSTITUTE(SUBSTITUTE('Input Sheet'!J30,$C$3,$D$3),$C$4,$D$4),$C$5,$D$5),$C$6,$D$6),$C$7,$D$7),$C$8,$D$8),$C$9,$D$9),$C$10,$D$10),$C$11,$D$11),$C$12,$D$12),$C$13,$D$13),$C$14,$D$14),$C$15,$D$15),$C$16,$D$16),$C$17,$D$17),$C$18,$D$18),$C$19,$D$19),$C$20,$D$20),$C$21,$D$21),$C$22,$D$22),$C$23,$D$23),$C$24,$D$24),$C$25,$D$25),$C$26,$D$26),$C$27,$D$27),$C$28,$D$28),$C$29,$D$29),$C$30,$D$30),$C$31,$D$31),$C$32,$D$32),$C$33,$D$33) | N28: =CONCATENATE(M28, IF('Input Sheet'!J30="",""," siderite in "))
A29: =IF('Input Sheet'!C31="","",CONCATENATE("Sample ", 'Input Sheet'!B31, "m: ", L29, F29, "% ", "Siltstone, ", N29, 'Input Sheet'!C31, "% ", H29, " Sandstone, ", J29, I29, " FLUOR in SST. ", "TG ", 'Input Sheet'!H31, "U")) -> Sample 1990m: 70% Siltstone, 30% fine Sandstone, 100% pale to moderately bright FLUOR in SST. TG 25.1U | F29: =IF('Input Sheet'!C31="","",100-'Input Sheet'!C31) -> 70 | G29: =SUBSTITUTE(SUBSTITUTE(SUBSTITUTE(SUBSTITUTE(SUBSTITUTE(SUBSTITUTE(SUBSTITUTE(SUBSTITUTE(SUBSTITUTE(SUBSTITUTE(SUBSTITUTE(SUBSTITUTE(SUBSTITUTE(SUBSTITUTE(SUBSTITUTE(SUBSTITUTE(SUBSTITUTE(SUBSTITUTE(SUBSTITUTE(SUBSTITUTE(SUBSTITUTE(SUBSTITUTE(SUBSTITUTE(SUBSTITUTE(SUBSTITUTE(SUBSTITUTE(SUBSTITUTE(SUBSTITUTE(SUBSTITUTE(SUBSTITUTE(SUBSTITUTE('Input Sheet'!D31,$C$3,$D$3),$C$4,$D$4),$C$5,$D$5),$C$6,$D$6),$C$7,$D$7),$C$8,$D$8),$C$9,$D$9),$C$10,$D$10),$C$11,$D$11),$C$12,$D$12),$C$13,$D$13),$C$14,$D$14),$C$15,$D$15),$C$16,$D$16),$C$17,$D$17),$C$18,$D$18),$C$19,$D$19),$C$20,$D$20),$C$21,$D$21),$C$22,$D$22),$C$23,$D$23),$C$24,$D$24),$C$25,$D$25),$C$26,$D$26),$C$27,$D$27),$C$28,$D$28),$C$29,$D$29),$C$30,$D$30),$C$31,$D$31),$C$32,$D$32),$C$33,$D$33) -> fine | H29: =SUBSTITUTE(G29, "veryfine", "very fine") -> fine | I29: =SUBSTITUTE(SUBSTITUTE(SUBSTITUTE(SUBSTITUTE(SUBSTITUTE(SUBSTITUTE(SUBSTITUTE(SUBSTITUTE(SUBSTITUTE(SUBSTITUTE(SUBSTITUTE(SUBSTITUTE(SUBSTITUTE(SUBSTITUTE(SUBSTITUTE(SUBSTITUTE(SUBSTITUTE(SUBSTITUTE(SUBSTITUTE(SUBSTITUTE(SUBSTITUTE(SUBSTITUTE(SUBSTITUTE(SUBSTITUTE(SUBSTITUTE(SUBSTITUTE(SUBSTITUTE(SUBSTITUTE(SUBSTITUTE(SUBSTITUTE(SUBSTITUTE('Input Sheet'!G31,$C$3,$D$3),$C$4,$D$4),$C$5,$D$5),$C$6,$D$6),$C$7,$D$7),$C$8,$D$8),$C$9,$D$9),$C$10,$D$10),$C$11,$D$11),$C$12,$D$12),$C$13,$D$13),$C$14,$D$14),$C$15,$D$15),$C$16,$D$16),$C$17,$D$17),$C$18,$D$18),$C$19,$D$19),$C$20,$D$20),$C$21,$D$21),$C$22,$D$22),$C$23,$D$23),$C$24,$D$24),$C$25,$D$25),$C$26,$D$26),$C$27,$D$27),$C$28,$D$28),$C$29,$D$29),$C$30,$D$30),$C$31,$D$31),$C$32,$D$32),$C$33,$D$33) -> pale to moderately bright | J29: =IF('Input Sheet'!F31=0, "NO",CONCATENATE('Input Sheet'!F31, IF('Input Sheet'!F31>0,"% ",""))) -> 100% | K29: =SUBSTITUTE(SUBSTITUTE(SUBSTITUTE(SUBSTITUTE(SUBSTITUTE(SUBSTITUTE(SUBSTITUTE(SUBSTITUTE(SUBSTITUTE(SUBSTITUTE(SUBSTITUTE(SUBSTITUTE(SUBSTITUTE(SUBSTITUTE(SUBSTITUTE(SUBSTITUTE(SUBSTITUTE(SUBSTITUTE(SUBSTITUTE(SUBSTITUTE(SUBSTITUTE(SUBSTITUTE(SUBSTITUTE(SUBSTITUTE(SUBSTITUTE(SUBSTITUTE(SUBSTITUTE(SUBSTITUTE(SUBSTITUTE(SUBSTITUTE(SUBSTITUTE('Input Sheet'!I31,$C$3,$D$3),$C$4,$D$4),$C$5,$D$5),$C$6,$D$6),$C$7,$D$7),$C$8,$D$8),$C$9,$D$9),$C$10,$D$10),$C$11,$D$11),$C$12,$D$12),$C$13,$D$13),$C$14,$D$14),$C$15,$D$15),$C$16,$D$16),$C$17,$D$17),$C$18,$D$18),$C$19,$D$19),$C$20,$D$20),$C$21,$D$21),$C$22,$D$22),$C$23,$D$23),$C$24,$D$24),$C$25,$D$25),$C$26,$D$26),$C$27,$D$27),$C$28,$D$28),$C$29,$D$29),$C$30,$D$30),$C$31,$D$31),$C$32,$D$32),$C$33,$D$33) | L29: =CONCATENATE(K29, IF('Input Sheet'!I31="",""," siderite in ")) | M29: =SUBSTITUTE(SUBSTITUTE(SUBSTITUTE(SUBSTITUTE(SUBSTITUTE(SUBSTITUTE(SUBSTITUTE(SUBSTITUTE(SUBSTITUTE(SUBSTITUTE(SUBSTITUTE(SUBSTITUTE(SUBSTITUTE(SUBSTITUTE(SUBSTITUTE(SUBSTITUTE(SUBSTITUTE(SUBSTITUTE(SUBSTITUTE(SUBSTITUTE(SUBSTITUTE(SUBSTITUTE(SUBSTITUTE(SUBSTITUTE(SUBSTITUTE(SUBSTITUTE(SUBSTITUTE(SUBSTITUTE(SUBSTITUTE(SUBSTITUTE(SUBSTITUTE('Input Sheet'!J31,$C$3,$D$3),$C$4,$D$4),$C$5,$D$5),$C$6,$D$6),$C$7,$D$7),$C$8,$D$8),$C$9,$D$9),$C$10,$D$10),$C$11,$D$11),$C$12,$D$12),$C$13,$D$13),$C$14,$D$14),$C$15,$D$15),$C$16,$D$16),$C$17,$D$17),$C$18,$D$18),$C$19,$D$19),$C$20,$D$20),$C$21,$D$21),$C$22,$D$22),$C$23,$D$23),$C$24,$D$24),$C$25,$D$25),$C$26,$D$26),$C$27,$D$27),$C$28,$D$28),$C$29,$D$29),$C$30,$D$30),$C$31,$D$31),$C$32,$D$32),$C$33,$D$33) | N29: =CONCATENATE(M29, IF('Input Sheet'!J31="",""," siderite in "))
A30: =IF('Input Sheet'!C32="","",CONCATENATE("Sample ", 'Input Sheet'!B32, "m: ", L30, F30, "% ", "Siltstone, ", N30, 'Input Sheet'!C32, "% ", H30, " Sandstone, ", J30, I30, " FLUOR in SST. ", "TG ", 'Input Sheet'!H32, "U")) -> Sample 1995m: 60% Siltstone, 40% fine Sandstone, 100% pale to moderately bright FLUOR in SST. TG 25.7U | F30: =IF('Input Sheet'!C32="","",100-'Input Sheet'!C32) -> 60 | G30: =SUBSTITUTE(SUBSTITUTE(SUBSTITUTE(SUBSTITUTE(SUBSTITUTE(SUBSTITUTE(SUBSTITUTE(SUBSTITUTE(SUBSTITUTE(SUBSTITUTE(SUBSTITUTE(SUBSTITUTE(SUBSTITUTE(SUBSTITUTE(SUBSTITUTE(SUBSTITUTE(SUBSTITUTE(SUBSTITUTE(SUBSTITUTE(SUBSTITUTE(SUBSTITUTE(SUBSTITUTE(SUBSTITUTE(SUBSTITUTE(SUBSTITUTE(SUBSTITUTE(SUBSTITUTE(SUBSTITUTE(SUBSTITUTE(SUBSTITUTE(SUBSTITUTE('Input Sheet'!D32,$C$3,$D$3),$C$4,$D$4),$C$5,$D$5),$C$6,$D$6),$C$7,$D$7),$C$8,$D$8),$C$9,$D$9),$C$10,$D$10),$C$11,$D$11),$C$12,$D$12),$C$13,$D$13),$C$14,$D$14),$C$15,$D$15),$C$16,$D$16),$C$17,$D$17),$C$18,$D$18),$C$19,$D$19),$C$20,$D$20),$C$21,$D$21),$C$22,$D$22),$C$23,$D$23),$C$24,$D$24),$C$25,$D$25),$C$26,$D$26),$C$27,$D$27),$C$28,$D$28),$C$29,$D$29),$C$30,$D$30),$C$31,$D$31),$C$32,$D$32),$C$33,$D$33) -> fine | H30: =SUBSTITUTE(G30, "veryfine", "very fine") -> fine | I30: =SUBSTITUTE(SUBSTITUTE(SUBSTITUTE(SUBSTITUTE(SUBSTITUTE(SUBSTITUTE(SUBSTITUTE(SUBSTITUTE(SUBSTITUTE(SUBSTITUTE(SUBSTITUTE(SUBSTITUTE(SUBSTITUTE(SUBSTITUTE(SUBSTITUTE(SUBSTITUTE(SUBSTITUTE(SUBSTITUTE(SUBSTITUTE(SUBSTITUTE(SUBSTITUTE(SUBSTITUTE(SUBSTITUTE(SUBSTITUTE(SUBSTITUTE(SUBSTITUTE(SUBSTITUTE(SUBSTITUTE(SUBSTITUTE(SUBSTITUTE(SUBSTITUTE('Input Sheet'!G32,$C$3,$D$3),$C$4,$D$4),$C$5,$D$5),$C$6,$D$6),$C$7,$D$7),$C$8,$D$8),$C$9,$D$9),$C$10,$D$10),$C$11,$D$11),$C$12,$D$12),$C$13,$D$13),$C$14,$D$14),$C$15,$D$15),$C$16,$D$16),$C$17,$D$17),$C$18,$D$18),$C$19,$D$19),$C$20,$D$20),$C$21,$D$21),$C$22,$D$22),$C$23,$D$23),$C$24,$D$24),$C$25,$D$25),$C$26,$D$26),$C$27,$D$27),$C$28,$D$28),$C$29,$D$29),$C$30,$D$30),$C$31,$D$31),$C$32,$D$32),$C$33,$D$33) -> pale to moderately bright | J30: =IF('Input Sheet'!F32=0, "NO",CONCATENATE('Input Sheet'!F32, IF('Input Sheet'!F32>0,"% ",""))) -> 100% | K30: =SUBSTITUTE(SUBSTITUTE(SUBSTITUTE(SUBSTITUTE(SUBSTITUTE(SUBSTITUTE(SUBSTITUTE(SUBSTITUTE(SUBSTITUTE(SUBSTITUTE(SUBSTITUTE(SUBSTITUTE(SUBSTITUTE(SUBSTITUTE(SUBSTITUTE(SUBSTITUTE(SUBSTITUTE(SUBSTITUTE(SUBSTITUTE(SUBSTITUTE(SUBSTITUTE(SUBSTITUTE(SUBSTITUTE(SUBSTITUTE(SUBSTITUTE(SUBSTITUTE(SUBSTITUTE(SUBSTITUTE(SUBSTITUTE(SUBSTITUTE(SUBSTITUTE('Input Sheet'!I32,$C$3,$D$3),$C$4,$D$4),$C$5,$D$5),$C$6,$D$6),$C$7,$D$7),$C$8,$D$8),$C$9,$D$9),$C$10,$D$10),$C$11,$D$11),$C$12,$D$12),$C$13,$D$13),$C$14,$D$14),$C$15,$D$15),$C$16,$D$16),$C$17,$D$17),$C$18,$D$18),$C$19,$D$19),$C$20,$D$20),$C$21,$D$21),$C$22,$D$22),$C$23,$D$23),$C$24,$D$24),$C$25,$D$25),$C$26,$D$26),$C$27,$D$27),$C$28,$D$28),$C$29,$D$29),$C$30,$D$30),$C$31,$D$31),$C$32,$D$32),$C$33,$D$33) | L30: =CONCATENATE(K30, IF('Input Sheet'!I32="",""," siderite in ")) | M30: =SUBSTITUTE(SUBSTITUTE(SUBSTITUTE(SUBSTITUTE(SUBSTITUTE(SUBSTITUTE(SUBSTITUTE(SUBSTITUTE(SUBSTITUTE(SUBSTITUTE(SUBSTITUTE(SUBSTITUTE(SUBSTITUTE(SUBSTITUTE(SUBSTITUTE(SUBSTITUTE(SUBSTITUTE(SUBSTITUTE(SUBSTITUTE(SUBSTITUTE(SUBSTITUTE(SUBSTITUTE(SUBSTITUTE(SUBSTITUTE(SUBSTITUTE(SUBSTITUTE(SUBSTITUTE(SUBSTITUTE(SUBSTITUTE(SUBSTITUTE(SUBSTITUTE('Input Sheet'!J32,$C$3,$D$3),$C$4,$D$4),$C$5,$D$5),$C$6,$D$6),$C$7,$D$7),$C$8,$D$8),$C$9,$D$9),$C$10,$D$10),$C$11,$D$11),$C$12,$D$12),$C$13,$D$13),$C$14,$D$14),$C$15,$D$15),$C$16,$D$16),$C$17,$D$17),$C$18,$D$18),$C$19,$D$19),$C$20,$D$20),$C$21,$D$21),$C$22,$D$22),$C$23,$D$23),$C$24,$D$24),$C$25,$D$25),$C$26,$D$26),$C$27,$D$27),$C$28,$D$28),$C$29,$D$29),$C$30,$D$30),$C$31,$D$31),$C$32,$D$32),$C$33,$D$33) | N30: =CONCATENATE(M30, IF('Input Sheet'!J32="",""," siderite in "))
A31: =IF('Input Sheet'!C33="","",CONCATENATE("Sample ", 'Input Sheet'!B33, "m: ", L31, F31, "% ", "Siltstone, ", N31, 'Input Sheet'!C33, "% ", H31, " Sandstone, ", J31, I31, " FLUOR in SST. ", "TG ", 'Input Sheet'!H33, "U")) -> Sample 2000m: common siderite in 60% Siltstone, 40% fine Sandstone, 100% pale to moderately bright FLUOR in SST. TG 22.4U | F31: =IF('Input Sheet'!C33="","",100-'Input Sheet'!C33) -> 60 | G31: =SUBSTITUTE(SUBSTITUTE(SUBSTITUTE(SUBSTITUTE(SUBSTITUTE(SUBSTITUTE(SUBSTITUTE(SUBSTITUTE(SUBSTITUTE(SUBSTITUTE(SUBSTITUTE(SUBSTITUTE(SUBSTITUTE(SUBSTITUTE(SUBSTITUTE(SUBSTITUTE(SUBSTITUTE(SUBSTITUTE(SUBSTITUTE(SUBSTITUTE(SUBSTITUTE(SUBSTITUTE(SUBSTITUTE(SUBSTITUTE(SUBSTITUTE(SUBSTITUTE(SUBSTITUTE(SUBSTITUTE(SUBSTITUTE(SUBSTITUTE(SUBSTITUTE('Input Sheet'!D33,$C$3,$D$3),$C$4,$D$4),$C$5,$D$5),$C$6,$D$6),$C$7,$D$7),$C$8,$D$8),$C$9,$D$9),$C$10,$D$10),$C$11,$D$11),$C$12,$D$12),$C$13,$D$13),$C$14,$D$14),$C$15,$D$15),$C$16,$D$16),$C$17,$D$17),$C$18,$D$18),$C$19,$D$19),$C$20,$D$20),$C$21,$D$21),$C$22,$D$22),$C$23,$D$23),$C$24,$D$24),$C$25,$D$25),$C$26,$D$26),$C$27,$D$27),$C$28,$D$28),$C$29,$D$29),$C$30,$D$30),$C$31,$D$31),$C$32,$D$32),$C$33,$D$33) -> fine | H31: =SUBSTITUTE(G31, "veryfine", "very fine") -> fine | I31: =SUBSTITUTE(SUBSTITUTE(SUBSTITUTE(SUBSTITUTE(SUBSTITUTE(SUBSTITUTE(SUBSTITUTE(SUBSTITUTE(SUBSTITUTE(SUBSTITUTE(SUBSTITUTE(SUBSTITUTE(SUBSTITUTE(SUBSTITUTE(SUBSTITUTE(SUBSTITUTE(SUBSTITUTE(SUBSTITUTE(SUBSTITUTE(SUBSTITUTE(SUBSTITUTE(SUBSTITUTE(SUBSTITUTE(SUBSTITUTE(SUBSTITUTE(SUBSTITUTE(SUBSTITUTE(SUBSTITUTE(SUBSTITUTE(SUBSTITUTE(SUBSTITUTE('Input Sheet'!G33,$C$3,$D$3),$C$4,$D$4),$C$5,$D$5),$C$6,$D$6),$C$7,$D$7),$C$8,$D$8),$C$9,$D$9),$C$10,$D$10),$C$11,$D$11),$C$12,$D$12),$C$13,$D$13),$C$14,$D$14),$C$15,$D$15),$C$16,$D$16),$C$17,$D$17),$C$18,$D$18),$C$19,$D$19),$C$20,$D$20),$C$21,$D$21),$C$22,$D$22),$C$23,$D$23),$C$24,$D$24),$C$25,$D$25),$C$26,$D$26),$C$27,$D$27),$C$28,$D$28),$C$29,$D$29),$C$30,$D$30),$C$31,$D$31),$C$32,$D$32),$C$33,$D$33) -> pale to moderately bright | J31: =IF('Input Sheet'!F33=0, "NO",CONCATENATE('Input Sheet'!F33, IF('Input Sheet'!F33>0,"% ",""))) -> 100% | K31: =SUBSTITUTE(SUBSTITUTE(SUBSTITUTE(SUBSTITUTE(SUBSTITUTE(SUBSTITUTE(SUBSTITUTE(SUBSTITUTE(SUBSTITUTE(SUBSTITUTE(SUBSTITUTE(SUBSTITUTE(SUBSTITUTE(SUBSTITUTE(SUBSTITUTE(SUBSTITUTE(SUBSTITUTE(SUBSTITUTE(SUBSTITUTE(SUBSTITUTE(SUBSTITUTE(SUBSTITUTE(SUBSTITUTE(SUBSTITUTE(SUBSTITUTE(SUBSTITUTE(SUBSTITUTE(SUBSTITUTE(SUBSTITUTE(SUBSTITUTE(SUBSTITUTE('Input Sheet'!I33,$C$3,$D$3),$C$4,$D$4),$C$5,$D$5),$C$6,$D$6),$C$7,$D$7),$C$8,$D$8),$C$9,$D$9),$C$10,$D$10),$C$11,$D$11),$C$12,$D$12),$C$13,$D$13),$C$14,$D$14),$C$15,$D$15),$C$16,$D$16),$C$17,$D$17),$C$18,$D$18),$C$19,$D$19),$C$20,$D$20),$C$21,$D$21),$C$22,$D$22),$C$23,$D$23),$C$24,$D$24),$C$25,$D$25),$C$26,$D$26),$C$27,$D$27),$C$28,$D$28),$C$29,$D$29),$C$30,$D$30),$C$31,$D$31),$C$32,$D$32),$C$33,$D$33) -> common | L31: =CONCATENATE(K31, IF('Input Sheet'!I33="",""," siderite in ")) -> common siderite in | M31: =SUBSTITUTE(SUBSTITUTE(SUBSTITUTE(SUBSTITUTE(SUBSTITUTE(SUBSTITUTE(SUBSTITUTE(SUBSTITUTE(SUBSTITUTE(SUBSTITUTE(SUBSTITUTE(SUBSTITUTE(SUBSTITUTE(SUBSTITUTE(SUBSTITUTE(SUBSTITUTE(SUBSTITUTE(SUBSTITUTE(SUBSTITUTE(SUBSTITUTE(SUBSTITUTE(SUBSTITUTE(SUBSTITUTE(SUBSTITUTE(SUBSTITUTE(SUBSTITUTE(SUBSTITUTE(SUBSTITUTE(SUBSTITUTE(SUBSTITUTE(SUBSTITUTE('Input Sheet'!J33,$C$3,$D$3),$C$4,$D$4),$C$5,$D$5),$C$6,$D$6),$C$7,$D$7),$C$8,$D$8),$C$9,$D$9),$C$10,$D$10),$C$11,$D$11),$C$12,$D$12),$C$13,$D$13),$C$14,$D$14),$C$15,$D$15),$C$16,$D$16),$C$17,$D$17),$C$18,$D$18),$C$19,$D$19),$C$20,$D$20),$C$21,$D$21),$C$22,$D$22),$C$23,$D$23),$C$24,$D$24),$C$25,$D$25),$C$26,$D$26),$C$27,$D$27),$C$28,$D$28),$C$29,$D$29),$C$30,$D$30),$C$31,$D$31),$C$32,$D$32),$C$33,$D$33) | N31: =CONCATENATE(M31, IF('Input Sheet'!J33="",""," siderite in "))
... A181: =IF('Input Sheet'!C183="","",CONCATENATE("Sample ", 'Input Sheet'!B183, "m: ", L181, F181, "% ", "Siltstone, ", N181, 'Input Sheet'!C183, "% ", H181, " Sandstone, ", J181, I181, " FLUOR in SST. ", "TG ", 'Input Sheet'!H183, "U")) -> Sample 2750m: 20% Siltstone, 80% very fine to medium Sandstone, 100% moderately bright to bright FLUOR in SST. TG 70U | F181: =IF('Input Sheet'!C183="","",100-'Input Sheet'!C183) -> 20 | G181: =SUBSTITUTE(SUBSTITUTE(SUBSTITUTE(SUBSTITUTE(SUBSTITUTE(SUBSTITUTE(SUBSTITUTE(SUBSTITUTE(SUBSTITUTE(SUBSTITUTE(SUBSTITUTE(SUBSTITUTE(SUBSTITUTE(SUBSTITUTE(SUBSTITUTE(SUBSTITUTE(SUBSTITUTE(SUBSTITUTE(SUBSTITUTE(SUBSTITUTE(SUBSTITUTE(SUBSTITUTE(SUBSTITUTE(SUBSTITUTE(SUBSTITUTE(SUBSTITUTE(SUBSTITUTE(SUBSTITUTE(SUBSTITUTE(SUBSTITUTE(SUBSTITUTE('Input Sheet'!D183,$C$3,$D$3),$C$4,$D$4),$C$5,$D$5),$C$6,$D$6),$C$7,$D$7),$C$8,$D$8),$C$9,$D$9),$C$10,$D$10),$C$11,$D$11),$C$12,$D$12),$C$13,$D$13),$C$14,$D$14),$C$15,$D$15),$C$16,$D$16),$C$17,$D$17),$C$18,$D$18),$C$19,$D$19),$C$20,$D$20),$C$21,$D$21),$C$22,$D$22),$C$23,$D$23),$C$24,$D$24),$C$25,$D$25),$C$26,$D$26),$C$27,$D$27),$C$28,$D$28),$C$29,$D$29),$C$30,$D$30),$C$31,$D$31),$C$32,$D$32),$C$33,$D$33) -> veryfine to medium | H181: =SUBSTITUTE(G181, "veryfine", "very fine") -> very fine to medium | I181: =SUBSTITUTE(SUBSTITUTE(SUBSTITUTE(SUBSTITUTE(SUBSTITUTE(SUBSTITUTE(SUBSTITUTE(SUBSTITUTE(SUBSTITUTE(SUBSTITUTE(SUBSTITUTE(SUBSTITUTE(SUBSTITUTE(SUBSTITUTE(SUBSTITUTE(SUBSTITUTE(SUBSTITUTE(SUBSTITUTE(SUBSTITUTE(SUBSTITUTE(SUBSTITUTE(SUBSTITUTE(SUBSTITUTE(SUBSTITUTE(SUBSTITUTE(SUBSTITUTE(SUBSTITUTE(SUBSTITUTE(SUBSTITUTE(SUBSTITUTE(SUBSTITUTE('Input Sheet'!G183,$C$3,$D$3),$C$4,$D$4),$C$5,$D$5),$C$6,$D$6),$C$7,$D$7),$C$8,$D$8),$C$9,$D$9),$C$10,$D$10),$C$11,$D$11),$C$12,$D$12),$C$13,$D$13),$C$14,$D$14),$C$15,$D$15),$C$16,$D$16),$C$17,$D$17),$C$18,$D$18),$C$19,$D$19),$C$20,$D$20),$C$21,$D$21),$C$22,$D$22),$C$23,$D$23),$C$24,$D$24),$C$25,$D$25),$C$26,$D$26),$C$27,$D$27),$C$28,$D$28),$C$29,$D$29),$C$30,$D$30),$C$31,$D$31),$C$32,$D$32),$C$33,$D$33) -> moderately bright to bright | J181: =IF('Input Sheet'!F183=0, "NO",CONCATENATE('Input Sheet'!F183, IF('Input Sheet'!F183>0,"% ",""))) -> 100% | K181: =SUBSTITUTE(SUBSTITUTE(SUBSTITUTE(SUBSTITUTE(SUBSTITUTE(SUBSTITUTE(SUBSTITUTE(SUBSTITUTE(SUBSTITUTE(SUBSTITUTE(SUBSTITUTE(SUBSTITUTE(SUBSTITUTE(SUBSTITUTE(SUBSTITUTE(SUBSTITUTE(SUBSTITUTE(SUBSTITUTE(SUBSTITUTE(SUBSTITUTE(SUBSTITUTE(SUBSTITUTE(SUBSTITUTE(SUBSTITUTE(SUBSTITUTE(SUBSTITUTE(SUBSTITUTE(SUBSTITUTE(SUBSTITUTE(SUBSTITUTE(SUBSTITUTE('Input Sheet'!I183,$C$3,$D$3),$C$4,$D$4),$C$5,$D$5),$C$6,$D$6),$C$7,$D$7),$C$8,$D$8),$C$9,$D$9),$C$10,$D$10),$C$11,$D$11),$C$12,$D$12),$C$13,$D$13),$C$14,$D$14),$C$15,$D$15),$C$16,$D$16),$C$17,$D$17),$C$18,$D$18),$C$19,$D$19),$C$20,$D$20),$C$21,$D$21),$C$22,$D$22),$C$23,$D$23),$C$24,$D$24),$C$25,$D$25),$C$26,$D$26),$C$27,$D$27),$C$28,$D$28),$C$29,$D$29),$C$30,$D$30),$C$31,$D$31),$C$32,$D$32),$C$33,$D$33) | L181: =CONCATENATE(K181, IF('Input Sheet'!I183="",""," siderite in ")) | M181: =SUBSTITUTE(SUBSTITUTE(SUBSTITUTE(SUBSTITUTE(SUBSTITUTE(SUBSTITUTE(SUBSTITUTE(SUBSTITUTE(SUBSTITUTE(SUBSTITUTE(SUBSTITUTE(SUBSTITUTE(SUBSTITUTE(SUBSTITUTE(SUBSTITUTE(SUBSTITUTE(SUBSTITUTE(SUBSTITUTE(SUBSTITUTE(SUBSTITUTE(SUBSTITUTE(SUBSTITUTE(SUBSTITUTE(SUBSTITUTE(SUBSTITUTE(SUBSTITUTE(SUBSTITUTE(SUBSTITUTE(SUBSTITUTE(SUBSTITUTE(SUBSTITUTE('Input Sheet'!J183,$C$3,$D$3),$C$4,$D$4),$C$5,$D$5),$C$6,$D$6),$C$7,$D$7),$C$8,$D$8),$C$9,$D$9),$C$10,$D$10),$C$11,$D$11),$C$12,$D$12),$C$13,$D$13),$C$14,$D$14),$C$15,$D$15),$C$16,$D$16),$C$17,$D$17),$C$18,$D$18),$C$19,$D$19),$C$20,$D$20),$C$21,$D$21),$C$22,$D$22),$C$23,$D$23),$C$24,$D$24),$C$25,$D$25),$C$26,$D$26),$C$27,$D$27),$C$28,$D$28),$C$29,$D$29),$C$30,$D$30),$C$31,$D$31),$C$32,$D$32),$C$33,$D$33) | N181: =CONCATENATE(M181, IF('Input Sheet'!J183="",""," siderite in "))
A182: =IF('Input Sheet'!C185="","",CONCATENATE("Sample ", 'Input Sheet'!B185, "m: ", L182, F182, "% ", "Siltstone, ", N182, 'Input Sheet'!C185, "% ", H182, " Sandstone, ", J182, I182, " FLUOR in SST. ", "TG ", 'Input Sheet'!H185, "U")) -> Sample 2760m: 20% Siltstone, 80% fine to medium Sandstone, 100% bright FLUOR in SST. TG 42U | F182: =IF('Input Sheet'!C185="","",100-'Input Sheet'!C185) -> 20 | G182: =SUBSTITUTE(SUBSTITUTE(SUBSTITUTE(SUBSTITUTE(SUBSTITUTE(SUBSTITUTE(SUBSTITUTE(SUBSTITUTE(SUBSTITUTE(SUBSTITUTE(SUBSTITUTE(SUBSTITUTE(SUBSTITUTE(SUBSTITUTE(SUBSTITUTE(SUBSTITUTE(SUBSTITUTE(SUBSTITUTE(SUBSTITUTE(SUBSTITUTE(SUBSTITUTE(SUBSTITUTE(SUBSTITUTE(SUBSTITUTE(SUBSTITUTE(SUBSTITUTE(SUBSTITUTE(SUBSTITUTE(SUBSTITUTE(SUBSTITUTE(SUBSTITUTE('Input Sheet'!D185,$C$3,$D$3),$C$4,$D$4),$C$5,$D$5),$C$6,$D$6),$C$7,$D$7),$C$8,$D$8),$C$9,$D$9),$C$10,$D$10),$C$11,$D$11),$C$12,$D$12),$C$13,$D$13),$C$14,$D$14),$C$15,$D$15),$C$16,$D$16),$C$17,$D$17),$C$18,$D$18),$C$19,$D$19),$C$20,$D$20),$C$21,$D$21),$C$22,$D$22),$C$23,$D$23),$C$24,$D$24),$C$25,$D$25),$C$26,$D$26),$C$27,$D$27),$C$28,$D$28),$C$29,$D$29),$C$30,$D$30),$C$31,$D$31),$C$32,$D$32),$C$33,$D$33) -> fine to medium | H182: =SUBSTITUTE(G182, "veryfine", "very fine") -> fine to medium | I182: =SUBSTITUTE(SUBSTITUTE(SUBSTITUTE(SUBSTITUTE(SUBSTITUTE(SUBSTITUTE(SUBSTITUTE(SUBSTITUTE(SUBSTITUTE(SUBSTITUTE(SUBSTITUTE(SUBSTITUTE(SUBSTITUTE(SUBSTITUTE(SUBSTITUTE(SUBSTITUTE(SUBSTITUTE(SUBSTITUTE(SUBSTITUTE(SUBSTITUTE(SUBSTITUTE(SUBSTITUTE(SUBSTITUTE(SUBSTITUTE(SUBSTITUTE(SUBSTITUTE(SUBSTITUTE(SUBSTITUTE(SUBSTITUTE(SUBSTITUTE(SUBSTITUTE('Input Sheet'!G185,$C$3,$D$3),$C$4,$D$4),$C$5,$D$5),$C$6,$D$6),$C$7,$D$7),$C$8,$D$8),$C$9,$D$9),$C$10,$D$10),$C$11,$D$11),$C$12,$D$12),$C$13,$D$13),$C$14,$D$14),$C$15,$D$15),$C$16,$D$16),$C$17,$D$17),$C$18,$D$18),$C$19,$D$19),$C$20,$D$20),$C$21,$D$21),$C$22,$D$22),$C$23,$D$23),$C$24,$D$24),$C$25,$D$25),$C$26,$D$26),$C$27,$D$27),$C$28,$D$28),$C$29,$D$29),$C$30,$D$30),$C$31,$D$31),$C$32,$D$32),$C$33,$D$33) -> bright | J182: =IF('Input Sheet'!F185=0, "NO",CONCATENATE('Input Sheet'!F185, IF('Input Sheet'!F185>0,"% ",""))) -> 100% | K182: =SUBSTITUTE(SUBSTITUTE(SUBSTITUTE(SUBSTITUTE(SUBSTITUTE(SUBSTITUTE(SUBSTITUTE(SUBSTITUTE(SUBSTITUTE(SUBSTITUTE(SUBSTITUTE(SUBSTITUTE(SUBSTITUTE(SUBSTITUTE(SUBSTITUTE(SUBSTITUTE(SUBSTITUTE(SUBSTITUTE(SUBSTITUTE(SUBSTITUTE(SUBSTITUTE(SUBSTITUTE(SUBSTITUTE(SUBSTITUTE(SUBSTITUTE(SUBSTITUTE(SUBSTITUTE(SUBSTITUTE(SUBSTITUTE(SUBSTITUTE(SUBSTITUTE('Input Sheet'!I185,$C$3,$D$3),$C$4,$D$4),$C$5,$D$5),$C$6,$D$6),$C$7,$D$7),$C$8,$D$8),$C$9,$D$9),$C$10,$D$10),$C$11,$D$11),$C$12,$D$12),$C$13,$D$13),$C$14,$D$14),$C$15,$D$15),$C$16,$D$16),$C$17,$D$17),$C$18,$D$18),$C$19,$D$19),$C$20,$D$20),$C$21,$D$21),$C$22,$D$22),$C$23,$D$23),$C$24,$D$24),$C$25,$D$25),$C$26,$D$26),$C$27,$D$27),$C$28,$D$28),$C$29,$D$29),$C$30,$D$30),$C$31,$D$31),$C$32,$D$32),$C$33,$D$33) | L182: =CONCATENATE(K182, IF('Input Sheet'!I185="",""," siderite in ")) | M182: =SUBSTITUTE(SUBSTITUTE(SUBSTITUTE(SUBSTITUTE(SUBSTITUTE(SUBSTITUTE(SUBSTITUTE(SUBSTITUTE(SUBSTITUTE(SUBSTITUTE(SUBSTITUTE(SUBSTITUTE(SUBSTITUTE(SUBSTITUTE(SUBSTITUTE(SUBSTITUTE(SUBSTITUTE(SUBSTITUTE(SUBSTITUTE(SUBSTITUTE(SUBSTITUTE(SUBSTITUTE(SUBSTITUTE(SUBSTITUTE(SUBSTITUTE(SUBSTITUTE(SUBSTITUTE(SUBSTITUTE(SUBSTITUTE(SUBSTITUTE(SUBSTITUTE('Input Sheet'!J185,$C$3,$D$3),$C$4,$D$4),$C$5,$D$5),$C$6,$D$6),$C$7,$D$7),$C$8,$D$8),$C$9,$D$9),$C$10,$D$10),$C$11,$D$11),$C$12,$D$12),$C$13,$D$13),$C$14,$D$14),$C$15,$D$15),$C$16,$D$16),$C$17,$D$17),$C$18,$D$18),$C$19,$D$19),$C$20,$D$20),$C$21,$D$21),$C$22,$D$22),$C$23,$D$23),$C$24,$D$24),$C$25,$D$25),$C$26,$D$26),$C$27,$D$27),$C$28,$D$28),$C$29,$D$29),$C$30,$D$30),$C$31,$D$31),$C$32,$D$32),$C$33,$D$33) | N182: =CONCATENATE(M182, IF('Input Sheet'!J185="",""," siderite in "))
A183: =IF('Input Sheet'!C187="","",CONCATENATE("Sample ", 'Input Sheet'!B187, "m: ", L183, F183, "% ", "Siltstone, ", N183, 'Input Sheet'!C187, "% ", H183, " Sandstone, ", J183, I183, " FLUOR in SST. ", "TG ", 'Input Sheet'!H187, "U")) -> Sample 2770m: 15% Siltstone, 85% fine to medium Sandstone, 100% bright FLUOR in SST. TG 63U | F183: =IF('Input Sheet'!C187="","",100-'Input Sheet'!C187) -> 15 | G183: =SUBSTITUTE(SUBSTITUTE(SUBSTITUTE(SUBSTITUTE(SUBSTITUTE(SUBSTITUTE(SUBSTITUTE(SUBSTITUTE(SUBSTITUTE(SUBSTITUTE(SUBSTITUTE(SUBSTITUTE(SUBSTITUTE(SUBSTITUTE(SUBSTITUTE(SUBSTITUTE(SUBSTITUTE(SUBSTITUTE(SUBSTITUTE(SUBSTITUTE(SUBSTITUTE(SUBSTITUTE(SUBSTITUTE(SUBSTITUTE(SUBSTITUTE(SUBSTITUTE(SUBSTITUTE(SUBSTITUTE(SUBSTITUTE(SUBSTITUTE(SUBSTITUTE('Input Sheet'!D187,$C$3,$D$3),$C$4,$D$4),$C$5,$D$5),$C$6,$D$6),$C$7,$D$7),$C$8,$D$8),$C$9,$D$9),$C$10,$D$10),$C$11,$D$11),$C$12,$D$12),$C$13,$D$13),$C$14,$D$14),$C$15,$D$15),$C$16,$D$16),$C$17,$D$17),$C$18,$D$18),$C$19,$D$19),$C$20,$D$20),$C$21,$D$21),$C$22,$D$22),$C$23,$D$23),$C$24,$D$24),$C$25,$D$25),$C$26,$D$26),$C$27,$D$27),$C$28,$D$28),$C$29,$D$29),$C$30,$D$30),$C$31,$D$31),$C$32,$D$32),$C$33,$D$33) -> fine to medium | H183: =SUBSTITUTE(G183, "veryfine", "very fine") -> fine to medium | I183: =SUBSTITUTE(SUBSTITUTE(SUBSTITUTE(SUBSTITUTE(SUBSTITUTE(SUBSTITUTE(SUBSTITUTE(SUBSTITUTE(SUBSTITUTE(SUBSTITUTE(SUBSTITUTE(SUBSTITUTE(SUBSTITUTE(SUBSTITUTE(SUBSTITUTE(SUBSTITUTE(SUBSTITUTE(SUBSTITUTE(SUBSTITUTE(SUBSTITUTE(SUBSTITUTE(SUBSTITUTE(SUBSTITUTE(SUBSTITUTE(SUBSTITUTE(SUBSTITUTE(SUBSTITUTE(SUBSTITUTE(SUBSTITUTE(SUBSTITUTE(SUBSTITUTE('Input Sheet'!G187,$C$3,$D$3),$C$4,$D$4),$C$5,$D$5),$C$6,$D$6),$C$7,$D$7),$C$8,$D$8),$C$9,$D$9),$C$10,$D$10),$C$11,$D$11),$C$12,$D$12),$C$13,$D$13),$C$14,$D$14),$C$15,$D$15),$C$16,$D$16),$C$17,$D$17),$C$18,$D$18),$C$19,$D$19),$C$20,$D$20),$C$21,$D$21),$C$22,$D$22),$C$23,$D$23),$C$24,$D$24),$C$25,$D$25),$C$26,$D$26),$C$27,$D$27),$C$28,$D$28),$C$29,$D$29),$C$30,$D$30),$C$31,$D$31),$C$32,$D$32),$C$33,$D$33) -> bright | J183: =IF('Input Sheet'!F187=0, "NO",CONCATENATE('Input Sheet'!F187, IF('Input Sheet'!F187>0,"% ",""))) -> 100% | K183: =SUBSTITUTE(SUBSTITUTE(SUBSTITUTE(SUBSTITUTE(SUBSTITUTE(SUBSTITUTE(SUBSTITUTE(SUBSTITUTE(SUBSTITUTE(SUBSTITUTE(SUBSTITUTE(SUBSTITUTE(SUBSTITUTE(SUBSTITUTE(SUBSTITUTE(SUBSTITUTE(SUBSTITUTE(SUBSTITUTE(SUBSTITUTE(SUBSTITUTE(SUBSTITUTE(SUBSTITUTE(SUBSTITUTE(SUBSTITUTE(SUBSTITUTE(SUBSTITUTE(SUBSTITUTE(SUBSTITUTE(SUBSTITUTE(SUBSTITUTE(SUBSTITUTE('Input Sheet'!I187,$C$3,$D$3),$C$4,$D$4),$C$5,$D$5),$C$6,$D$6),$C$7,$D$7),$C$8,$D$8),$C$9,$D$9),$C$10,$D$10),$C$11,$D$11),$C$12,$D$12),$C$13,$D$13),$C$14,$D$14),$C$15,$D$15),$C$16,$D$16),$C$17,$D$17),$C$18,$D$18),$C$19,$D$19),$C$20,$D$20),$C$21,$D$21),$C$22,$D$22),$C$23,$D$23),$C$24,$D$24),$C$25,$D$25),$C$26,$D$26),$C$27,$D$27),$C$28,$D$28),$C$29,$D$29),$C$30,$D$30),$C$31,$D$31),$C$32,$D$32),$C$33,$D$33) | L183: =CONCATENATE(K183, IF('Input Sheet'!I187="",""," siderite in ")) | M183: =SUBSTITUTE(SUBSTITUTE(SUBSTITUTE(SUBSTITUTE(SUBSTITUTE(SUBSTITUTE(SUBSTITUTE(SUBSTITUTE(SUBSTITUTE(SUBSTITUTE(SUBSTITUTE(SUBSTITUTE(SUBSTITUTE(SUBSTITUTE(SUBSTITUTE(SUBSTITUTE(SUBSTITUTE(SUBSTITUTE(SUBSTITUTE(SUBSTITUTE(SUBSTITUTE(SUBSTITUTE(SUBSTITUTE(SUBSTITUTE(SUBSTITUTE(SUBSTITUTE(SUBSTITUTE(SUBSTITUTE(SUBSTITUTE(SUBSTITUTE(SUBSTITUTE('Input Sheet'!J187,$C$3,$D$3),$C$4,$D$4),$C$5,$D$5),$C$6,$D$6),$C$7,$D$7),$C$8,$D$8),$C$9,$D$9),$C$10,$D$10),$C$11,$D$11),$C$12,$D$12),$C$13,$D$13),$C$14,$D$14),$C$15,$D$15),$C$16,$D$16),$C$17,$D$17),$C$18,$D$18),$C$19,$D$19),$C$20,$D$20),$C$21,$D$21),$C$22,$D$22),$C$23,$D$23),$C$24,$D$24),$C$25,$D$25),$C$26,$D$26),$C$27,$D$27),$C$28,$D$28),$C$29,$D$29),$C$30,$D$30),$C$31,$D$31),$C$32,$D$32),$C$33,$D$33) | N183: =CONCATENATE(M183, IF('Input Sheet'!J187="",""," siderite in "))
A184: =IF('Input Sheet'!C189="","",CONCATENATE("Sample ", 'Input Sheet'!B189, "m: ", L184, F184, "% ", "Siltstone, ", N184, 'Input Sheet'!C189, "% ", H184, " Sandstone, ", J184, I184, " FLUOR in SST. ", "TG ", 'Input Sheet'!H189, "U")) -> Sample 2780m: 10% Siltstone, 90% very fine to medium Sandstone, 100% bright FLUOR in SST. TG 53U | F184: =IF('Input Sheet'!C189="","",100-'Input Sheet'!C189) -> 10 | G184: =SUBSTITUTE(SUBSTITUTE(SUBSTITUTE(SUBSTITUTE(SUBSTITUTE(SUBSTITUTE(SUBSTITUTE(SUBSTITUTE(SUBSTITUTE(SUBSTITUTE(SUBSTITUTE(SUBSTITUTE(SUBSTITUTE(SUBSTITUTE(SUBSTITUTE(SUBSTITUTE(SUBSTITUTE(SUBSTITUTE(SUBSTITUTE(SUBSTITUTE(SUBSTITUTE(SUBSTITUTE(SUBSTITUTE(SUBSTITUTE(SUBSTITUTE(SUBSTITUTE(SUBSTITUTE(SUBSTITUTE(SUBSTITUTE(SUBSTITUTE(SUBSTITUTE('Input Sheet'!D189,$C$3,$D$3),$C$4,$D$4),$C$5,$D$5),$C$6,$D$6),$C$7,$D$7),$C$8,$D$8),$C$9,$D$9),$C$10,$D$10),$C$11,$D$11),$C$12,$D$12),$C$13,$D$13),$C$14,$D$14),$C$15,$D$15),$C$16,$D$16),$C$17,$D$17),$C$18,$D$18),$C$19,$D$19),$C$20,$D$20),$C$21,$D$21),$C$22,$D$22),$C$23,$D$23),$C$24,$D$24),$C$25,$D$25),$C$26,$D$26),$C$27,$D$27),$C$28,$D$28),$C$29,$D$29),$C$30,$D$30),$C$31,$D$31),$C$32,$D$32),$C$33,$D$33) -> veryfine to medium | H184: =SUBSTITUTE(G184, "veryfine", "very fine") -> very fine to medium | I184: =SUBSTITUTE(SUBSTITUTE(SUBSTITUTE(SUBSTITUTE(SUBSTITUTE(SUBSTITUTE(SUBSTITUTE(SUBSTITUTE(SUBSTITUTE(SUBSTITUTE(SUBSTITUTE(SUBSTITUTE(SUBSTITUTE(SUBSTITUTE(SUBSTITUTE(SUBSTITUTE(SUBSTITUTE(SUBSTITUTE(SUBSTITUTE(SUBSTITUTE(SUBSTITUTE(SUBSTITUTE(SUBSTITUTE(SUBSTITUTE(SUBSTITUTE(SUBSTITUTE(SUBSTITUTE(SUBSTITUTE(SUBSTITUTE(SUBSTITUTE(SUBSTITUTE('Input Sheet'!G189,$C$3,$D$3),$C$4,$D$4),$C$5,$D$5),$C$6,$D$6),$C$7,$D$7),$C$8,$D$8),$C$9,$D$9),$C$10,$D$10),$C$11,$D$11),$C$12,$D$12),$C$13,$D$13),$C$14,$D$14),$C$15,$D$15),$C$16,$D$16),$C$17,$D$17),$C$18,$D$18),$C$19,$D$19),$C$20,$D$20),$C$21,$D$21),$C$22,$D$22),$C$23,$D$23),$C$24,$D$24),$C$25,$D$25),$C$26,$D$26),$C$27,$D$27),$C$28,$D$28),$C$29,$D$29),$C$30,$D$30),$C$31,$D$31),$C$32,$D$32),$C$33,$D$33) -> bright | J184: =IF('Input Sheet'!F189=0, "NO",CONCATENATE('Input Sheet'!F189, IF('Input Sheet'!F189>0,"% ",""))) -> 100% | K184: =SUBSTITUTE(SUBSTITUTE(SUBSTITUTE(SUBSTITUTE(SUBSTITUTE(SUBSTITUTE(SUBSTITUTE(SUBSTITUTE(SUBSTITUTE(SUBSTITUTE(SUBSTITUTE(SUBSTITUTE(SUBSTITUTE(SUBSTITUTE(SUBSTITUTE(SUBSTITUTE(SUBSTITUTE(SUBSTITUTE(SUBSTITUTE(SUBSTITUTE(SUBSTITUTE(SUBSTITUTE(SUBSTITUTE(SUBSTITUTE(SUBSTITUTE(SUBSTITUTE(SUBSTITUTE(SUBSTITUTE(SUBSTITUTE(SUBSTITUTE(SUBSTITUTE('Input Sheet'!I189,$C$3,$D$3),$C$4,$D$4),$C$5,$D$5),$C$6,$D$6),$C$7,$D$7),$C$8,$D$8),$C$9,$D$9),$C$10,$D$10),$C$11,$D$11),$C$12,$D$12),$C$13,$D$13),$C$14,$D$14),$C$15,$D$15),$C$16,$D$16),$C$17,$D$17),$C$18,$D$18),$C$19,$D$19),$C$20,$D$20),$C$21,$D$21),$C$22,$D$22),$C$23,$D$23),$C$24,$D$24),$C$25,$D$25),$C$26,$D$26),$C$27,$D$27),$C$28,$D$28),$C$29,$D$29),$C$30,$D$30),$C$31,$D$31),$C$32,$D$32),$C$33,$D$33) | L184: =CONCATENATE(K184, IF('Input Sheet'!I189="",""," siderite in ")) | M184: =SUBSTITUTE(SUBSTITUTE(SUBSTITUTE(SUBSTITUTE(SUBSTITUTE(SUBSTITUTE(SUBSTITUTE(SUBSTITUTE(SUBSTITUTE(SUBSTITUTE(SUBSTITUTE(SUBSTITUTE(SUBSTITUTE(SUBSTITUTE(SUBSTITUTE(SUBSTITUTE(SUBSTITUTE(SUBSTITUTE(SUBSTITUTE(SUBSTITUTE(SUBSTITUTE(SUBSTITUTE(SUBSTITUTE(SUBSTITUTE(SUBSTITUTE(SUBSTITUTE(SUBSTITUTE(SUBSTITUTE(SUBSTITUTE(SUBSTITUTE(SUBSTITUTE('Input Sheet'!J189,$C$3,$D$3),$C$4,$D$4),$C$5,$D$5),$C$6,$D$6),$C$7,$D$7),$C$8,$D$8),$C$9,$D$9),$C$10,$D$10),$C$11,$D$11),$C$12,$D$12),$C$13,$D$13),$C$14,$D$14),$C$15,$D$15),$C$16,$D$16),$C$17,$D$17),$C$18,$D$18),$C$19,$D$19),$C$20,$D$20),$C$21,$D$21),$C$22,$D$22),$C$23,$D$23),$C$24,$D$24),$C$25,$D$25),$C$26,$D$26),$C$27,$D$27),$C$28,$D$28),$C$29,$D$29),$C$30,$D$30),$C$31,$D$31),$C$32,$D$32),$C$33,$D$33) | N184: =CONCATENATE(M184, IF('Input Sheet'!J189="",""," siderite in "))
A185: =IF('Input Sheet'!C191="","",CONCATENATE("Sample ", 'Input Sheet'!B191, "m: ", L185, F185, "% ", "Siltstone, ", N185, 'Input Sheet'!C191, "% ", H185, " Sandstone, ", J185, I185, " FLUOR in SST. ", "TG ", 'Input Sheet'!H191, "U")) -> Sample 2790m: 15% Siltstone, 85% very fine to medium Sandstone, 100% bright FLUOR in SST. TG 108U | F185: =IF('Input Sheet'!C191="","",100-'Input Sheet'!C191) -> 15 | G185: =SUBSTITUTE(SUBSTITUTE(SUBSTITUTE(SUBSTITUTE(SUBSTITUTE(SUBSTITUTE(SUBSTITUTE(SUBSTITUTE(SUBSTITUTE(SUBSTITUTE(SUBSTITUTE(SUBSTITUTE(SUBSTITUTE(SUBSTITUTE(SUBSTITUTE(SUBSTITUTE(SUBSTITUTE(SUBSTITUTE(SUBSTITUTE(SUBSTITUTE(SUBSTITUTE(SUBSTITUTE(SUBSTITUTE(SUBSTITUTE(SUBSTITUTE(SUBSTITUTE(SUBSTITUTE(SUBSTITUTE(SUBSTITUTE(SUBSTITUTE(SUBSTITUTE('Input Sheet'!D191,$C$3,$D$3),$C$4,$D$4),$C$5,$D$5),$C$6,$D$6),$C$7,$D$7),$C$8,$D$8),$C$9,$D$9),$C$10,$D$10),$C$11,$D$11),$C$12,$D$12),$C$13,$D$13),$C$14,$D$14),$C$15,$D$15),$C$16,$D$16),$C$17,$D$17),$C$18,$D$18),$C$19,$D$19),$C$20,$D$20),$C$21,$D$21),$C$22,$D$22),$C$23,$D$23),$C$24,$D$24),$C$25,$D$25),$C$26,$D$26),$C$27,$D$27),$C$28,$D$28),$C$29,$D$29),$C$30,$D$30),$C$31,$D$31),$C$32,$D$32),$C$33,$D$33) -> veryfine to medium | H185: =SUBSTITUTE(G185, "veryfine", "very fine") -> very fine to medium | I185: =SUBSTITUTE(SUBSTITUTE(SUBSTITUTE(SUBSTITUTE(SUBSTITUTE(SUBSTITUTE(SUBSTITUTE(SUBSTITUTE(SUBSTITUTE(SUBSTITUTE(SUBSTITUTE(SUBSTITUTE(SUBSTITUTE(SUBSTITUTE(SUBSTITUTE(SUBSTITUTE(SUBSTITUTE(SUBSTITUTE(SUBSTITUTE(SUBSTITUTE(SUBSTITUTE(SUBSTITUTE(SUBSTITUTE(SUBSTITUTE(SUBSTITUTE(SUBSTITUTE(SUBSTITUTE(SUBSTITUTE(SUBSTITUTE(SUBSTITUTE(SUBSTITUTE('Input Sheet'!G191,$C$3,$D$3),$C$4,$D$4),$C$5,$D$5),$C$6,$D$6),$C$7,$D$7),$C$8,$D$8),$C$9,$D$9),$C$10,$D$10),$C$11,$D$11),$C$12,$D$12),$C$13,$D$13),$C$14,$D$14),$C$15,$D$15),$C$16,$D$16),$C$17,$D$17),$C$18,$D$18),$C$19,$D$19),$C$20,$D$20),$C$21,$D$21),$C$22,$D$22),$C$23,$D$23),$C$24,$D$24),$C$25,$D$25),$C$26,$D$26),$C$27,$D$27),$C$28,$D$28),$C$29,$D$29),$C$30,$D$30),$C$31,$D$31),$C$32,$D$32),$C$33,$D$33) -> bright | J185: =IF('Input Sheet'!F191=0, "NO",CONCATENATE('Input Sheet'!F191, IF('Input Sheet'!F191>0,"% ",""))) -> 100% | K185: =SUBSTITUTE(SUBSTITUTE(SUBSTITUTE(SUBSTITUTE(SUBSTITUTE(SUBSTITUTE(SUBSTITUTE(SUBSTITUTE(SUBSTITUTE(SUBSTITUTE(SUBSTITUTE(SUBSTITUTE(SUBSTITUTE(SUBSTITUTE(SUBSTITUTE(SUBSTITUTE(SUBSTITUTE(SUBSTITUTE(SUBSTITUTE(SUBSTITUTE(SUBSTITUTE(SUBSTITUTE(SUBSTITUTE(SUBSTITUTE(SUBSTITUTE(SUBSTITUTE(SUBSTITUTE(SUBSTITUTE(SUBSTITUTE(SUBSTITUTE(SUBSTITUTE('Input Sheet'!I191,$C$3,$D$3),$C$4,$D$4),$C$5,$D$5),$C$6,$D$6),$C$7,$D$7),$C$8,$D$8),$C$9,$D$9),$C$10,$D$10),$C$11,$D$11),$C$12,$D$12),$C$13,$D$13),$C$14,$D$14),$C$15,$D$15),$C$16,$D$16),$C$17,$D$17),$C$18,$D$18),$C$19,$D$19),$C$20,$D$20),$C$21,$D$21),$C$22,$D$22),$C$23,$D$23),$C$24,$D$24),$C$25,$D$25),$C$26,$D$26),$C$27,$D$27),$C$28,$D$28),$C$29,$D$29),$C$30,$D$30),$C$31,$D$31),$C$32,$D$32),$C$33,$D$33) | L185: =CONCATENATE(K185, IF('Input Sheet'!I191="",""," siderite in ")) | M185: =SUBSTITUTE(SUBSTITUTE(SUBSTITUTE(SUBSTITUTE(SUBSTITUTE(SUBSTITUTE(SUBSTITUTE(SUBSTITUTE(SUBSTITUTE(SUBSTITUTE(SUBSTITUTE(SUBSTITUTE(SUBSTITUTE(SUBSTITUTE(SUBSTITUTE(SUBSTITUTE(SUBSTITUTE(SUBSTITUTE(SUBSTITUTE(SUBSTITUTE(SUBSTITUTE(SUBSTITUTE(SUBSTITUTE(SUBSTITUTE(SUBSTITUTE(SUBSTITUTE(SUBSTITUTE(SUBSTITUTE(SUBSTITUTE(SUBSTITUTE(SUBSTITUTE('Input Sheet'!J191,$C$3,$D$3),$C$4,$D$4),$C$5,$D$5),$C$6,$D$6),$C$7,$D$7),$C$8,$D$8),$C$9,$D$9),$C$10,$D$10),$C$11,$D$11),$C$12,$D$12),$C$13,$D$13),$C$14,$D$14),$C$15,$D$15),$C$16,$D$16),$C$17,$D$17),$C$18,$D$18),$C$19,$D$19),$C$20,$D$20),$C$21,$D$21),$C$22,$D$22),$C$23,$D$23),$C$24,$D$24),$C$25,$D$25),$C$26,$D$26),$C$27,$D$27),$C$28,$D$28),$C$29,$D$29),$C$30,$D$30),$C$31,$D$31),$C$32,$D$32),$C$33,$D$33) | N185: =CONCATENATE(M185, IF('Input Sheet'!J191="",""," siderite in "))
A186: =IF('Input Sheet'!C193="","",CONCATENATE("Sample ", 'Input Sheet'!B193, "m: ", L186, F186, "% ", "Siltstone, ", N186, 'Input Sheet'!C193, "% ", H186, " Sandstone, ", J186, I186, " FLUOR in SST. ", "TG ", 'Input Sheet'!H193, "U")) -> Sample 2800m: 10% Siltstone, 90% very fine to medium Sandstone, 100% bright FLUOR in SST. TG 107U | F186: =IF('Input Sheet'!C193="","",100-'Input Sheet'!C193) -> 10 | G186: =SUBSTITUTE(SUBSTITUTE(SUBSTITUTE(SUBSTITUTE(SUBSTITUTE(SUBSTITUTE(SUBSTITUTE(SUBSTITUTE(SUBSTITUTE(SUBSTITUTE(SUBSTITUTE(SUBSTITUTE(SUBSTITUTE(SUBSTITUTE(SUBSTITUTE(SUBSTITUTE(SUBSTITUTE(SUBSTITUTE(SUBSTITUTE(SUBSTITUTE(SUBSTITUTE(SUBSTITUTE(SUBSTITUTE(SUBSTITUTE(SUBSTITUTE(SUBSTITUTE(SUBSTITUTE(SUBSTITUTE(SUBSTITUTE(SUBSTITUTE(SUBSTITUTE('Input Sheet'!D193,$C$3,$D$3),$C$4,$D$4),$C$5,$D$5),$C$6,$D$6),$C$7,$D$7),$C$8,$D$8),$C$9,$D$9),$C$10,$D$10),$C$11,$D$11),$C$12,$D$12),$C$13,$D$13),$C$14,$D$14),$C$15,$D$15),$C$16,$D$16),$C$17,$D$17),$C$18,$D$18),$C$19,$D$19),$C$20,$D$20),$C$21,$D$21),$C$22,$D$22),$C$23,$D$23),$C$24,$D$24),$C$25,$D$25),$C$26,$D$26),$C$27,$D$27),$C$28,$D$28),$C$29,$D$29),$C$30,$D$30),$C$31,$D$31),$C$32,$D$32),$C$33,$D$33) -> veryfine to medium | H186: =SUBSTITUTE(G186, "veryfine", "very fine") -> very fine to medium | I186: =SUBSTITUTE(SUBSTITUTE(SUBSTITUTE(SUBSTITUTE(SUBSTITUTE(SUBSTITUTE(SUBSTITUTE(SUBSTITUTE(SUBSTITUTE(SUBSTITUTE(SUBSTITUTE(SUBSTITUTE(SUBSTITUTE(SUBSTITUTE(SUBSTITUTE(SUBSTITUTE(SUBSTITUTE(SUBSTITUTE(SUBSTITUTE(SUBSTITUTE(SUBSTITUTE(SUBSTITUTE(SUBSTITUTE(SUBSTITUTE(SUBSTITUTE(SUBSTITUTE(SUBSTITUTE(SUBSTITUTE(SUBSTITUTE(SUBSTITUTE(SUBSTITUTE('Input Sheet'!G193,$C$3,$D$3),$C$4,$D$4),$C$5,$D$5),$C$6,$D$6),$C$7,$D$7),$C$8,$D$8),$C$9,$D$9),$C$10,$D$10),$C$11,$D$11),$C$12,$D$12),$C$13,$D$13),$C$14,$D$14),$C$15,$D$15),$C$16,$D$16),$C$17,$D$17),$C$18,$D$18),$C$19,$D$19),$C$20,$D$20),$C$21,$D$21),$C$22,$D$22),$C$23,$D$23),$C$24,$D$24),$C$25,$D$25),$C$26,$D$26),$C$27,$D$27),$C$28,$D$28),$C$29,$D$29),$C$30,$D$30),$C$31,$D$31),$C$32,$D$32),$C$33,$D$33) -> bright | J186: =IF('Input Sheet'!F193=0, "NO",CONCATENATE('Input Sheet'!F193, IF('Input Sheet'!F193>0,"% ",""))) -> 100% | K186: =SUBSTITUTE(SUBSTITUTE(SUBSTITUTE(SUBSTITUTE(SUBSTITUTE(SUBSTITUTE(SUBSTITUTE(SUBSTITUTE(SUBSTITUTE(SUBSTITUTE(SUBSTITUTE(SUBSTITUTE(SUBSTITUTE(SUBSTITUTE(SUBSTITUTE(SUBSTITUTE(SUBSTITUTE(SUBSTITUTE(SUBSTITUTE(SUBSTITUTE(SUBSTITUTE(SUBSTITUTE(SUBSTITUTE(SUBSTITUTE(SUBSTITUTE(SUBSTITUTE(SUBSTITUTE(SUBSTITUTE(SUBSTITUTE(SUBSTITUTE(SUBSTITUTE('Input Sheet'!I193,$C$3,$D$3),$C$4,$D$4),$C$5,$D$5),$C$6,$D$6),$C$7,$D$7),$C$8,$D$8),$C$9,$D$9),$C$10,$D$10),$C$11,$D$11),$C$12,$D$12),$C$13,$D$13),$C$14,$D$14),$C$15,$D$15),$C$16,$D$16),$C$17,$D$17),$C$18,$D$18),$C$19,$D$19),$C$20,$D$20),$C$21,$D$21),$C$22,$D$22),$C$23,$D$23),$C$24,$D$24),$C$25,$D$25),$C$26,$D$26),$C$27,$D$27),$C$28,$D$28),$C$29,$D$29),$C$30,$D$30),$C$31,$D$31),$C$32,$D$32),$C$33,$D$33) | L186: =CONCATENATE(K186, IF('Input Sheet'!I193="",""," siderite in ")) | M186: =SUBSTITUTE(SUBSTITUTE(SUBSTITUTE(SUBSTITUTE(SUBSTITUTE(SUBSTITUTE(SUBSTITUTE(SUBSTITUTE(SUBSTITUTE(SUBSTITUTE(SUBSTITUTE(SUBSTITUTE(SUBSTITUTE(SUBSTITUTE(SUBSTITUTE(SUBSTITUTE(SUBSTITUTE(SUBSTITUTE(SUBSTITUTE(SUBSTITUTE(SUBSTITUTE(SUBSTITUTE(SUBSTITUTE(SUBSTITUTE(SUBSTITUTE(SUBSTITUTE(SUBSTITUTE(SUBSTITUTE(SUBSTITUTE(SUBSTITUTE(SUBSTITUTE('Input Sheet'!J193,$C$3,$D$3),$C$4,$D$4),$C$5,$D$5),$C$6,$D$6),$C$7,$D$7),$C$8,$D$8),$C$9,$D$9),$C$10,$D$10),$C$11,$D$11),$C$12,$D$12),$C$13,$D$13),$C$14,$D$14),$C$15,$D$15),$C$16,$D$16),$C$17,$D$17),$C$18,$D$18),$C$19,$D$19),$C$20,$D$20),$C$21,$D$21),$C$22,$D$22),$C$23,$D$23),$C$24,$D$24),$C$25,$D$25),$C$26,$D$26),$C$27,$D$27),$C$28,$D$28),$C$29,$D$29),$C$30,$D$30),$C$31,$D$31),$C$32,$D$32),$C$33,$D$33) | N186: =CONCATENATE(M186, IF('Input Sheet'!J193="",""," siderite in "))
A187: =IF('Input Sheet'!C195="","",CONCATENATE("Sample ", 'Input Sheet'!B195, "m: ", L187, F187, "% ", "Siltstone, ", N187, 'Input Sheet'!C195, "% ", H187, " Sandstone, ", J187, I187, " FLUOR in SST. ", "TG ", 'Input Sheet'!H195, "U")) -> Sample 2810m: 5% Siltstone, 95% very fine to medium Sandstone, 100% bright FLUOR in SST. TG 76U | F187: =IF('Input Sheet'!C195="","",100-'Input Sheet'!C195) -> 5 | G187: =SUBSTITUTE(SUBSTITUTE(SUBSTITUTE(SUBSTITUTE(SUBSTITUTE(SUBSTITUTE(SUBSTITUTE(SUBSTITUTE(SUBSTITUTE(SUBSTITUTE(SUBSTITUTE(SUBSTITUTE(SUBSTITUTE(SUBSTITUTE(SUBSTITUTE(SUBSTITUTE(SUBSTITUTE(SUBSTITUTE(SUBSTITUTE(SUBSTITUTE(SUBSTITUTE(SUBSTITUTE(SUBSTITUTE(SUBSTITUTE(SUBSTITUTE(SUBSTITUTE(SUBSTITUTE(SUBSTITUTE(SUBSTITUTE(SUBSTITUTE(SUBSTITUTE('Input Sheet'!D195,$C$3,$D$3),$C$4,$D$4),$C$5,$D$5),$C$6,$D$6),$C$7,$D$7),$C$8,$D$8),$C$9,$D$9),$C$10,$D$10),$C$11,$D$11),$C$12,$D$12),$C$13,$D$13),$C$14,$D$14),$C$15,$D$15),$C$16,$D$16),$C$17,$D$17),$C$18,$D$18),$C$19,$D$19),$C$20,$D$20),$C$21,$D$21),$C$22,$D$22),$C$23,$D$23),$C$24,$D$24),$C$25,$D$25),$C$26,$D$26),$C$27,$D$27),$C$28,$D$28),$C$29,$D$29),$C$30,$D$30),$C$31,$D$31),$C$32,$D$32),$C$33,$D$33) -> veryfine to medium | H187: =SUBSTITUTE(G187, "veryfine", "very fine") -> very fine to medium | I187: =SUBSTITUTE(SUBSTITUTE(SUBSTITUTE(SUBSTITUTE(SUBSTITUTE(SUBSTITUTE(SUBSTITUTE(SUBSTITUTE(SUBSTITUTE(SUBSTITUTE(SUBSTITUTE(SUBSTITUTE(SUBSTITUTE(SUBSTITUTE(SUBSTITUTE(SUBSTITUTE(SUBSTITUTE(SUBSTITUTE(SUBSTITUTE(SUBSTITUTE(SUBSTITUTE(SUBSTITUTE(SUBSTITUTE(SUBSTITUTE(SUBSTITUTE(SUBSTITUTE(SUBSTITUTE(SUBSTITUTE(SUBSTITUTE(SUBSTITUTE(SUBSTITUTE('Input Sheet'!G195,$C$3,$D$3),$C$4,$D$4),$C$5,$D$5),$C$6,$D$6),$C$7,$D$7),$C$8,$D$8),$C$9,$D$9),$C$10,$D$10),$C$11,$D$11),$C$12,$D$12),$C$13,$D$13),$C$14,$D$14),$C$15,$D$15),$C$16,$D$16),$C$17,$D$17),$C$18,$D$18),$C$19,$D$19),$C$20,$D$20),$C$21,$D$21),$C$22,$D$22),$C$23,$D$23),$C$24,$D$24),$C$25,$D$25),$C$26,$D$26),$C$27,$D$27),$C$28,$D$28),$C$29,$D$29),$C$30,$D$30),$C$31,$D$31),$C$32,$D$32),$C$33,$D$33) -> bright | J187: =IF('Input Sheet'!F195=0, "NO",CONCATENATE('Input Sheet'!F195, IF('Input Sheet'!F195>0,"% ",""))) -> 100% | K187: =SUBSTITUTE(SUBSTITUTE(SUBSTITUTE(SUBSTITUTE(SUBSTITUTE(SUBSTITUTE(SUBSTITUTE(SUBSTITUTE(SUBSTITUTE(SUBSTITUTE(SUBSTITUTE(SUBSTITUTE(SUBSTITUTE(SUBSTITUTE(SUBSTITUTE(SUBSTITUTE(SUBSTITUTE(SUBSTITUTE(SUBSTITUTE(SUBSTITUTE(SUBSTITUTE(SUBSTITUTE(SUBSTITUTE(SUBSTITUTE(SUBSTITUTE(SUBSTITUTE(SUBSTITUTE(SUBSTITUTE(SUBSTITUTE(SUBSTITUTE(SUBSTITUTE('Input Sheet'!I195,$C$3,$D$3),$C$4,$D$4),$C$5,$D$5),$C$6,$D$6),$C$7,$D$7),$C$8,$D$8),$C$9,$D$9),$C$10,$D$10),$C$11,$D$11),$C$12,$D$12),$C$13,$D$13),$C$14,$D$14),$C$15,$D$15),$C$16,$D$16),$C$17,$D$17),$C$18,$D$18),$C$19,$D$19),$C$20,$D$20),$C$21,$D$21),$C$22,$D$22),$C$23,$D$23),$C$24,$D$24),$C$25,$D$25),$C$26,$D$26),$C$27,$D$27),$C$28,$D$28),$C$29,$D$29),$C$30,$D$30),$C$31,$D$31),$C$32,$D$32),$C$33,$D$33) | L187: =CONCATENATE(K187, IF('Input Sheet'!I195="",""," siderite in ")) | M187: =SUBSTITUTE(SUBSTITUTE(SUBSTITUTE(SUBSTITUTE(SUBSTITUTE(SUBSTITUTE(SUBSTITUTE(SUBSTITUTE(SUBSTITUTE(SUBSTITUTE(SUBSTITUTE(SUBSTITUTE(SUBSTITUTE(SUBSTITUTE(SUBSTITUTE(SUBSTITUTE(SUBSTITUTE(SUBSTITUTE(SUBSTITUTE(SUBSTITUTE(SUBSTITUTE(SUBSTITUTE(SUBSTITUTE(SUBSTITUTE(SUBSTITUTE(SUBSTITUTE(SUBSTITUTE(SUBSTITUTE(SUBSTITUTE(SUBSTITUTE(SUBSTITUTE('Input Sheet'!J195,$C$3,$D$3),$C$4,$D$4),$C$5,$D$5),$C$6,$D$6),$C$7,$D$7),$C$8,$D$8),$C$9,$D$9),$C$10,$D$10),$C$11,$D$11),$C$12,$D$12),$C$13,$D$13),$C$14,$D$14),$C$15,$D$15),$C$16,$D$16),$C$17,$D$17),$C$18,$D$18),$C$19,$D$19),$C$20,$D$20),$C$21,$D$21),$C$22,$D$22),$C$23,$D$23),$C$24,$D$24),$C$25,$D$25),$C$26,$D$26),$C$27,$D$27),$C$28,$D$28),$C$29,$D$29),$C$30,$D$30),$C$31,$D$31),$C$32,$D$32),$C$33,$D$33) | N187: =CONCATENATE(M187, IF('Input Sheet'!J195="",""," siderite in "))
A188: =IF('Input Sheet'!C197="","",CONCATENATE("Sample ", 'Input Sheet'!B197, "m: ", L188, F188, "% ", "Siltstone, ", N188, 'Input Sheet'!C197, "% ", H188, " Sandstone, ", J188, I188, " FLUOR in SST. ", "TG ", 'Input Sheet'!H197, "U")) -> Sample 2820m: 10% Siltstone, 90% very fine to medium Sandstone, 100% bright FLUOR in SST. TG 88U | F188: =IF('Input Sheet'!C197="","",100-'Input Sheet'!C197) -> 10 | G188: =SUBSTITUTE(SUBSTITUTE(SUBSTITUTE(SUBSTITUTE(SUBSTITUTE(SUBSTITUTE(SUBSTITUTE(SUBSTITUTE(SUBSTITUTE(SUBSTITUTE(SUBSTITUTE(SUBSTITUTE(SUBSTITUTE(SUBSTITUTE(SUBSTITUTE(SUBSTITUTE(SUBSTITUTE(SUBSTITUTE(SUBSTITUTE(SUBSTITUTE(SUBSTITUTE(SUBSTITUTE(SUBSTITUTE(SUBSTITUTE(SUBSTITUTE(SUBSTITUTE(SUBSTITUTE(SUBSTITUTE(SUBSTITUTE(SUBSTITUTE(SUBSTITUTE('Input Sheet'!D197,$C$3,$D$3),$C$4,$D$4),$C$5,$D$5),$C$6,$D$6),$C$7,$D$7),$C$8,$D$8),$C$9,$D$9),$C$10,$D$10),$C$11,$D$11),$C$12,$D$12),$C$13,$D$13),$C$14,$D$14),$C$15,$D$15),$C$16,$D$16),$C$17,$D$17),$C$18,$D$18),$C$19,$D$19),$C$20,$D$20),$C$21,$D$21),$C$22,$D$22),$C$23,$D$23),$C$24,$D$24),$C$25,$D$25),$C$26,$D$26),$C$27,$D$27),$C$28,$D$28),$C$29,$D$29),$C$30,$D$30),$C$31,$D$31),$C$32,$D$32),$C$33,$D$33) -> veryfine to medium | H188: =SUBSTITUTE(G188, "veryfine", "very fine") -> very fine to medium | I188: =SUBSTITUTE(SUBSTITUTE(SUBSTITUTE(SUBSTITUTE(SUBSTITUTE(SUBSTITUTE(SUBSTITUTE(SUBSTITUTE(SUBSTITUTE(SUBSTITUTE(SUBSTITUTE(SUBSTITUTE(SUBSTITUTE(SUBSTITUTE(SUBSTITUTE(SUBSTITUTE(SUBSTITUTE(SUBSTITUTE(SUBSTITUTE(SUBSTITUTE(SUBSTITUTE(SUBSTITUTE(SUBSTITUTE(SUBSTITUTE(SUBSTITUTE(SUBSTITUTE(SUBSTITUTE(SUBSTITUTE(SUBSTITUTE(SUBSTITUTE(SUBSTITUTE('Input Sheet'!G197,$C$3,$D$3),$C$4,$D$4),$C$5,$D$5),$C$6,$D$6),$C$7,$D$7),$C$8,$D$8),$C$9,$D$9),$C$10,$D$10),$C$11,$D$11),$C$12,$D$12),$C$13,$D$13),$C$14,$D$14),$C$15,$D$15),$C$16,$D$16),$C$17,$D$17),$C$18,$D$18),$C$19,$D$19),$C$20,$D$20),$C$21,$D$21),$C$22,$D$22),$C$23,$D$23),$C$24,$D$24),$C$25,$D$25),$C$26,$D$26),$C$27,$D$27),$C$28,$D$28),$C$29,$D$29),$C$30,$D$30),$C$31,$D$31),$C$32,$D$32),$C$33,$D$33) -> bright | J188: =IF('Input Sheet'!F197=0, "NO",CONCATENATE('Input Sheet'!F197, IF('Input Sheet'!F197>0,"% ",""))) -> 100% | K188: =SUBSTITUTE(SUBSTITUTE(SUBSTITUTE(SUBSTITUTE(SUBSTITUTE(SUBSTITUTE(SUBSTITUTE(SUBSTITUTE(SUBSTITUTE(SUBSTITUTE(SUBSTITUTE(SUBSTITUTE(SUBSTITUTE(SUBSTITUTE(SUBSTITUTE(SUBSTITUTE(SUBSTITUTE(SUBSTITUTE(SUBSTITUTE(SUBSTITUTE(SUBSTITUTE(SUBSTITUTE(SUBSTITUTE(SUBSTITUTE(SUBSTITUTE(SUBSTITUTE(SUBSTITUTE(SUBSTITUTE(SUBSTITUTE(SUBSTITUTE(SUBSTITUTE('Input Sheet'!I197,$C$3,$D$3),$C$4,$D$4),$C$5,$D$5),$C$6,$D$6),$C$7,$D$7),$C$8,$D$8),$C$9,$D$9),$C$10,$D$10),$C$11,$D$11),$C$12,$D$12),$C$13,$D$13),$C$14,$D$14),$C$15,$D$15),$C$16,$D$16),$C$17,$D$17),$C$18,$D$18),$C$19,$D$19),$C$20,$D$20),$C$21,$D$21),$C$22,$D$22),$C$23,$D$23),$C$24,$D$24),$C$25,$D$25),$C$26,$D$26),$C$27,$D$27),$C$28,$D$28),$C$29,$D$29),$C$30,$D$30),$C$31,$D$31),$C$32,$D$32),$C$33,$D$33) | L188: =CONCATENATE(K188, IF('Input Sheet'!I197="",""," siderite in ")) | M188: =SUBSTITUTE(SUBSTITUTE(SUBSTITUTE(SUBSTITUTE(SUBSTITUTE(SUBSTITUTE(SUBSTITUTE(SUBSTITUTE(SUBSTITUTE(SUBSTITUTE(SUBSTITUTE(SUBSTITUTE(SUBSTITUTE(SUBSTITUTE(SUBSTITUTE(SUBSTITUTE(SUBSTITUTE(SUBSTITUTE(SUBSTITUTE(SUBSTITUTE(SUBSTITUTE(SUBSTITUTE(SUBSTITUTE(SUBSTITUTE(SUBSTITUTE(SUBSTITUTE(SUBSTITUTE(SUBSTITUTE(SUBSTITUTE(SUBSTITUTE(SUBSTITUTE('Input Sheet'!J197,$C$3,$D$3),$C$4,$D$4),$C$5,$D$5),$C$6,$D$6),$C$7,$D$7),$C$8,$D$8),$C$9,$D$9),$C$10,$D$10),$C$11,$D$11),$C$12,$D$12),$C$13,$D$13),$C$14,$D$14),$C$15,$D$15),$C$16,$D$16),$C$17,$D$17),$C$18,$D$18),$C$19,$D$19),$C$20,$D$20),$C$21,$D$21),$C$22,$D$22),$C$23,$D$23),$C$24,$D$24),$C$25,$D$25),$C$26,$D$26),$C$27,$D$27),$C$28,$D$28),$C$29,$D$29),$C$30,$D$30),$C$31,$D$31),$C$32,$D$32),$C$33,$D$33) | N188: =CONCATENATE(M188, IF('Input Sheet'!J197="",""," siderite in "))
A189: =IF('Input Sheet'!C199="","",CONCATENATE("Sample ", 'Input Sheet'!B199, "m: ", L189, F189, "% ", "Siltstone, ", N189, 'Input Sheet'!C199, "% ", H189, " Sandstone, ", J189, I189, " FLUOR in SST. ", "TG ", 'Input Sheet'!H199, "U")) -> Sample 2830m: 10% Siltstone, 90% very fine to medium Sandstone, 100% bright FLUOR in SST. TG 67U | F189: =IF('Input Sheet'!C199="","",100-'Input Sheet'!C199) -> 10 | G189: =SUBSTITUTE(SUBSTITUTE(SUBSTITUTE(SUBSTITUTE(SUBSTITUTE(SUBSTITUTE(SUBSTITUTE(SUBSTITUTE(SUBSTITUTE(SUBSTITUTE(SUBSTITUTE(SUBSTITUTE(SUBSTITUTE(SUBSTITUTE(SUBSTITUTE(SUBSTITUTE(SUBSTITUTE(SUBSTITUTE(SUBSTITUTE(SUBSTITUTE(SUBSTITUTE(SUBSTITUTE(SUBSTITUTE(SUBSTITUTE(SUBSTITUTE(SUBSTITUTE(SUBSTITUTE(SUBSTITUTE(SUBSTITUTE(SUBSTITUTE(SUBSTITUTE('Input Sheet'!D199,$C$3,$D$3),$C$4,$D$4),$C$5,$D$5),$C$6,$D$6),$C$7,$D$7),$C$8,$D$8),$C$9,$D$9),$C$10,$D$10),$C$11,$D$11),$C$12,$D$12),$C$13,$D$13),$C$14,$D$14),$C$15,$D$15),$C$16,$D$16),$C$17,$D$17),$C$18,$D$18),$C$19,$D$19),$C$20,$D$20),$C$21,$D$21),$C$22,$D$22),$C$23,$D$23),$C$24,$D$24),$C$25,$D$25),$C$26,$D$26),$C$27,$D$27),$C$28,$D$28),$C$29,$D$29),$C$30,$D$30),$C$31,$D$31),$C$32,$D$32),$C$33,$D$33) -> veryfine to medium | H189: =SUBSTITUTE(G189, "veryfine", "very fine") -> very fine to medium | I189: =SUBSTITUTE(SUBSTITUTE(SUBSTITUTE(SUBSTITUTE(SUBSTITUTE(SUBSTITUTE(SUBSTITUTE(SUBSTITUTE(SUBSTITUTE(SUBSTITUTE(SUBSTITUTE(SUBSTITUTE(SUBSTITUTE(SUBSTITUTE(SUBSTITUTE(SUBSTITUTE(SUBSTITUTE(SUBSTITUTE(SUBSTITUTE(SUBSTITUTE(SUBSTITUTE(SUBSTITUTE(SUBSTITUTE(SUBSTITUTE(SUBSTITUTE(SUBSTITUTE(SUBSTITUTE(SUBSTITUTE(SUBSTITUTE(SUBSTITUTE(SUBSTITUTE('Input Sheet'!G199,$C$3,$D$3),$C$4,$D$4),$C$5,$D$5),$C$6,$D$6),$C$7,$D$7),$C$8,$D$8),$C$9,$D$9),$C$10,$D$10),$C$11,$D$11),$C$12,$D$12),$C$13,$D$13),$C$14,$D$14),$C$15,$D$15),$C$16,$D$16),$C$17,$D$17),$C$18,$D$18),$C$19,$D$19),$C$20,$D$20),$C$21,$D$21),$C$22,$D$22),$C$23,$D$23),$C$24,$D$24),$C$25,$D$25),$C$26,$D$26),$C$27,$D$27),$C$28,$D$28),$C$29,$D$29),$C$30,$D$30),$C$31,$D$31),$C$32,$D$32),$C$33,$D$33) -> bright | J189: =IF('Input Sheet'!F199=0, "NO",CONCATENATE('Input Sheet'!F199, IF('Input Sheet'!F199>0,"% ",""))) -> 100% | K189: =SUBSTITUTE(SUBSTITUTE(SUBSTITUTE(SUBSTITUTE(SUBSTITUTE(SUBSTITUTE(SUBSTITUTE(SUBSTITUTE(SUBSTITUTE(SUBSTITUTE(SUBSTITUTE(SUBSTITUTE(SUBSTITUTE(SUBSTITUTE(SUBSTITUTE(SUBSTITUTE(SUBSTITUTE(SUBSTITUTE(SUBSTITUTE(SUBSTITUTE(SUBSTITUTE(SUBSTITUTE(SUBSTITUTE(SUBSTITUTE(SUBSTITUTE(SUBSTITUTE(SUBSTITUTE(SUBSTITUTE(SUBSTITUTE(SUBSTITUTE(SUBSTITUTE('Input Sheet'!I199,$C$3,$D$3),$C$4,$D$4),$C$5,$D$5),$C$6,$D$6),$C$7,$D$7),$C$8,$D$8),$C$9,$D$9),$C$10,$D$10),$C$11,$D$11),$C$12,$D$12),$C$13,$D$13),$C$14,$D$14),$C$15,$D$15),$C$16,$D$16),$C$17,$D$17),$C$18,$D$18),$C$19,$D$19),$C$20,$D$20),$C$21,$D$21),$C$22,$D$22),$C$23,$D$23),$C$24,$D$24),$C$25,$D$25),$C$26,$D$26),$C$27,$D$27),$C$28,$D$28),$C$29,$D$29),$C$30,$D$30),$C$31,$D$31),$C$32,$D$32),$C$33,$D$33) | L189: =CONCATENATE(K189, IF('Input Sheet'!I199="",""," siderite in ")) | M189: =SUBSTITUTE(SUBSTITUTE(SUBSTITUTE(SUBSTITUTE(SUBSTITUTE(SUBSTITUTE(SUBSTITUTE(SUBSTITUTE(SUBSTITUTE(SUBSTITUTE(SUBSTITUTE(SUBSTITUTE(SUBSTITUTE(SUBSTITUTE(SUBSTITUTE(SUBSTITUTE(SUBSTITUTE(SUBSTITUTE(SUBSTITUTE(SUBSTITUTE(SUBSTITUTE(SUBSTITUTE(SUBSTITUTE(SUBSTITUTE(SUBSTITUTE(SUBSTITUTE(SUBSTITUTE(SUBSTITUTE(SUBSTITUTE(SUBSTITUTE(SUBSTITUTE('Input Sheet'!J199,$C$3,$D$3),$C$4,$D$4),$C$5,$D$5),$C$6,$D$6),$C$7,$D$7),$C$8,$D$8),$C$9,$D$9),$C$10,$D$10),$C$11,$D$11),$C$12,$D$12),$C$13,$D$13),$C$14,$D$14),$C$15,$D$15),$C$16,$D$16),$C$17,$D$17),$C$18,$D$18),$C$19,$D$19),$C$20,$D$20),$C$21,$D$21),$C$22,$D$22),$C$23,$D$23),$C$24,$D$24),$C$25,$D$25),$C$26,$D$26),$C$27,$D$27),$C$28,$D$28),$C$29,$D$29),$C$30,$D$30),$C$31,$D$31),$C$32,$D$32),$C$33,$D$33) | N189: =CONCATENATE(M189, IF('Input Sheet'!J199="",""," siderite in "))
A190: =IF('Input Sheet'!C201="","",CONCATENATE("Sample ", 'Input Sheet'!B201, "m: ", L190, F190, "% ", "Siltstone, ", N190, 'Input Sheet'!C201, "% ", H190, " Sandstone, ", J190, I190, " FLUOR in SST. ", "TG ", 'Input Sheet'!H201, "U")) -> Sample 2840m: 5% Siltstone, 95% very fine to medium Sandstone, 100% bright FLUOR in SST. TG 123U | F190: =IF('Input Sheet'!C201="","",100-'Input Sheet'!C201) -> 5 | G190: =SUBSTITUTE(SUBSTITUTE(SUBSTITUTE(SUBSTITUTE(SUBSTITUTE(SUBSTITUTE(SUBSTITUTE(SUBSTITUTE(SUBSTITUTE(SUBSTITUTE(SUBSTITUTE(SUBSTITUTE(SUBSTITUTE(SUBSTITUTE(SUBSTITUTE(SUBSTITUTE(SUBSTITUTE(SUBSTITUTE(SUBSTITUTE(SUBSTITUTE(SUBSTITUTE(SUBSTITUTE(SUBSTITUTE(SUBSTITUTE(SUBSTITUTE(SUBSTITUTE(SUBSTITUTE(SUBSTITUTE(SUBSTITUTE(SUBSTITUTE(SUBSTITUTE('Input Sheet'!D201,$C$3,$D$3),$C$4,$D$4),$C$5,$D$5),$C$6,$D$6),$C$7,$D$7),$C$8,$D$8),$C$9,$D$9),$C$10,$D$10),$C$11,$D$11),$C$12,$D$12),$C$13,$D$13),$C$14,$D$14),$C$15,$D$15),$C$16,$D$16),$C$17,$D$17),$C$18,$D$18),$C$19,$D$19),$C$20,$D$20),$C$21,$D$21),$C$22,$D$22),$C$23,$D$23),$C$24,$D$24),$C$25,$D$25),$C$26,$D$26),$C$27,$D$27),$C$28,$D$28),$C$29,$D$29),$C$30,$D$30),$C$31,$D$31),$C$32,$D$32),$C$33,$D$33) -> veryfine to medium | H190: =SUBSTITUTE(G190, "veryfine", "very fine") -> very fine to medium | I190: =SUBSTITUTE(SUBSTITUTE(SUBSTITUTE(SUBSTITUTE(SUBSTITUTE(SUBSTITUTE(SUBSTITUTE(SUBSTITUTE(SUBSTITUTE(SUBSTITUTE(SUBSTITUTE(SUBSTITUTE(SUBSTITUTE(SUBSTITUTE(SUBSTITUTE(SUBSTITUTE(SUBSTITUTE(SUBSTITUTE(SUBSTITUTE(SUBSTITUTE(SUBSTITUTE(SUBSTITUTE(SUBSTITUTE(SUBSTITUTE(SUBSTITUTE(SUBSTITUTE(SUBSTITUTE(SUBSTITUTE(SUBSTITUTE(SUBSTITUTE(SUBSTITUTE('Input Sheet'!G201,$C$3,$D$3),$C$4,$D$4),$C$5,$D$5),$C$6,$D$6),$C$7,$D$7),$C$8,$D$8),$C$9,$D$9),$C$10,$D$10),$C$11,$D$11),$C$12,$D$12),$C$13,$D$13),$C$14,$D$14),$C$15,$D$15),$C$16,$D$16),$C$17,$D$17),$C$18,$D$18),$C$19,$D$19),$C$20,$D$20),$C$21,$D$21),$C$22,$D$22),$C$23,$D$23),$C$24,$D$24),$C$25,$D$25),$C$26,$D$26),$C$27,$D$27),$C$28,$D$28),$C$29,$D$29),$C$30,$D$30),$C$31,$D$31),$C$32,$D$32),$C$33,$D$33) -> bright | J190: =IF('Input Sheet'!F201=0, "NO",CONCATENATE('Input Sheet'!F201, IF('Input Sheet'!F201>0,"% ",""))) -> 100% | K190: =SUBSTITUTE(SUBSTITUTE(SUBSTITUTE(SUBSTITUTE(SUBSTITUTE(SUBSTITUTE(SUBSTITUTE(SUBSTITUTE(SUBSTITUTE(SUBSTITUTE(SUBSTITUTE(SUBSTITUTE(SUBSTITUTE(SUBSTITUTE(SUBSTITUTE(SUBSTITUTE(SUBSTITUTE(SUBSTITUTE(SUBSTITUTE(SUBSTITUTE(SUBSTITUTE(SUBSTITUTE(SUBSTITUTE(SUBSTITUTE(SUBSTITUTE(SUBSTITUTE(SUBSTITUTE(SUBSTITUTE(SUBSTITUTE(SUBSTITUTE(SUBSTITUTE('Input Sheet'!I201,$C$3,$D$3),$C$4,$D$4),$C$5,$D$5),$C$6,$D$6),$C$7,$D$7),$C$8,$D$8),$C$9,$D$9),$C$10,$D$10),$C$11,$D$11),$C$12,$D$12),$C$13,$D$13),$C$14,$D$14),$C$15,$D$15),$C$16,$D$16),$C$17,$D$17),$C$18,$D$18),$C$19,$D$19),$C$20,$D$20),$C$21,$D$21),$C$22,$D$22),$C$23,$D$23),$C$24,$D$24),$C$25,$D$25),$C$26,$D$26),$C$27,$D$27),$C$28,$D$28),$C$29,$D$29),$C$30,$D$30),$C$31,$D$31),$C$32,$D$32),$C$33,$D$33) | L190: =CONCATENATE(K190, IF('Input Sheet'!I201="",""," siderite in ")) | M190: =SUBSTITUTE(SUBSTITUTE(SUBSTITUTE(SUBSTITUTE(SUBSTITUTE(SUBSTITUTE(SUBSTITUTE(SUBSTITUTE(SUBSTITUTE(SUBSTITUTE(SUBSTITUTE(SUBSTITUTE(SUBSTITUTE(SUBSTITUTE(SUBSTITUTE(SUBSTITUTE(SUBSTITUTE(SUBSTITUTE(SUBSTITUTE(SUBSTITUTE(SUBSTITUTE(SUBSTITUTE(SUBSTITUTE(SUBSTITUTE(SUBSTITUTE(SUBSTITUTE(SUBSTITUTE(SUBSTITUTE(SUBSTITUTE(SUBSTITUTE(SUBSTITUTE('Input Sheet'!J201,$C$3,$D$3),$C$4,$D$4),$C$5,$D$5),$C$6,$D$6),$C$7,$D$7),$C$8,$D$8),$C$9,$D$9),$C$10,$D$10),$C$11,$D$11),$C$12,$D$12),$C$13,$D$13),$C$14,$D$14),$C$15,$D$15),$C$16,$D$16),$C$17,$D$17),$C$18,$D$18),$C$19,$D$19),$C$20,$D$20),$C$21,$D$21),$C$22,$D$22),$C$23,$D$23),$C$24,$D$24),$C$25,$D$25),$C$26,$D$26),$C$27,$D$27),$C$28,$D$28),$C$29,$D$29),$C$30,$D$30),$C$31,$D$31),$C$32,$D$32),$C$33,$D$33) | N190: =CONCATENATE(M190, IF('Input Sheet'!J201="",""," siderite in "))
A191: =IF('Input Sheet'!C203="","",CONCATENATE("Sample ", 'Input Sheet'!B203, "m: ", L191, F191, "% ", "Siltstone, ", N191, 'Input Sheet'!C203, "% ", H191, " Sandstone, ", J191, I191, " FLUOR in SST. ", "TG ", 'Input Sheet'!H203, "U")) -> Sample 2850m: 5% Siltstone, 95% very fine to medium Sandstone, 100% bright FLUOR in SST. TG 114U | F191: =IF('Input Sheet'!C203="","",100-'Input Sheet'!C203) -> 5 | G191: =SUBSTITUTE(SUBSTITUTE(SUBSTITUTE(SUBSTITUTE(SUBSTITUTE(SUBSTITUTE(SUBSTITUTE(SUBSTITUTE(SUBSTITUTE(SUBSTITUTE(SUBSTITUTE(SUBSTITUTE(SUBSTITUTE(SUBSTITUTE(SUBSTITUTE(SUBSTITUTE(SUBSTITUTE(SUBSTITUTE(SUBSTITUTE(SUBSTITUTE(SUBSTITUTE(SUBSTITUTE(SUBSTITUTE(SUBSTITUTE(SUBSTITUTE(SUBSTITUTE(SUBSTITUTE(SUBSTITUTE(SUBSTITUTE(SUBSTITUTE(SUBSTITUTE('Input Sheet'!D203,$C$3,$D$3),$C$4,$D$4),$C$5,$D$5),$C$6,$D$6),$C$7,$D$7),$C$8,$D$8),$C$9,$D$9),$C$10,$D$10),$C$11,$D$11),$C$12,$D$12),$C$13,$D$13),$C$14,$D$14),$C$15,$D$15),$C$16,$D$16),$C$17,$D$17),$C$18,$D$18),$C$19,$D$19),$C$20,$D$20),$C$21,$D$21),$C$22,$D$22),$C$23,$D$23),$C$24,$D$24),$C$25,$D$25),$C$26,$D$26),$C$27,$D$27),$C$28,$D$28),$C$29,$D$29),$C$30,$D$30),$C$31,$D$31),$C$32,$D$32),$C$33,$D$33) -> veryfine to medium | H191: =SUBSTITUTE(G191, "veryfine", "very fine") -> very fine to medium | I191: =SUBSTITUTE(SUBSTITUTE(SUBSTITUTE(SUBSTITUTE(SUBSTITUTE(SUBSTITUTE(SUBSTITUTE(SUBSTITUTE(SUBSTITUTE(SUBSTITUTE(SUBSTITUTE(SUBSTITUTE(SUBSTITUTE(SUBSTITUTE(SUBSTITUTE(SUBSTITUTE(SUBSTITUTE(SUBSTITUTE(SUBSTITUTE(SUBSTITUTE(SUBSTITUTE(SUBSTITUTE(SUBSTITUTE(SUBSTITUTE(SUBSTITUTE(SUBSTITUTE(SUBSTITUTE(SUBSTITUTE(SUBSTITUTE(SUBSTITUTE(SUBSTITUTE('Input Sheet'!G203,$C$3,$D$3),$C$4,$D$4),$C$5,$D$5),$C$6,$D$6),$C$7,$D$7),$C$8,$D$8),$C$9,$D$9),$C$10,$D$10),$C$11,$D$11),$C$12,$D$12),$C$13,$D$13),$C$14,$D$14),$C$15,$D$15),$C$16,$D$16),$C$17,$D$17),$C$18,$D$18),$C$19,$D$19),$C$20,$D$20),$C$21,$D$21),$C$22,$D$22),$C$23,$D$23),$C$24,$D$24),$C$25,$D$25),$C$26,$D$26),$C$27,$D$27),$C$28,$D$28),$C$29,$D$29),$C$30,$D$30),$C$31,$D$31),$C$32,$D$32),$C$33,$D$33) -> bright | J191: =IF('Input Sheet'!F203=0, "NO",CONCATENATE('Input Sheet'!F203, IF('Input Sheet'!F203>0,"% ",""))) -> 100% | K191: =SUBSTITUTE(SUBSTITUTE(SUBSTITUTE(SUBSTITUTE(SUBSTITUTE(SUBSTITUTE(SUBSTITUTE(SUBSTITUTE(SUBSTITUTE(SUBSTITUTE(SUBSTITUTE(SUBSTITUTE(SUBSTITUTE(SUBSTITUTE(SUBSTITUTE(SUBSTITUTE(SUBSTITUTE(SUBSTITUTE(SUBSTITUTE(SUBSTITUTE(SUBSTITUTE(SUBSTITUTE(SUBSTITUTE(SUBSTITUTE(SUBSTITUTE(SUBSTITUTE(SUBSTITUTE(SUBSTITUTE(SUBSTITUTE(SUBSTITUTE(SUBSTITUTE('Input Sheet'!I203,$C$3,$D$3),$C$4,$D$4),$C$5,$D$5),$C$6,$D$6),$C$7,$D$7),$C$8,$D$8),$C$9,$D$9),$C$10,$D$10),$C$11,$D$11),$C$12,$D$12),$C$13,$D$13),$C$14,$D$14),$C$15,$D$15),$C$16,$D$16),$C$17,$D$17),$C$18,$D$18),$C$19,$D$19),$C$20,$D$20),$C$21,$D$21),$C$22,$D$22),$C$23,$D$23),$C$24,$D$24),$C$25,$D$25),$C$26,$D$26),$C$27,$D$27),$C$28,$D$28),$C$29,$D$29),$C$30,$D$30),$C$31,$D$31),$C$32,$D$32),$C$33,$D$33) | L191: =CONCATENATE(K191, IF('Input Sheet'!I203="",""," siderite in ")) | M191: =SUBSTITUTE(SUBSTITUTE(SUBSTITUTE(SUBSTITUTE(SUBSTITUTE(SUBSTITUTE(SUBSTITUTE(SUBSTITUTE(SUBSTITUTE(SUBSTITUTE(SUBSTITUTE(SUBSTITUTE(SUBSTITUTE(SUBSTITUTE(SUBSTITUTE(SUBSTITUTE(SUBSTITUTE(SUBSTITUTE(SUBSTITUTE(SUBSTITUTE(SUBSTITUTE(SUBSTITUTE(SUBSTITUTE(SUBSTITUTE(SUBSTITUTE(SUBSTITUTE(SUBSTITUTE(SUBSTITUTE(SUBSTITUTE(SUBSTITUTE(SUBSTITUTE('Input Sheet'!J203,$C$3,$D$3),$C$4,$D$4),$C$5,$D$5),$C$6,$D$6),$C$7,$D$7),$C$8,$D$8),$C$9,$D$9),$C$10,$D$10),$C$11,$D$11),$C$12,$D$12),$C$13,$D$13),$C$14,$D$14),$C$15,$D$15),$C$16,$D$16),$C$17,$D$17),$C$18,$D$18),$C$19,$D$19),$C$20,$D$20),$C$21,$D$21),$C$22,$D$22),$C$23,$D$23),$C$24,$D$24),$C$25,$D$25),$C$26,$D$26),$C$27,$D$27),$C$28,$D$28),$C$29,$D$29),$C$30,$D$30),$C$31,$D$31),$C$32,$D$32),$C$33,$D$33) | N191: =CONCATENATE(M191, IF('Input Sheet'!J203="",""," siderite in "))
