Workbook

Sheet Example Sheet
B1: Sample Descriptions
B3: Depth (mMD) | C3: % Sandstone | D3: Grain Size | E3: Max Grain Size | F3: % Fluor | G3: Brightness | H3: Gas (U) | I3: FeCO3 in SLTST | J3: FeCO3 in SST | K3: Date | L3: Time | O3: Short Hand
B4: 1596 | C4: 50 | D4: vf-f | E4: F | H4: 5 | I4: mnr | K4: 45161 | L4: 0.54166667 | O4: f | P4: fine
B5: 1599 | C5: 60 | D5: vf-f, tr med | E5: M | H5: 5 | I5: mnr | K5: 45161 | L5: 0.54861111 | O5: med | P5: medium
B6: 1602 | C6: 65 | D6: vf-f | E6: F | H6: 5 | I6: mnr | K6: 45161 | L6: 0.55208333 | O6: crs | P6: coarse
B7: 1605 | C7: 50 | D7: vf, occ f | E7: F | H7: 6 | I7: tr | K7: 45161 | L7: 0.5625 | O7: v | P7: very
B8: 1608 | C8: 30 | D8: vf-f | E8: F | H8: 7 | I8: tr | J8: tr | K8: 45161 | L8: 0.58333333 | O8: - | P8: to
B9: 1611 | C9: 40 | D9: vf-f | E9: F | F9: Tr | H9: 7 | I9: tr | J9: tr | K9: 45161 | L9: 0.60416667 | O9: occ | P9: occasional
B10: 1614 | C10: 60 | D10: vf-f | E10: F | F10: 10 | G10: pl-mod bri | H10: 8 | I10: tr | K10: 45161 | L10: 0.625 | O10: mnr | P10: minor
B11: 1617 | C11: 40 | D11: vf-f | E11: F | F11: Tr | G11: pl-mod bri | H11: 7 | I11: tr | J11: mnr | K11: 45161 | L11: 0.64583333 | O11: rr | P11: rare
B12: 1620 | C12: 30 | D12: vf-f | E12: F | F12: 10 | G12: pl-mod bri | H12: 7 | I12: mnr | J12: mnr | K12: 45161 | L12: 0.66666667 | O12: tr | P12: trace
B13: 1623 | C13: 30 | D13: vff-f | E13: F | F13: 10 | G13: pl-mod bri | H13: 5 | I13: mnr | J13: tr | K13: 45161 | L13: 0.6875 | O13: mod | P13: moderately
B14: 1626 | C14: 80 | D14: vf-med, tr crs-v crs | E14: C | F14: 80 | G14: mod bri | H14: 77 | I14: tr | K14: 45161 | L14: 0.70833333 | O14: bri | P14: bright
B15: 1629 | C15: 90 | D15: f-med, tr crs-v crs | E15: C | F15: 100 | G15: mod bri-bri | H15: 100 | K15: 45161 | L15: 0.72916667 | O15: dll | P15: dull
B16: 1632 | C16: 95 | D16: f-med, tr crs-v crs | E16: C | F16: 100 | G16: mod bri-bri | H16: 94 | K16: 45161 | L16: 0.75 | O16: com | P16: common
B17: 1635 | C17: 100 | D17: f-med,tr crs | E17: C | F17: 100 | G17: mod bri-bri | H17: 102 | K17: 45161 | L17: 0.77083333 | O17: i/p | P17: in part
O18: dom | P18: dominantly
O19: pl | P19: pale

Sheet Input Sheet
B1: Sample Descriptions
B3: Depth (mMD) | C3: % Sandstone | D3: Grain Size | E3: Max Grain Size | F3: % Fluor | G3: Brightness | H3: Brightness Code | I3: Gas (U) | J3: FeCO3 in SLTST | K3: FeCO3 in SST | L3: Date | M3: Time | P3: Short Hand | S3: Brightness
A4: Stimpee 6_OP | B4: 1545 | C4: 30 | D4: vf | E4: VF | H4: =_xlfn.XLOOKUP(G4,$S$4:$S$9,$T$4:$T$9,"",0,1) | I4: 4 | J4: Tr | L4: 45194 | M4: 0.10416667 | P4: f | Q4: fine | S4: bri | T4: 3 | U4: =IF(C4="","",IF(OR(L4="",AND(ISNUMBER(U4),C4=U4)),U4,C4)) -> 0 | V4: =IF(C4="","",IF(OR(M4="",AND(ISNUMBER(V4),C4=V4)),V4,C4)) -> 0
A5: Stimpee 6_OP | B5: 1550 | C5: 20 | D5: vf-f | E5: F | H5: =_xlfn.XLOOKUP(G5,$S$4:$S$9,$T$4:$T$9,"",0,1) | I5: 6 | J5: Tr | L5: 45194 | P5: med | Q5: medium | S5: mod bri - bri | T5: 2.5 | U5: =IF(C5="","",IF(OR(L5="",AND(ISNUMBER(U5),C5=U5)),U5,C5)) -> 0 | V5: =IF(C5="","",IF(OR(M5="",AND(ISNUMBER(V5),C5=V5)),V5,C5)) -> 0
A6: Stimpee 6_OP | B6: 1555 | C6: 20 | D6: vf-f | E6: F | H6: =_xlfn.XLOOKUP(G6,$S$4:$S$9,$T$4:$T$9,"",0,1) | I6: 5 | J6: Tr | L6: 45194 | P6: crs | Q6: coarse | S6: mod bri | T6: 2 | U6: =IF(C6="","",IF(OR(L6="",AND(ISNUMBER(U6),C6=U6)),U6,C6)) -> 0 | V6: =IF(C6="","",IF(OR(M6="",AND(ISNUMBER(V6),C6=V6)),V6,C6)) -> 0
A7: Stimpee 6_OP | B7: 1560 | C7: 30 | D7: vf-f | E7: F | H7: =_xlfn.XLOOKUP(G7,$S$4:$S$9,$T$4:$T$9,"",0,1) | I7: 6 | J7: Tr | L7: 45194 | P7: v | Q7: very | S7: dll - bri | T7: 1.5 | U7: =IF(C7="","",IF(OR(L7="",AND(ISNUMBER(U7),C7=U7)),U7,C7)) -> 0 | V7: =IF(C7="","",IF(OR(M7="",AND(ISNUMBER(V7),C7=V7)),V7,C7)) -> 0
A8: Stimpee 6_OP | B8: 1565 | C8: 20 | D8: vf-f | E8: F | H8: =_xlfn.XLOOKUP(G8,$S$4:$S$9,$T$4:$T$9,"",0,1) | I8: 7 | J8: Tr | L8: 45194 | P8: - | Q8: to | S8: dll - mod bri | T8: 1 | U8: =IF(C8="","",IF(OR(L8="",AND(ISNUMBER(U8),C8=U8)),U8,C8)) -> 0 | V8: =IF(C8="","",IF(OR(M8="",AND(ISNUMBER(V8),C8=V8)),V8,C8)) -> 0
A9: Stimpee 6_OP | B9: 1570 | C9: 30 | D9: vf-f | E9: F | H9: =_xlfn.XLOOKUP(G9,$S$4:$S$9,$T$4:$T$9,"",0,1) | I9: 6 | J9: Tr | L9: 45194 | P9: occ | Q9: occasional | S9: dll | T9: 0.5 | U9: =IF(C9="","",IF(OR(L9="",AND(ISNUMBER(U9),C9=U9)),U9,C9)) -> 0 | V9: =IF(C9="","",IF(OR(M9="",AND(ISNUMBER(V9),C9=V9)),V9,C9)) -> 0
A10: Stimpee 6_OP | B10: 1575 | C10: 25 | D10: vf-f | E10: F | H10: =_xlfn.XLOOKUP(G10,$S$4:$S$9,$T$4:$T$9,"",0,1) | I10: 7 | J10: Tr | L10: 45194 | P10: mnr | Q10: minor | U10: =IF(C10="","",IF(OR(L10="",AND(ISNUMBER(U10),C10=U10)),U10,C10)) -> 0 | V10: =IF(C10="","",IF(OR(M10="",AND(ISNUMBER(V10),C10=V10)),V10,C10)) -> 0
A11: Stimpee 6_OP | B11: 1580 | C11: 20 | D11: vf-f | E11: F | H11: =_xlfn.XLOOKUP(G11,$S$4:$S$9,$T$4:$T$9,"",0,1) | I11: 7 | J11: Tr | L11: 45194 | P11: rr | Q11: rare | U11: =IF(C11="","",IF(OR(L11="",AND(ISNUMBER(U11),C11=U11)),U11,C11)) -> 0 | V11: =IF(C11="","",IF(OR(M11="",AND(ISNUMBER(V11),C11=V11)),V11,C11)) -> 0
A12: Stimpee 6_OP | B12: 1585 | C12: 20 | D12: vf-f | E12: F | H12: =_xlfn.XLOOKUP(G12,$S$4:$S$9,$T$4:$T$9,"",0,1) | I12: 8 | J12: Tr | L12: 45194 | P12: tr | Q12: trace | U12: =IF(C12="","",IF(OR(L12="",AND(ISNUMBER(U12),C12=U12)),U12,C12)) -> 0 | V12: =IF(C12="","",IF(OR(M12="",AND(ISNUMBER(V12),C12=V12)),V12,C12)) -> 0
A13: Stimpee 6_OP | B13: 1590 | C13: 20 | D13: vf-f | E13: F | H13: =_xlfn.XLOOKUP(G13,$S$4:$S$9,$T$4:$T$9,"",0,1) | I13: 7 | J13: Tr | L13: 45194 | P13: mod | Q13: moderately | U13: =IF(C13="","",IF(OR(L13="",AND(ISNUMBER(U13),C13=U13)),U13,C13)) -> 0 | V13: =IF(C13="","",IF(OR(M13="",AND(ISNUMBER(V13),C13=V13)),V13,C13)) -> 0
A14: Stimpee 6_OP | B14: 1595 | C14: 40 | D14: vf-f | E14: F | H14: =_xlfn.XLOOKUP(G14,$S$4:$S$9,$T$4:$T$9,"",0,1) | I14: 5 | J14: Tr | L14: 45194 | M14: 0.24166667 | P14: bri | Q14: bright | U14: =IF(C14="","",IF(OR(L14="",AND(ISNUMBER(U14),C14=U14)),U14,C14)) -> 0 | V14: =IF(C14="","",IF(OR(M14="",AND(ISNUMBER(V14),C14=V14)),V14,C14)) -> 0
A15: Stimpee 6_OP | B15: 1600 | C15: 30 | D15: vf-f | E15: F | H15: =_xlfn.XLOOKUP(G15,$S$4:$S$9,$T$4:$T$9,"",0,1) | I15: 5 | L15: 45194 | M15: 0.25416667 | P15: dll | Q15: dull | U15: =IF(C15="","",IF(OR(L15="",AND(ISNUMBER(U15),C15=U15)),U15,C15)) -> 0 | V15: =IF(C15="","",IF(OR(M15="",AND(ISNUMBER(V15),C15=V15)),V15,C15)) -> 0
A16: Stimpee 6_OP | B16: 1605 | C16: 30 | D16: vf-f | E16: F | H16: =_xlfn.XLOOKUP(G16,$S$4:$S$9,$T$4:$T$9,"",0,1) | I16: 5 | L16: 45194 | M16: 0.26527778 | P16: com | Q16: common | U16: =IF(C16="","",IF(OR(L16="",AND(ISNUMBER(U16),C16=U16)),U16,C16)) -> 0 | V16: =IF(C16="","",IF(OR(M16="",AND(ISNUMBER(V16),C16=V16)),V16,C16)) -> 0
A17: Stimpee 6_OP | B17: 1607 | C17: 50 | D17: vf-f | E17: F | F17: 50 | G17: mod bri - bri | H17: =_xlfn.XLOOKUP(G17,$S$4:$S$9,$T$4:$T$9,"",0,1) -> 2.5 | I17: 13 | L17: 45194 | M17: 0.26736111 | P17: i/p | Q17: in part | U17: =IF(C17="","",IF(OR(L17="",AND(ISNUMBER(U17),C17=U17)),U17,C17)) | V17: =IF(C17="","",IF(OR(M17="",AND(ISNUMBER(V17),C17=V17)),V17,C17))
A18: Stimpee 6_OP | B18: 1610 | C18: 50 | D18: vf-med | E18: M | F18: 30 | G18: mod bri - bri | H18: =_xlfn.XLOOKUP(G18,$S$4:$S$9,$T$4:$T$9,"",0,1) -> 2.5 | I18: 24 | L18: 45194 | M18: 0.28125 | P18: dom | Q18: dominantly | U18: =IF(C18="","",IF(OR(L18="",AND(ISNUMBER(U18),C18=U18)),U18,C18)) | V18: =IF(C18="","",IF(OR(M18="",AND(ISNUMBER(V18),C18=V18)),V18,C18))
A19: Stimpee 6_OP | B19: 1615 | C19: 40 | D19: vf-f | E19: F | F19: 40 | G19: mod bri - bri | H19: =_xlfn.XLOOKUP(G19,$S$4:$S$9,$T$4:$T$9,"",0,1) -> 2.5 | I19: 15 | L19: 45194 | M19: 0.30416667 | P19: pl | Q19: pale | U19: =IF(C19="","",IF(OR(L19="",AND(ISNUMBER(U19),C19=U19)),U19,C19)) | V19: =IF(C19="","",IF(OR(M19="",AND(ISNUMBER(V19),C19=V19)),V19,C19))
A20: Stimpee 6_OP | B20: 1620 | C20: 60 | D20: vf-med | E20: M | F20: 50 | G20: dll - bri | H20: =_xlfn.XLOOKUP(G20,$S$4:$S$9,$T$4:$T$9,"",0,1) -> 1.5 | I20: 32 | J20: Tr | L20: 45194 | M20: 0.31597222 | U20: =IF(C20="","",IF(OR(L20="",AND(ISNUMBER(U20),C20=U20)),U20,C20)) | V20: =IF(C20="","",IF(OR(M20="",AND(ISNUMBER(V20),C20=V20)),V20,C20))
A21: Stimpee 6_OP | B21: 1625 | C21: 50 | D21: vf-med | E21: M | F21: 30 | G21: dll - bri | H21: =_xlfn.XLOOKUP(G21,$S$4:$S$9,$T$4:$T$9,"",0,1) -> 1.5 | I21: 50 | J21: Mnr | K21: Mnr | L21: 45194 | M21: 0.325 | U21: =IF(C21="","",IF(OR(L21="",AND(ISNUMBER(U21),C21=U21)),U21,C21)) | V21: =IF(C21="","",IF(OR(M21="",AND(ISNUMBER(V21),C21=V21)),V21,C21))
A22: Stimpee 6_OP | B22: 1630 | C22: 50 | D22: vf-med | E22: M | F22: 20 | G22: dll - bri | H22: =_xlfn.XLOOKUP(G22,$S$4:$S$9,$T$4:$T$9,"",0,1) -> 1.5 | I22: 20 | J22: Mnr | K22: Mnr | L22: 45194 | M22: 0.33888889 | U22: =IF(C22="","",IF(OR(L22="",AND(ISNUMBER(U22),C22=U22)),U22,C22)) | V22: =IF(C22="","",IF(OR(M22="",AND(ISNUMBER(V22),C22=V22)),V22,C22))
A23: Stimpee 6_OP | B23: 1635 | C23: 70 | D23: vf-med | E23: M | F23: 60 | G23: dll - bri | H23: =_xlfn.XLOOKUP(G23,$S$4:$S$9,$T$4:$T$9,"",0,1) -> 1.5 | I23: 250 | J23: Tr | K23: Tr | L23: 45194 | M23: 0.35763889 | U23: =IF(C23="","",IF(OR(L23="",AND(ISNUMBER(U23),C23=U23)),U23,C23)) | V23: =IF(C23="","",IF(OR(M23="",AND(ISNUMBER(V23),C23=V23)),V23,C23))
A24: Stimpee 6_OP | B24: 1640 | C24: 90 | D24: f-med | E24: M | F24: 100 | G24: mod bri - bri | H24: =_xlfn.XLOOKUP(G24,$S$4:$S$9,$T$4:$T$9,"",0,1) -> 2.5 | I24: 255 | K24: Tr | L24: 45194 | M24: 0.37152778 | U24: =IF(C24="","",IF(OR(L24="",AND(ISNUMBER(U24),C24=U24)),U24,C24)) | V24: =IF(C24="","",IF(OR(M24="",AND(ISNUMBER(V24),C24=V24)),V24,C24))
A25: Stimpee 6_OP | B25: 1645 | C25: 100 | D25: f-med, rr crs | E25: C | F25: 100 | G25: mod bri - bri | H25: =_xlfn.XLOOKUP(G25,$S$4:$S$9,$T$4:$T$9,"",0,1) -> 2.5 | I25: 267 | K25: Tr | L25: 45194 | M25: 0.38055556 | U25: =IF(C25="","",IF(OR(L25="",AND(ISNUMBER(U25),C25=U25)),U25,C25)) | V25: =IF(C25="","",IF(OR(M25="",AND(ISNUMBER(V25),C25=V25)),V25,C25))
A26: Stimpee 6_OP | B26: 1650 | C26: 95 | D26: f-crs | E26: C | F26: 100 | G26: bri | H26: =_xlfn.XLOOKUP(G26,$S$4:$S$9,$T$4:$T$9,"",0,1) -> 3 | I26: 224 | L26: 45194 | M26: 0.39236111 | U26: =IF(C26="","",IF(OR(L26="",AND(ISNUMBER(U26),C26=U26)),U26,C26)) | V26: =IF(C26="","",IF(OR(M26="",AND(ISNUMBER(V26),C26=V26)),V26,C26))
A27: Stimpee 6_OP | B27: 1655 | C27: 100 | D27: f-crs | E27: C | F27: 100 | G27: bri | H27: =_xlfn.XLOOKUP(G27,$S$4:$S$9,$T$4:$T$9,"",0,1) -> 3 | I27: 235 | K27: Tr | L27: 45194 | M27: 0.40763889 | U27: =IF(C27="","",IF(OR(L27="",AND(ISNUMBER(U27),C27=U27)),U27,C27)) | V27: =IF(C27="","",IF(OR(M27="",AND(ISNUMBER(V27),C27=V27)),V27,C27))
A28: Stimpee 6_OP | B28: 1660 | C28: 100 | D28: dom f-med, rr crs | E28: =IF(ISNUMBER(SEARCH("v crs",D28))=TRUE,"VC",IF(ISNUMBER(SEARCH("crs",D28))=TRUE,"C",IF(ISNUMBER(SEARCH("med",D28))=TRUE,"M",IF(ISNUMBER(SEARCH("vf",D28))=TRUE,"VF",IF(ISNUMBER(SEARCH("f",D28))=TRUE,"F",""))))) -> C | F28: 100 | G28: bri | H28: =_xlfn.XLOOKUP(G28,$S$4:$S$9,$T$4:$T$9,"",0,1) -> 3 | I28: 185 | K28: rr | L28: 45194 | M28: 0.42013889 | U28: =IF(C28="","",IF(OR(L28="",AND(ISNUMBER(U28),C28=U28)),U28,C28)) | V28: =IF(C28="","",IF(OR(M28="",AND(ISNUMBER(V28),C28=V28)),V28,C28))
A29: Stimpee 6_OP | B29: 1665 | C29: 95 | D29: vf-med, rr crs | E29: C | F29: 100 | G29: bri | H29: =_xlfn.XLOOKUP(G29,$S$4:$S$9,$T$4:$T$9,"",0,1) -> 3 | I29: 179 | K29: rr | L29: 45194 | M29: 0.43402778 | U29: =IF(C29="","",IF(OR(L29="",AND(ISNUMBER(U29),C29=U29)),U29,C29)) | V29: =IF(C29="","",IF(OR(M29="",AND(ISNUMBER(V29),C29=V29)),V29,C29))
A30: Stimpee 6_OP | B30: 1670 | C30: 100 | D30: vf-crs | E30: =IF(ISNUMBER(SEARCH("v crs",D30))=TRUE,"VC",IF(ISNUMBER(SEARCH("crs",D30))=TRUE,"C",IF(ISNUMBER(SEARCH("med",D30))=TRUE,"M",IF(ISNUMBER(SEARCH("vf",D30))=TRUE,"VF",IF(ISNUMBER(SEARCH("f",D30))=TRUE,"F",""))))) -> C | F30: 100 | G30: bri | H30: =_xlfn.XLOOKUP(G30,$S$4:$S$9,$T$4:$T$9,"",0,1) -> 3 | I30: 218 | K30: rr | L30: 45194 | M30: 0.44375 | U30: =IF(C30="","",IF(OR(L30="",AND(ISNUMBER(U30),C30=U30)),U30,C30)) | V30: =IF(C30="","",IF(OR(M30="",AND(ISNUMBER(V30),C30=V30)),V30,C30))
A31: Stimpee 6_OP | B31: 1675 | C31: 100 | D31: vf-crs | E31: =IF(ISNUMBER(SEARCH("v crs",D31))=TRUE,"VC",IF(ISNUMBER(SEARCH("crs",D31))=TRUE,"C",IF(ISNUMBER(SEARCH("med",D31))=TRUE,"M",IF(ISNUMBER(SEARCH("vf",D31))=TRUE,"VF",IF(ISNUMBER(SEARCH("f",D31))=TRUE,"F",""))))) -> C | F31: 100 | G31: mod bri - bri | H31: =_xlfn.XLOOKUP(G31,$S$4:$S$9,$T$4:$T$9,"",0,1) -> 2.5 | I31: 378 | K31: rr | L31: 45194 | M31: 0.45486111 | U31: =IF(C31="","",IF(OR(L31="",AND(ISNUMBER(U31),C31=U31)),U31,C31)) | V31: =IF(C31="","",IF(OR(M31="",AND(ISNUMBER(V31),C31=V31)),V31,C31))
A32: Stimpee 6_OP | B32: 1680 | C32: 100 | D32: f-crs | E32: =IF(ISNUMBER(SEARCH("v crs",D32))=TRUE,"VC",IF(ISNUMBER(SEARCH("crs",D32))=TRUE,"C",IF(ISNUMBER(SEARCH("med",D32))=TRUE,"M",IF(ISNUMBER(SEARCH("vf",D32))=TRUE,"VF",IF(ISNUMBER(SEARCH("f",D32))=TRUE,"F",""))))) -> C | F32: 100 | G32: mod bri - bri | H32: =_xlfn.XLOOKUP(G32,$S$4:$S$9,$T$4:$T$9,"",0,1) -> 2.5 | I32: 370 | K32: rr | L32: 45194 | M32: 0.46388889 | U32: =IF(C32="","",IF(OR(L32="",AND(ISNUMBER(U32),C32=U32)),U32,C32)) | V32: =IF(C32="","",IF(OR(M32="",AND(ISNUMBER(V32),C32=V32)),V32,C32))
A33: Stimpee 6_OP | B33: 1690 | C33: 100 | D33: f-vcrs | E33: VC | F33: 100 | G33: bri | H33: =_xlfn.XLOOKUP(G33,$S$4:$S$9,$T$4:$T$9,"",0,1) -> 3 | I33: 312 | L33: 45194 | M33: 0.48055556 | U33: =IF(C33="","",IF(OR(L33="",AND(ISNUMBER(U33),C33=U33)),U33,C33)) | V33: =IF(C33="","",IF(OR(M33="",AND(ISNUMBER(V33),C33=V33)),V33,C33))
A34: Stimpee 6_OP | B34: 1700 | C34: 100 | D34: vf-vcrs | E34: VC | F34: 100 | G34: bri | H34: =_xlfn.XLOOKUP(G34,$S$4:$S$9,$T$4:$T$9,"",0,1) -> 3 | I34: 399 | L34: 45194 | M34: 0.49930556 | U34: =IF(C34="","",IF(OR(L34="",AND(ISNUMBER(U34),C34=U34)),U34,C34)) | V34: =IF(C34="","",IF(OR(M34="",AND(ISNUMBER(V34),C34=V34)),V34,C34))
A35: Stimpee 6_OP | B35: 1710 | C35: 100 | D35: f-crs | E35: =IF(ISNUMBER(SEARCH("v crs",D35))=TRUE,"VC",IF(ISNUMBER(SEARCH("crs",D35))=TRUE,"C",IF(ISNUMBER(SEARCH("med",D35))=TRUE,"M",IF(ISNUMBER(SEARCH("vf",D35))=TRUE,"VF",IF(ISNUMBER(SEARCH("f",D35))=TRUE,"F",""))))) -> C | F35: 100 | G35: bri | H35: =_xlfn.XLOOKUP(G35,$S$4:$S$9,$T$4:$T$9,"",0,1) -> 3 | I35: 340 | L35: 45194 | M35: 0.53125 | U35: =IF(C35="","",IF(OR(L35="",AND(ISNUMBER(U35),C35=U35)),U35,C35)) | V35: =IF(C35="","",IF(OR(M35="",AND(ISNUMBER(V35),C35=V35)),V35,C35))
A36: Stimpee 6_OP | B36: 1720 | C36: 100 | D36: f-crs | E36: C | F36: 100 | G36: bri | H36: =_xlfn.XLOOKUP(G36,$S$4:$S$9,$T$4:$T$9,"",0,1) -> 3 | I36: 432 | L36: 45194 | M36: 0.54861111 | U36: =IF(C36="","",IF(OR(L36="",AND(ISNUMBER(U36),C36=U36)),U36,C36)) | V36: =IF(C36="","",IF(OR(M36="",AND(ISNUMBER(V36),C36=V36)),V36,C36))
A37: Stimpee 6_OP | B37: 1730 | C37: 95 | D37: f-med,tr crs | E37: C | F37: 100 | G37: bri | H37: =_xlfn.XLOOKUP(G37,$S$4:$S$9,$T$4:$T$9,"",0,1) -> 3 | I37: 404 | L37: 45194 | M37: 0.57291667 | U37: =IF(C37="","",IF(OR(L37="",AND(ISNUMBER(U37),C37=U37)),U37,C37)) | V37: =IF(C37="","",IF(OR(M37="",AND(ISNUMBER(V37),C37=V37)),V37,C37))
A38: Stimpee 6_OP | B38: 1740 | C38: 90 | D38: f-crs | E38: =IF(ISNUMBER(SEARCH("v crs",D38))=TRUE,"VC",IF(ISNUMBER(SEARCH("crs",D38))=TRUE,"C",IF(ISNUMBER(SEARCH("med",D38))=TRUE,"M",IF(ISNUMBER(SEARCH("vf",D38))=TRUE,"VF",IF(ISNUMBER(SEARCH("f",D38))=TRUE,"F",""))))) -> C | F38: 100 | G38: bri | H38: =_xlfn.XLOOKUP(G38,$S$4:$S$9,$T$4:$T$9,"",0,1) -> 3 | I38: 351 | L38: 45194 | M38: 0.59236111 | U38: =IF(C38="","",IF(OR(L38="",AND(ISNUMBER(U38),C38=U38)),U38,C38)) | V38: =IF(C38="","",IF(OR(M38="",AND(ISNUMBER(V38),C38=V38)),V38,C38))
A39: Stimpee 6_OP | B39: 1750 | C39: 100 | D39: f-med,tr crs | E39: =IF(ISNUMBER(SEARCH("v crs",D39))=TRUE,"VC",IF(ISNUMBER(SEARCH("crs",D39))=TRUE,"C",IF(ISNUMBER(SEARCH("med",D39))=TRUE,"M",IF(ISNUMBER(SEARCH("vf",D39))=TRUE,"VF",IF(ISNUMBER(SEARCH("f",D39))=TRUE,"F",""))))) -> C | F39: 100 | G39: mod bri - bri | H39: =_xlfn.XLOOKUP(G39,$S$4:$S$9,$T$4:$T$9,"",0,1) -> 2.5 | I39: 478 | L39: 45194 | M39: 0.61111111 | U39: =IF(C39="","",IF(OR(L39="",AND(ISNUMBER(U39),C39=U39)),U39,C39)) | V39: =IF(C39="","",IF(OR(M39="",AND(ISNUMBER(V39),C39=V39)),V39,C39))
A40: Stimpee 6_OP | B40: 1760 | C40: 100 | D40: vf-med, rr crs | E40: M | F40: 100 | G40: mod bri - bri | H40: =_xlfn.XLOOKUP(G40,$S$4:$S$9,$T$4:$T$9,"",0,1) -> 2.5 | I40: 311 | L40: 45194 | M40: 0.63055556 | U40: =IF(C40="","",IF(OR(L40="",AND(ISNUMBER(U40),C40=U40)),U40,C40)) | V40: =IF(C40="","",IF(OR(M40="",AND(ISNUMBER(V40),C40=V40)),V40,C40))
A41: Stimpee 6_OP | B41: 1770 | C41: 95 | D41: f-vcrs | E41: =IF(ISNUMBER(SEARCH("v crs",D41))=TRUE,"VC",IF(ISNUMBER(SEARCH("crs",D41))=TRUE,"C",IF(ISNUMBER(SEARCH("med",D41))=TRUE,"M",IF(ISNUMBER(SEARCH("vf",D41))=TRUE,"VF",IF(ISNUMBER(SEARCH("f",D41))=TRUE,"F",""))))) -> C | F41: 100 | G41: mod bri-bri | H41: 2.5 | I41: 183 | L41: 45194 | M41: 0.66666667 | U41: =IF(C41="","",IF(OR(L41="",AND(ISNUMBER(U41),C41=U41)),U41,C41)) | V41: =IF(C41="","",IF(OR(M41="",AND(ISNUMBER(V41),C41=V41)),V41,C41))
A42: Stimpee 6_OP | B42: 1780 | C42: 90 | D42: vf-crs | E42: C | F42: 80 | G42: bri | H42: =_xlfn.XLOOKUP(G42,$S$4:$S$9,$T$4:$T$9,"",0,1) -> 3 | I42: 160 | L42: 45194 | M42: 0.68611111 | U42: =IF(C42="","",IF(OR(L42="",AND(ISNUMBER(U42),C42=U42)),U42,C42)) | V42: =IF(C42="","",IF(OR(M42="",AND(ISNUMBER(V42),C42=V42)),V42,C42))
A43: Stimpee 6_OP | B43: 1790 | C43: 90 | D43: vf-med | E43: M | F43: 80 | G43: mod bri-bri | H43: 2.5 | I43: 213 | L43: 45194 | M43: 0.71180556 | U43: =IF(C43="","",IF(OR(L43="",AND(ISNUMBER(U43),C43=U43)),U43,C43)) | V43: =IF(C43="","",IF(OR(M43="",AND(ISNUMBER(V43),C43=V43)),V43,C43))
A44: Stimpee 6_OP | B44: 1800 | C44: 95 | D44: f-med,tr crs | E44: C | F44: 100 | G44: bri | H44: 3 | I44: 222 | K44: rr | L44: 45194 | M44: 0.72777778 | U44: =IF(C44="","",IF(OR(L44="",AND(ISNUMBER(U44),C44=U44)),U44,C44)) | V44: =IF(C44="","",IF(OR(M44="",AND(ISNUMBER(V44),C44=V44)),V44,C44))
A45: Stimpee 6_OP | B45: 1810 | C45: 80 | D45: vf-f, rr crs | E45: =IF(ISNUMBER(SEARCH("v crs",D45))=TRUE,"VC",IF(ISNUMBER(SEARCH("crs",D45))=TRUE,"C",IF(ISNUMBER(SEARCH("med",D45))=TRUE,"M",IF(ISNUMBER(SEARCH("vf",D45))=TRUE,"VF",IF(ISNUMBER(SEARCH("f",D45))=TRUE,"F",""))))) -> C | F45: 100 | G45: bri | H45: =_xlfn.XLOOKUP(G45,$S$4:$S$9,$T$4:$T$9,"",0,1) -> 3 | I45: 125 | L45: 45194 | M45: 0.75763889 | U45: =IF(C45="","",IF(OR(L45="",AND(ISNUMBER(U45),C45=U45)),U45,C45)) | V45: =IF(C45="","",IF(OR(M45="",AND(ISNUMBER(V45),C45=V45)),V45,C45))
A46: Stimpee 6_OP | B46: 1820 | C46: 50 | D46: vf-f, rr crs | E46: =IF(ISNUMBER(SEARCH("v crs",D46))=TRUE,"VC",IF(ISNUMBER(SEARCH("crs",D46))=TRUE,"C",IF(ISNUMBER(SEARCH("med",D46))=TRUE,"M",IF(ISNUMBER(SEARCH("vf",D46))=TRUE,"VF",IF(ISNUMBER(SEARCH("f",D46))=TRUE,"F",""))))) -> C | F46: 100 | G46: bri | H46: =_xlfn.XLOOKUP(G46,$S$4:$S$9,$T$4:$T$9,"",0,1) -> 3 | I46: 195 | L46: 45194 | M46: 0.775 | U46: =IF(C46="","",IF(OR(L46="",AND(ISNUMBER(U46),C46=U46)),U46,C46)) | V46: =IF(C46="","",IF(OR(M46="",AND(ISNUMBER(V46),C46=V46)),V46,C46))
A47: Stimpee 6_OP | B47: 1830 | C47: 80 | D47: vf-f, rr crs | E47: =IF(ISNUMBER(SEARCH("v crs",D47))=TRUE,"VC",IF(ISNUMBER(SEARCH("crs",D47))=TRUE,"C",IF(ISNUMBER(SEARCH("med",D47))=TRUE,"M",IF(ISNUMBER(SEARCH("vf",D47))=TRUE,"VF",IF(ISNUMBER(SEARCH("f",D47))=TRUE,"F",""))))) -> C | F47: 100 | G47: mod bri | H47: =_xlfn.XLOOKUP(G47,$S$4:$S$9,$T$4:$T$9,"",0,1) -> 2 | I47: 152 | L47: 45194 | M47: 0.79305556 | U47: =IF(C47="","",IF(OR(L47="",AND(ISNUMBER(U47),C47=U47)),U47,C47)) | V47: =IF(C47="","",IF(OR(M47="",AND(ISNUMBER(V47),C47=V47)),V47,C47))
A48: Stimpee 6_OP | B48: 1840 | C48: 90 | D48: vf-f, rr crs | E48: =IF(ISNUMBER(SEARCH("v crs",D48))=TRUE,"VC",IF(ISNUMBER(SEARCH("crs",D48))=TRUE,"C",IF(ISNUMBER(SEARCH("med",D48))=TRUE,"M",IF(ISNUMBER(SEARCH("vf",D48))=TRUE,"VF",IF(ISNUMBER(SEARCH("f",D48))=TRUE,"F",""))))) -> C | F48: 100 | G48: mod bri | H48: =_xlfn.XLOOKUP(G48,$S$4:$S$9,$T$4:$T$9,"",0,1) -> 2 | I48: 235 | L48: 45194 | M48: 0.81111111 | U48: =IF(C48="","",IF(OR(L48="",AND(ISNUMBER(U48),C48=U48)),U48,C48)) | V48: =IF(C48="","",IF(OR(M48="",AND(ISNUMBER(V48),C48=V48)),V48,C48))
A49: Stimpee 6_OP | B49: 1850 | C49: 100 | D49: vf-f, rr crs | E49: =IF(ISNUMBER(SEARCH("v crs",D49))=TRUE,"VC",IF(ISNUMBER(SEARCH("crs",D49))=TRUE,"C",IF(ISNUMBER(SEARCH("med",D49))=TRUE,"M",IF(ISNUMBER(SEARCH("vf",D49))=TRUE,"VF",IF(ISNUMBER(SEARCH("f",D49))=TRUE,"F",""))))) -> C | F49: 100 | G49: bri | H49: =_xlfn.XLOOKUP(G49,$S$4:$S$9,$T$4:$T$9,"",0,1) -> 3 | I49: 183 | L49: 45194 | M49: 0.83472222 | U49: =IF(C49="","",IF(OR(L49="",AND(ISNUMBER(U49),C49=U49)),U49,C49)) | V49: =IF(C49="","",IF(OR(M49="",AND(ISNUMBER(V49),C49=V49)),V49,C49))
A50: Stimpee 6_OP | B50: 1860 | C50: 100 | D50: vf-f, rr crs | E50: =IF(ISNUMBER(SEARCH("v crs",D50))=TRUE,"VC",IF(ISNUMBER(SEARCH("crs",D50))=TRUE,"C",IF(ISNUMBER(SEARCH("med",D50))=TRUE,"M",IF(ISNUMBER(SEARCH("vf",D50))=TRUE,"VF",IF(ISNUMBER(SEARCH("f",D50))=TRUE,"F",""))))) -> C | F50: 100 | G50: bri | H50: =_xlfn.XLOOKUP(G50,$S$4:$S$9,$T$4:$T$9,"",0,1) -> 3 | I50: 185 | L50: 45194 | M50: 0.86111111 | U50: =IF(C50="","",IF(OR(L50="",AND(ISNUMBER(U50),C50=U50)),U50,C50)) | V50: =IF(C50="","",IF(OR(M50="",AND(ISNUMBER(V50),C50=V50)),V50,C50))
A51: Stimpee 6_OP | B51: 1870 | C51: 100 | D51: vf-f, rr crs | E51: =IF(ISNUMBER(SEARCH("v crs",D51))=TRUE,"VC",IF(ISNUMBER(SEARCH("crs",D51))=TRUE,"C",IF(ISNUMBER(SEARCH("med",D51))=TRUE,"M",IF(ISNUMBER(SEARCH("vf",D51))=TRUE,"VF",IF(ISNUMBER(SEARCH("f",D51))=TRUE,"F",""))))) -> C | F51: 100 | G51: bri | H51: =_xlfn.XLOOKUP(G51,$S$4:$S$9,$T$4:$T$9,"",0,1) -> 3 | I51: 190 | L51: 45194 | M51: 0.8875 | U51: =IF(C51="","",IF(OR(L51="",AND(ISNUMBER(U51),C51=U51)),U51,C51)) | V51: =IF(C51="","",IF(OR(M51="",AND(ISNUMBER(V51),C51=V51)),V51,C51))
A52: Stimpee 6_OP | B52: 1880 | C52: 90 | D52: vf-f | E52: F | F52: 100 | G52: bri | H52: =_xlfn.XLOOKUP(G52,$S$4:$S$9,$T$4:$T$9,"",0,1) -> 3 | I52: 124 | L52: 45194 | M52: 0.91111111 | U52: =IF(C52="","",IF(OR(L52="",AND(ISNUMBER(U52),C52=U52)),U52,C52)) | V52: =IF(C52="","",IF(OR(M52="",AND(ISNUMBER(V52),C52=V52)),V52,C52))
A53: Stimpee 6_OP | B53: 1885 | C53: 70 | D53: vf-f, rr crs | E53: =IF(ISNUMBER(SEARCH("v crs",D53))=TRUE,"VC",IF(ISNUMBER(SEARCH("crs",D53))=TRUE,"C",IF(ISNUMBER(SEARCH("med",D53))=TRUE,"M",IF(ISNUMBER(SEARCH("vf",D53))=TRUE,"VF",IF(ISNUMBER(SEARCH("f",D53))=TRUE,"F",""))))) -> C | F53: 100 | G53: mod bri | H53: 2 | I53: 135 | L53: 45194 | M53: 0.925 | U53: =IF(C53="","",IF(OR(L53="",AND(ISNUMBER(U53),C53=U53)),U53,C53)) | V53: =IF(C53="","",IF(OR(M53="",AND(ISNUMBER(V53),C53=V53)),V53,C53))
A54: Stimpee 6_OP | B54: 1890 | C54: 80 | D54: vf-f | E54: F | F54: 100 | G54: mod bri | H54: 2 | I54: 160 | L54: 45194 | M54: 0.93611111 | U54: =IF(C54="","",IF(OR(L54="",AND(ISNUMBER(U54),C54=U54)),U54,C54)) | V54: =IF(C54="","",IF(OR(M54="",AND(ISNUMBER(V54),C54=V54)),V54,C54))
A55: Stimpee 6_OP | B55: 1895 | C55: 85 | D55: vf-crs | E55: =IF(ISNUMBER(SEARCH("v crs",D55))=TRUE,"VC",IF(ISNUMBER(SEARCH("crs",D55))=TRUE,"C",IF(ISNUMBER(SEARCH("med",D55))=TRUE,"M",IF(ISNUMBER(SEARCH("vf",D55))=TRUE,"VF",IF(ISNUMBER(SEARCH("f",D55))=TRUE,"F",""))))) -> C | F55: 100 | G55: mod bri-bri | H55: 2.5 | I55: 130 | L55: 45194 | M55: 0.95486111 | U55: =IF(C55="","",IF(OR(L55="",AND(ISNUMBER(U55),C55=U55)),U55,C55)) | V55: =IF(C55="","",IF(OR(M55="",AND(ISNUMBER(V55),C55=V55)),V55,C55))
A56: Stimpee 6_OP | B56: 1900 | C56: 95 | D56: vf-crs | E56: =IF(ISNUMBER(SEARCH("v crs",D56))=TRUE,"VC",IF(ISNUMBER(SEARCH("crs",D56))=TRUE,"C",IF(ISNUMBER(SEARCH("med",D56))=TRUE,"M",IF(ISNUMBER(SEARCH("vf",D56))=TRUE,"VF",IF(ISNUMBER(SEARCH("f",D56))=TRUE,"F",""))))) -> C | F56: 100 | G56: mod bri-bri | H56: 2.5 | I56: 175 | L56: 45194 | M56: 0.96736111 | U56: =IF(C56="","",IF(OR(L56="",AND(ISNUMBER(U56),C56=U56)),U56,C56)) | V56: =IF(C56="","",IF(OR(M56="",AND(ISNUMBER(V56),C56=V56)),V56,C56))
A57: Stimpee 6_OP | B57: 1905 | C57: 90 | D57: vf-crs | E57: =IF(ISNUMBER(SEARCH("v crs",D57))=TRUE,"VC",IF(ISNUMBER(SEARCH("crs",D57))=TRUE,"C",IF(ISNUMBER(SEARCH("med",D57))=TRUE,"M",IF(ISNUMBER(SEARCH("vf",D57))=TRUE,"VF",IF(ISNUMBER(SEARCH("f",D57))=TRUE,"F",""))))) -> C | F57: 100 | G57: mod bri-bri | H57: 2.5 | I57: 206 | L57: 45194 | M57: 0.98333333 | U57: =IF(C57="","",IF(OR(L57="",AND(ISNUMBER(U57),C57=U57)),U57,C57)) | V57: =IF(C57="","",IF(OR(M57="",AND(ISNUMBER(V57),C57=V57)),V57,C57))
A58: Stimpee 6_OP | B58: 1910 | C58: 95 | D58: vf-crs | E58: =IF(ISNUMBER(SEARCH("v crs",D58))=TRUE,"VC",IF(ISNUMBER(SEARCH("crs",D58))=TRUE,"C",IF(ISNUMBER(SEARCH("med",D58))=TRUE,"M",IF(ISNUMBER(SEARCH("vf",D58))=TRUE,"VF",IF(ISNUMBER(SEARCH("f",D58))=TRUE,"F",""))))) -> C | F58: 100 | G58: bri | H58: 3 | I58: 145 | L58: 45194 | M58: 0.99791667 | U58: =IF(C58="","",IF(OR(L58="",AND(ISNUMBER(U58),C58=U58)),U58,C58)) | V58: =IF(C58="","",IF(OR(M58="",AND(ISNUMBER(V58),C58=V58)),V58,C58))
A59: Stimpee 6_OP | B59: 1915 | C59: 95 | D59: vf-f, rr crs | E59: =IF(ISNUMBER(SEARCH("v crs",D59))=TRUE,"VC",IF(ISNUMBER(SEARCH("crs",D59))=TRUE,"C",IF(ISNUMBER(SEARCH("med",D59))=TRUE,"M",IF(ISNUMBER(SEARCH("vf",D59))=TRUE,"VF",IF(ISNUMBER(SEARCH("f",D59))=TRUE,"F",""))))) -> C | F59: 100 | G59: bri | H59: 3 | I59: 166 | L59: 45195 | M59: 0.015972222 | U59: =IF(C59="","",IF(OR(L59="",AND(ISNUMBER(U59),C59=U59)),U59,C59)) | V59: =IF(C59="","",IF(OR(M59="",AND(ISNUMBER(V59),C59=V59)),V59,C59))
A60: Stimpee 6_OP | B60: 1920 | C60: 95 | D60: vf-f, rr crs | E60: =IF(ISNUMBER(SEARCH("v crs",D60))=TRUE,"VC",IF(ISNUMBER(SEARCH("crs",D60))=TRUE,"C",IF(ISNUMBER(SEARCH("med",D60))=TRUE,"M",IF(ISNUMBER(SEARCH("vf",D60))=TRUE,"VF",IF(ISNUMBER(SEARCH("f",D60))=TRUE,"F",""))))) -> C | F60: 100 | G60: bri | H60: 3 | I60: 189 | L60: 45195 | M60: 0.035416667 | U60: =IF(C60="","",IF(OR(L60="",AND(ISNUMBER(U60),C60=U60)),U60,C60)) | V60: =IF(C60="","",IF(OR(M60="",AND(ISNUMBER(V60),C60=V60)),V60,C60))
A61: Stimpee 6_OP | B61: 1925 | C61: 95 | D61: vf-f, rr crs | E61: =IF(ISNUMBER(SEARCH("v crs",D61))=TRUE,"VC",IF(ISNUMBER(SEARCH("crs",D61))=TRUE,"C",IF(ISNUMBER(SEARCH("med",D61))=TRUE,"M",IF(ISNUMBER(SEARCH("vf",D61))=TRUE,"VF",IF(ISNUMBER(SEARCH("f",D61))=TRUE,"F",""))))) -> C | F61: 100 | G61: bri | H61: 3 | I61: 267 | L61: 45195 | M61: 0.047222222 | U61: =IF(C61="","",IF(OR(L61="",AND(ISNUMBER(U61),C61=U61)),U61,C61)) | V61: =IF(C61="","",IF(OR(M61="",AND(ISNUMBER(V61),C61=V61)),V61,C61))
A62: Stimpee 6_OP | B62: 1930 | C62: 95 | D62: vf-f, rr crs | E62: =IF(ISNUMBER(SEARCH("v crs",D62))=TRUE,"VC",IF(ISNUMBER(SEARCH("crs",D62))=TRUE,"C",IF(ISNUMBER(SEARCH("med",D62))=TRUE,"M",IF(ISNUMBER(SEARCH("vf",D62))=TRUE,"VF",IF(ISNUMBER(SEARCH("f",D62))=TRUE,"F",""))))) -> C | F62: 100 | G62: bri | H62: 3 | I62: 191 | L62: 45195 | M62: 0.056944444 | U62: =IF(C62="","",IF(OR(L62="",AND(ISNUMBER(U62),C62=U62)),U62,C62)) | V62: =IF(C62="","",IF(OR(M62="",AND(ISNUMBER(V62),C62=V62)),V62,C62))
A63: Stimpee 6_OP | B63: 1940 | C63: 95 | D63: vf-med, rr crs | E63: =IF(ISNUMBER(SEARCH("v crs",D63))=TRUE,"VC",IF(ISNUMBER(SEARCH("crs",D63))=TRUE,"C",IF(ISNUMBER(SEARCH("med",D63))=TRUE,"M",IF(ISNUMBER(SEARCH("vf",D63))=TRUE,"VF",IF(ISNUMBER(SEARCH("f",D63))=TRUE,"F",""))))) -> C | F63: 100 | G63: bri | H63: 3 | I63: 245 | L63: 45195 | M63: 0.077083333 | U63: =IF(C63="","",IF(OR(L63="",AND(ISNUMBER(U63),C63=U63)),U63,C63)) | V63: =IF(C63="","",IF(OR(M63="",AND(ISNUMBER(V63),C63=V63)),V63,C63))
A64: Stimpee 6_OP | B64: 1950 | C64: 90 | D64: vf-f | E64: F | F64: 100 | G64: mod bri-bri | H64: 2.5 | I64: 265 | L64: 45195 | M64: 0.095138889 | U64: =IF(C64="","",IF(OR(L64="",AND(ISNUMBER(U64),C64=U64)),U64,C64)) | V64: =IF(C64="","",IF(OR(M64="",AND(ISNUMBER(V64),C64=V64)),V64,C64))
A65: Stimpee 6_OP | B65: 1960 | C65: 60 | D65: vf-f | E65: F | F65: 100 | G65: mod bri-bri | H65: 2.5 | I65: 160 | J65: com | L65: 45195 | M65: 0.11458333 | U65: =IF(C65="","",IF(OR(L65="",AND(ISNUMBER(U65),C65=U65)),U65,C65)) | V65: =IF(C65="","",IF(OR(M65="",AND(ISNUMBER(V65),C65=V65)),V65,C65))
A66: Stimpee 6_OP | B66: 1970 | C66: 30 | D66: vf-f | E66: F | F66: 50 | G66: mod bri | H66: 2 | I66: 150 | J66: com | L66: 45195 | M66: 0.13611111 | U66: =IF(C66="","",IF(OR(L66="",AND(ISNUMBER(U66),C66=U66)),U66,C66)) | V66: =IF(C66="","",IF(OR(M66="",AND(ISNUMBER(V66),C66=V66)),V66,C66))
A67: Stimpee 6_OP | B67: 1980 | C67: 50 | D67: vf-f | E67: F | F67: 90 | G67: dll-mod bri | H67: 1.5 | I67: 168 | J67: com | L67: 45195 | M67: 0.15416667 | U67: =IF(C67="","",IF(OR(L67="",AND(ISNUMBER(U67),C67=U67)),U67,C67)) | V67: =IF(C67="","",IF(OR(M67="",AND(ISNUMBER(V67),C67=V67)),V67,C67))
A68: Stimpee 6_OP | B68: 1990 | C68: 45 | D68: vf-f | E68: F | F68: 90 | G68: dll-mod bri | H68: 1.5 | I68: 145 | J68: com | L68: 45195 | M68: 0.175 | U68: =IF(C68="","",IF(OR(L68="",AND(ISNUMBER(U68),C68=U68)),U68,C68)) | V68: =IF(C68="","",IF(OR(M68="",AND(ISNUMBER(V68),C68=V68)),V68,C68))
A69: Stimpee 6_OP | B69: 2000 | C69: 50 | D69: vf-f | E69: F | F69: 90 | G69: dll-mod bri | H69: 1.5 | I69: 247 | J69: com | L69: 45195 | M69: 0.19375 | U69: =IF(C69="","",IF(OR(L69="",AND(ISNUMBER(U69),C69=U69)),U69,C69)) | V69: =IF(C69="","",IF(OR(M69="",AND(ISNUMBER(V69),C69=V69)),V69,C69))
A70: Stimpee 6_OP | B70: 2010 | C70: 80 | D70: vf-f, rr crs | E70: =IF(ISNUMBER(SEARCH("v crs",D70))=TRUE,"VC",IF(ISNUMBER(SEARCH("crs",D70))=TRUE,"C",IF(ISNUMBER(SEARCH("med",D70))=TRUE,"M",IF(ISNUMBER(SEARCH("vf",D70))=TRUE,"VF",IF(ISNUMBER(SEARCH("f",D70))=TRUE,"F",""))))) -> C | F70: 100 | G70: bri | H70: 3 | I70: 135 | J70: tr | L70: 45195 | M70: 0.22222222 | U70: =IF(C70="","",IF(OR(L70="",AND(ISNUMBER(U70),C70=U70)),U70,C70)) | V70: =IF(C70="","",IF(OR(M70="",AND(ISNUMBER(V70),C70=V70)),V70,C70))
A71: Stimpee 6_OP | B71: 2020 | C71: 90 | D71: vf-f,tr med,rr crs | E71: C | F71: 80 | G71: mod bri-bri | H71: 2.5 | I71: 154 | L71: 45195 | M71: 0.25347222 | U71: =IF(C71="","",IF(OR(L71="",AND(ISNUMBER(U71),C71=U71)),U71,C71)) | V71: =IF(C71="","",IF(OR(M71="",AND(ISNUMBER(V71),C71=V71)),V71,C71))
A72: Stimpee 6_OP | B72: 2030 | C72: 70 | D72: vf-med, rr crs | E72: C | F72: 50 | G72: mod bri-bri | H72: 2.5 | I72: 165 | J72: tr | L72: 45195 | M72: 0.27777778 | U72: =IF(C72="","",IF(OR(L72="",AND(ISNUMBER(U72),C72=U72)),U72,C72)) | V72: =IF(C72="","",IF(OR(M72="",AND(ISNUMBER(V72),C72=V72)),V72,C72))
A73: Stimpee 6_OP | B73: 2040 | C73: 90 | D73: vf-med, rr crs | E73: C | F73: 80 | G73: mod bri-bri | H73: 2.5 | I73: 200 | J73: tr | K73: rr | L73: 45195 | M73: 0.29861111 | U73: =IF(C73="","",IF(OR(L73="",AND(ISNUMBER(U73),C73=U73)),U73,C73)) | V73: =IF(C73="","",IF(OR(M73="",AND(ISNUMBER(V73),C73=V73)),V73,C73))
A74: Stimpee 6_OP | B74: 2050 | C74: 90 | D74: vf-f, mnr med | E74: M | F74: 80 | G74: mod bri-bri | H74: 2.5 | I74: 150 | K74: rr | L74: 45195 | M74: 0.31944444 | U74: =IF(C74="","",IF(OR(L74="",AND(ISNUMBER(U74),C74=U74)),U74,C74)) | V74: =IF(C74="","",IF(OR(M74="",AND(ISNUMBER(V74),C74=V74)),V74,C74))
A75: Stimpee 6_OP | B75: 2060 | C75: 95 | D75: vf-f, mnr med | E75: M | F75: 80 | G75: mod bri-bri | H75: 2.5 | I75: 195 | L75: 45195 | M75: 0.34027778 | U75: =IF(C75="","",IF(OR(L75="",AND(ISNUMBER(U75),C75=U75)),U75,C75)) | V75: =IF(C75="","",IF(OR(M75="",AND(ISNUMBER(V75),C75=V75)),V75,C75))
A76: Stimpee 6_OP | B76: 2070 | C76: 90 | D76: vf-f, f-med lse | E76: M | F76: 60 | G76: mod bri-bri | H76: 2.5 | I76: 156 | K76: rr | L76: 45195 | M76: 0.35833333 | U76: =IF(C76="","",IF(OR(L76="",AND(ISNUMBER(U76),C76=U76)),U76,C76)) | V76: =IF(C76="","",IF(OR(M76="",AND(ISNUMBER(V76),C76=V76)),V76,C76))
A77: Stimpee 6_OP | B77: 2080 | C77: 90 | D77: dom f | E77: =IF(ISNUMBER(SEARCH("v crs",D77))=TRUE,"VC",IF(ISNUMBER(SEARCH("crs",D77))=TRUE,"C",IF(ISNUMBER(SEARCH("med",D77))=TRUE,"M",IF(ISNUMBER(SEARCH("vf",D77))=TRUE,"VF",IF(ISNUMBER(SEARCH("f",D77))=TRUE,"F",""))))) -> F | F77: 70 | G77: mod bri-bri | H77: 2.5 | I77: 189 | L77: 45195 | M77: 0.37777778 | U77: =IF(C77="","",IF(OR(L77="",AND(ISNUMBER(U77),C77=U77)),U77,C77)) | V77: =IF(C77="","",IF(OR(M77="",AND(ISNUMBER(V77),C77=V77)),V77,C77))
A78: Stimpee 6_OP | B78: 2090 | C78: 90 | D78: vf-v crs | E78: VC | F78: 100 | G78: bri | H78: 3 | I78: 229 | J78: tr | K78: tr | L78: 45195 | M78: 0.39722222 | U78: =IF(C78="","",IF(OR(L78="",AND(ISNUMBER(U78),C78=U78)),U78,C78)) | V78: =IF(C78="","",IF(OR(M78="",AND(ISNUMBER(V78),C78=V78)),V78,C78))
A79: Stimpee 6_OP | B79: 2100 | C79: 90 | D79: med-crs | E79: C | F79: 100 | G79: bri | H79: 3 | I79: 167 | L79: 45195 | M79: 0.41944444 | U79: =IF(C79="","",IF(OR(L79="",AND(ISNUMBER(U79),C79=U79)),U79,C79)) | V79: =IF(C79="","",IF(OR(M79="",AND(ISNUMBER(V79),C79=V79)),V79,C79))
A80: Stimpee 6_OP | B80: 2110 | C80: 100 | D80: med-vcrs | E80: VC | F80: 100 | G80: bri | H80: 3 | I80: 155 | L80: 45195 | M80: 0.44027778 | U80: =IF(C80="","",IF(OR(L80="",AND(ISNUMBER(U80),C80=U80)),U80,C80)) | V80: =IF(C80="","",IF(OR(M80="",AND(ISNUMBER(V80),C80=V80)),V80,C80))
A81: Stimpee 6_OP | B81: 2120 | C81: 100 | D81: crs-vcrs | E81: VC | F81: 100 | G81: bri | H81: 3 | I81: 144 | L81: 45195 | M81: 0.45972222 | U81: =IF(C81="","",IF(OR(L81="",AND(ISNUMBER(U81),C81=U81)),U81,C81)) | V81: =IF(C81="","",IF(OR(M81="",AND(ISNUMBER(V81),C81=V81)),V81,C81))
A82: Stimpee 6_OP | B82: 2130 | C82: 100 | D82: med-v crs | E82: VC | F82: 100 | G82: bri | H82: 3 | I82: 162 | L82: 45195 | M82: 0.48263889 | U82: =IF(C82="","",IF(OR(L82="",AND(ISNUMBER(U82),C82=U82)),U82,C82)) | V82: =IF(C82="","",IF(OR(M82="",AND(ISNUMBER(V82),C82=V82)),V82,C82))
A83: Stimpee 6_OP | B83: 2140 | C83: 100 | D83: med-v crs | E83: VC | F83: 100 | G83: bri | H83: 3 | I83: 142 | L83: 45195 | M83: 0.50138889 | U83: =IF(C83="","",IF(OR(L83="",AND(ISNUMBER(U83),C83=U83)),U83,C83)) | V83: =IF(C83="","",IF(OR(M83="",AND(ISNUMBER(V83),C83=V83)),V83,C83))
A84: Stimpee 6_OP | B84: 2150 | C84: 100 | D84: crs-v crs | E84: VC | F84: 100 | G84: bri | H84: 3 | I84: 157 | L84: 45195 | M84: 0.51736111 | U84: =IF(C84="","",IF(OR(L84="",AND(ISNUMBER(U84),C84=U84)),U84,C84)) | V84: =IF(C84="","",IF(OR(M84="",AND(ISNUMBER(V84),C84=V84)),V84,C84))
A85: Stimpee 6_OP | B85: 2160 | C85: 100 | D85: crs-v crs | E85: VC | F85: 100 | G85: bri | H85: 3 | I85: 234 | L85: 45195 | M85: 0.54166667 | U85: =IF(C85="","",IF(OR(L85="",AND(ISNUMBER(U85),C85=U85)),U85,C85)) | V85: =IF(C85="","",IF(OR(M85="",AND(ISNUMBER(V85),C85=V85)),V85,C85))
A86: Stimpee 6_OP | B86: 2170 | C86: 100 | D86: f-v crs | E86: VC | F86: 100 | G86: bri | H86: 3 | I86: 147 | K86: rr | L86: 45195 | M86: 0.5625 | U86: =IF(C86="","",IF(OR(L86="",AND(ISNUMBER(U86),C86=U86)),U86,C86)) | V86: =IF(C86="","",IF(OR(M86="",AND(ISNUMBER(V86),C86=V86)),V86,C86))
A87: Stimpee 6_OP | B87: 2180 | C87: 100 | D87: f-v crs | E87: =IF(ISNUMBER(SEARCH("v crs",D87))=TRUE,"VC",IF(ISNUMBER(SEARCH("crs",D87))=TRUE,"C",IF(ISNUMBER(SEARCH("med",D87))=TRUE,"M",IF(ISNUMBER(SEARCH("vf",D87))=TRUE,"VF",IF(ISNUMBER(SEARCH("f",D87))=TRUE,"F",""))))) -> VC | F87: 100 | G87: mod bri-bri | H87: 2.5 | I87: 156 | L87: 45195 | M87: 0.58333333 | U87: =IF(C87="","",IF(OR(L87="",AND(ISNUMBER(U87),C87=U87)),U87,C87)) | V87: =IF(C87="","",IF(OR(M87="",AND(ISNUMBER(V87),C87=V87)),V87,C87))
A88: Stimpee 6_OP | B88: 2190 | C88: 100 | D88: vf-f agg, f-vcrs lse | E88: VC | F88: 100 | G88: bri | H88: 3 | I88: 248 | L88: 45195 | M88: 0.59861111 | U88: =IF(C88="","",IF(OR(L88="",AND(ISNUMBER(U88),C88=U88)),U88,C88)) | V88: =IF(C88="","",IF(OR(M88="",AND(ISNUMBER(V88),C88=V88)),V88,C88))
A89: Stimpee 6_OP | B89: 2200 | C89: 100 | D89: vf-f agg, f-vcrs lse | E89: =IF(ISNUMBER(SEARCH("v crs",D89))=TRUE,"VC",IF(ISNUMBER(SEARCH("crs",D89))=TRUE,"C",IF(ISNUMBER(SEARCH("med",D89))=TRUE,"M",IF(ISNUMBER(SEARCH("vf",D89))=TRUE,"VF",IF(ISNUMBER(SEARCH("f",D89))=TRUE,"F",""))))) -> C | F89: 100 | G89: bri | H89: 3 | I89: 198 | L89: 45195 | M89: 0.61666667 | U89: =IF(C89="","",IF(OR(L89="",AND(ISNUMBER(U89),C89=U89)),U89,C89)) | V89: =IF(C89="","",IF(OR(M89="",AND(ISNUMBER(V89),C89=V89)),V89,C89))
A90: Stimpee 6_OP | B90: 2210 | C90: 100 | D90: vf-f agg, f-vcrs lse | E90: =IF(ISNUMBER(SEARCH("v crs",D90))=TRUE,"VC",IF(ISNUMBER(SEARCH("crs",D90))=TRUE,"C",IF(ISNUMBER(SEARCH("med",D90))=TRUE,"M",IF(ISNUMBER(SEARCH("vf",D90))=TRUE,"VF",IF(ISNUMBER(SEARCH("f",D90))=TRUE,"F",""))))) -> C | F90: 100 | G90: bri | H90: 3 | I90: 224 | L90: 45195 | M90: 0.63333333 | U90: =IF(C90="","",IF(OR(L90="",AND(ISNUMBER(U90),C90=U90)),U90,C90)) | V90: =IF(C90="","",IF(OR(M90="",AND(ISNUMBER(V90),C90=V90)),V90,C90))
A91: Stimpee 6_OP | B91: 2220 | C91: 100 | D91: vf-dom f agg, f-crs lse | E91: =IF(ISNUMBER(SEARCH("v crs",D91))=TRUE,"VC",IF(ISNUMBER(SEARCH("crs",D91))=TRUE,"C",IF(ISNUMBER(SEARCH("med",D91))=TRUE,"M",IF(ISNUMBER(SEARCH("vf",D91))=TRUE,"VF",IF(ISNUMBER(SEARCH("f",D91))=TRUE,"F",""))))) -> C | F91: 100 | G91: bri | H91: 3 | I91: 186 | K91: rr | L91: 45195 | M91: 0.65555556 | U91: =IF(C91="","",IF(OR(L91="",AND(ISNUMBER(U91),C91=U91)),U91,C91)) | V91: =IF(C91="","",IF(OR(M91="",AND(ISNUMBER(V91),C91=V91)),V91,C91))
A92: Stimpee 6_OP | B92: 2230 | C92: 100 | D92: vf-f,f-vcrs lse | E92: VC | F92: 100 | G92: bri | H92: 3 | I92: 155 | L92: 45195 | M92: 0.67361111 | U92: =IF(C92="","",IF(OR(L92="",AND(ISNUMBER(U92),C92=U92)),U92,C92)) | V92: =IF(C92="","",IF(OR(M92="",AND(ISNUMBER(V92),C92=V92)),V92,C92))
A93: Stimpee 6_OP | B93: 2240 | C93: 100 | D93: vf-vcrs | E93: VC | F93: 100 | G93: bri | H93: 3 | I93: 272 | L93: 45195 | M93: 0.69305556 | U93: =IF(C93="","",IF(OR(L93="",AND(ISNUMBER(U93),C93=U93)),U93,C93)) | V93: =IF(C93="","",IF(OR(M93="",AND(ISNUMBER(V93),C93=V93)),V93,C93))
A94: Stimpee 6_OP | B94: 2250 | C94: 100 | D94: vf-vcrs | E94: VC | F94: 100 | G94: bri | H94: 3 | I94: 249 | L94: 45195 | M94: 0.7125 | U94: =IF(C94="","",IF(OR(L94="",AND(ISNUMBER(U94),C94=U94)),U94,C94)) | V94: =IF(C94="","",IF(OR(M94="",AND(ISNUMBER(V94),C94=V94)),V94,C94))
A95: Stimpee 6_OP | B95: 2260 | C95: 100 | D95: vf-crs | E95: C | F95: 100 | G95: bri | H95: 3 | I95: 246 | L95: 45195 | M95: 0.72916667 | U95: =IF(C95="","",IF(OR(L95="",AND(ISNUMBER(U95),C95=U95)),U95,C95)) | V95: =IF(C95="","",IF(OR(M95="",AND(ISNUMBER(V95),C95=V95)),V95,C95))
A96: Stimpee 6_OP | B96: 2270 | C96: 100 | D96: vf-vcrs | E96: VC | F96: 100 | G96: bri | H96: 3 | I96: 290 | L96: 45195 | M96: 0.74861111 | U96: =IF(C96="","",IF(OR(L96="",AND(ISNUMBER(U96),C96=U96)),U96,C96)) | V96: =IF(C96="","",IF(OR(M96="",AND(ISNUMBER(V96),C96=V96)),V96,C96))
A97: Stimpee 6_OP | B97: 2280 | C97: 100 | D97: vf-crs | E97: C | F97: 100 | G97: bri | H97: 3 | I97: 253 | L97: 45195 | M97: 0.77083333 | U97: =IF(C97="","",IF(OR(L97="",AND(ISNUMBER(U97),C97=U97)),U97,C97)) | V97: =IF(C97="","",IF(OR(M97="",AND(ISNUMBER(V97),C97=V97)),V97,C97))
A98: Stimpee 6_OP | B98: 2290 | C98: 95 | D98: vf-crs | E98: =IF(ISNUMBER(SEARCH("v crs",D98))=TRUE,"VC",IF(ISNUMBER(SEARCH("crs",D98))=TRUE,"C",IF(ISNUMBER(SEARCH("med",D98))=TRUE,"M",IF(ISNUMBER(SEARCH("vf",D98))=TRUE,"VF",IF(ISNUMBER(SEARCH("f",D98))=TRUE,"F",""))))) -> C | F98: 100 | G98: bri | H98: 3 | I98: 300 | L98: 45195 | M98: 0.78888889 | U98: =IF(C98="","",IF(OR(L98="",AND(ISNUMBER(U98),C98=U98)),U98,C98)) | V98: =IF(C98="","",IF(OR(M98="",AND(ISNUMBER(V98),C98=V98)),V98,C98))
A99: Stimpee 6_OP | B99: 2300 | C99: 90 | D99: vf-crs | E99: =IF(ISNUMBER(SEARCH("v crs",D99))=TRUE,"VC",IF(ISNUMBER(SEARCH("crs",D99))=TRUE,"C",IF(ISNUMBER(SEARCH("med",D99))=TRUE,"M",IF(ISNUMBER(SEARCH("vf",D99))=TRUE,"VF",IF(ISNUMBER(SEARCH("f",D99))=TRUE,"F",""))))) -> C | F99: 100 | G99: mod bri | H99: 2 | I99: 303 | L99: 45195 | M99: 0.80416667 | U99: =IF(C99="","",IF(OR(L99="",AND(ISNUMBER(U99),C99=U99)),U99,C99)) | V99: =IF(C99="","",IF(OR(M99="",AND(ISNUMBER(V99),C99=V99)),V99,C99))
A100: Stimpee 6_OP | B100: 2310 | C100: 85 | D100: vf-crs | E100: =IF(ISNUMBER(SEARCH("v crs",D100))=TRUE,"VC",IF(ISNUMBER(SEARCH("crs",D100))=TRUE,"C",IF(ISNUMBER(SEARCH("med",D100))=TRUE,"M",IF(ISNUMBER(SEARCH("vf",D100))=TRUE,"VF",IF(ISNUMBER(SEARCH("f",D100))=TRUE,"F",""))))) -> C | F100: 100 | G100: mod bri-bri | H100: 2.5 | I100: 316 | L100: 45195 | M100: 0.82291667 | U100: =IF(C100="","",IF(OR(L100="",AND(ISNUMBER(U100),C100=U100)),U100,C100)) | V100: =IF(C100="","",IF(OR(M100="",AND(ISNUMBER(V100),C100=V100)),V100,C100))
A101: Stimpee 6_OP | B101: 2320 | C101: 95 | D101: vf-crs | E101: =IF(ISNUMBER(SEARCH("v crs",D101))=TRUE,"VC",IF(ISNUMBER(SEARCH("crs",D101))=TRUE,"C",IF(ISNUMBER(SEARCH("med",D101))=TRUE,"M",IF(ISNUMBER(SEARCH("vf",D101))=TRUE,"VF",IF(ISNUMBER(SEARCH("f",D101))=TRUE,"F",""))))) -> C | F101: 100 | G101: mod bri-bri | H101: 2.5 | I101: 265 | L101: 45195 | M101: 0.84166667 | U101: =IF(C101="","",IF(OR(L101="",AND(ISNUMBER(U101),C101=U101)),U101,C101)) | V101: =IF(C101="","",IF(OR(M101="",AND(ISNUMBER(V101),C101=V101)),V101,C101))
...

Sheet Long Sample Name
A1: Description | B1: Reservoir Description | C1: Show Description
A2: =IF('Input Sheet'!C4="","",CONCATENATE("Sample ", 'Input Sheet'!B4, "m: ", N2, H2, "% ", "Siltstone, ", P2, 'Input Sheet'!C4, "% ", J2, " Sandstone, ", L2, K2, " FLUOR in SST. ", "TG ", 'Input Sheet'!I4, "U")) -> Sample 1545m: Tr siderite in 70% Siltstone, 30% very fine Sandstone, NO FLUOR in SST. TG 4U | B2: =IF('Input Sheet'!C4="","",CONCATENATE("Sample ", 'Input Sheet'!B4, "m: ", O2, I2, "% ", "Siltstone, ", Q2, 'Input Sheet'!C4, "% ", K2, " Sandstone ")) -> Sample 1545m: veryfine% Siltstone, 30% Sandstone | C2: =IF('Input Sheet'!C4="","",CONCATENATE("Sample ", 'Input Sheet'!B4, "m: ", N2,, L2, K2, " FLUOR in SST. ", "TG ", 'Input Sheet'!I4, "U")) -> Sample 1545m: Tr siderite in NO FLUOR in SST. TG 4U | H2: =IF('Input Sheet'!C4="","",100-'Input Sheet'!C4) -> 70 | I2: =SUBSTITUTE(SUBSTITUTE(SUBSTITUTE(SUBSTITUTE(SUBSTITUTE(SUBSTITUTE(SUBSTITUTE(SUBSTITUTE(SUBSTITUTE(SUBSTITUTE(SUBSTITUTE(SUBSTITUTE(SUBSTITUTE(SUBSTITUTE(SUBSTITUTE(SUBSTITUTE(SUBSTITUTE(SUBSTITUTE(SUBSTITUTE(SUBSTITUTE(SUBSTITUTE(SUBSTITUTE(SUBSTITUTE(SUBSTITUTE(SUBSTITUTE(SUBSTITUTE(SUBSTITUTE(SUBSTITUTE(SUBSTITUTE(SUBSTITUTE(SUBSTITUTE('Input Sheet'!D4,$E$3,$F$3),$E$4,$F$4),$E$5,$F$5),$E$6,$F$6),$E$7,$F$7),$E$8,$F$8),$E$9,$F$9),$E$10,$F$10),$E$11,$F$11),$E$12,$F$12),$E$13,$F$13),$E$14,$F$14),$E$15,$F$15),$E$16,$F$16),$E$17,$F$17),$E$18,$F$18),$E$19,$F$19),$E$20,$F$20),$E$21,$F$21),$E$22,$F$22),$E$23,$F$23),$E$24,$F$24),$E$25,$F$25),$E$26,$F$26),$E$27,$F$27),$E$28,$F$28),$E$29,$F$29),$E$30,$F$30),$E$31,$F$31),$E$32,$F$32),$E$33,$F$33) -> veryfine | J2: =SUBSTITUTE(I2, "veryfine", "very fine") -> very fine | K2: =SUBSTITUTE(SUBSTITUTE(SUBSTITUTE(SUBSTITUTE(SUBSTITUTE(SUBSTITUTE(SUBSTITUTE(SUBSTITUTE(SUBSTITUTE(SUBSTITUTE(SUBSTITUTE(SUBSTITUTE(SUBSTITUTE(SUBSTITUTE(SUBSTITUTE(SUBSTITUTE(SUBSTITUTE(SUBSTITUTE(SUBSTITUTE(SUBSTITUTE(SUBSTITUTE(SUBSTITUTE(SUBSTITUTE(SUBSTITUTE(SUBSTITUTE(SUBSTITUTE(SUBSTITUTE(SUBSTITUTE(SUBSTITUTE(SUBSTITUTE(SUBSTITUTE('Input Sheet'!G4,$E$3,$F$3),$E$4,$F$4),$E$5,$F$5),$E$6,$F$6),$E$7,$F$7),$E$8,$F$8),$E$9,$F$9),$E$10,$F$10),$E$11,$F$11),$E$12,$F$12),$E$13,$F$13),$E$14,$F$14),$E$15,$F$15),$E$16,$F$16),$E$17,$F$17),$E$18,$F$18),$E$19,$F$19),$E$20,$F$20),$E$21,$F$21),$E$22,$F$22),$E$23,$F$23),$E$24,$F$24),$E$25,$F$25),$E$26,$F$26),$E$27,$F$27),$E$28,$F$28),$E$29,$F$29),$E$30,$F$30),$E$31,$F$31),$E$32,$F$32),$E$33,$F$33) | L2: =IF('Input Sheet'!F4=0, "NO",CONCATENATE('Input Sheet'!F4, IF('Input Sheet'!F4>0,"% ",""))) -> NO | M2: =SUBSTITUTE(SUBSTITUTE(SUBSTITUTE(SUBSTITUTE(SUBSTITUTE(SUBSTITUTE(SUBSTITUTE(SUBSTITUTE(SUBSTITUTE(SUBSTITUTE(SUBSTITUTE(SUBSTITUTE(SUBSTITUTE(SUBSTITUTE(SUBSTITUTE(SUBSTITUTE(SUBSTITUTE(SUBSTITUTE(SUBSTITUTE(SUBSTITUTE(SUBSTITUTE(SUBSTITUTE(SUBSTITUTE(SUBSTITUTE(SUBSTITUTE(SUBSTITUTE(SUBSTITUTE(SUBSTITUTE(SUBSTITUTE(SUBSTITUTE(SUBSTITUTE('Input Sheet'!J4,$E$3,$F$3),$E$4,$F$4),$E$5,$F$5),$E$6,$F$6),$E$7,$F$7),$E$8,$F$8),$E$9,$F$9),$E$10,$F$10),$E$11,$F$11),$E$12,$F$12),$E$13,$F$13),$E$14,$F$14),$E$15,$F$15),$E$16,$F$16),$E$17,$F$17),$E$18,$F$18),$E$19,$F$19),$E$20,$F$20),$E$21,$F$21),$E$22,$F$22),$E$23,$F$23),$E$24,$F$24),$E$25,$F$25),$E$26,$F$26),$E$27,$F$27),$E$28,$F$28),$E$29,$F$29),$E$30,$F$30),$E$31,$F$31),$E$32,$F$32),$E$33,$F$33) -> Tr | N2: =CONCATENATE(M2, IF('Input Sheet'!J4="",""," siderite in ")) -> Tr siderite in | O2: =SUBSTITUTE(SUBSTITUTE(SUBSTITUTE(SUBSTITUTE(SUBSTITUTE(SUBSTITUTE(SUBSTITUTE(SUBSTITUTE(SUBSTITUTE(SUBSTITUTE(SUBSTITUTE(SUBSTITUTE(SUBSTITUTE(SUBSTITUTE(SUBSTITUTE(SUBSTITUTE(SUBSTITUTE(SUBSTITUTE(SUBSTITUTE(SUBSTITUTE(SUBSTITUTE(SUBSTITUTE(SUBSTITUTE(SUBSTITUTE(SUBSTITUTE(SUBSTITUTE(SUBSTITUTE(SUBSTITUTE(SUBSTITUTE(SUBSTITUTE(SUBSTITUTE('Input Sheet'!K4,$E$3,$F$3),$E$4,$F$4),$E$5,$F$5),$E$6,$F$6),$E$7,$F$7),$E$8,$F$8),$E$9,$F$9),$E$10,$F$10),$E$11,$F$11),$E$12,$F$12),$E$13,$F$13),$E$14,$F$14),$E$15,$F$15),$E$16,$F$16),$E$17,$F$17),$E$18,$F$18),$E$19,$F$19),$E$20,$F$20),$E$21,$F$21),$E$22,$F$22),$E$23,$F$23),$E$24,$F$24),$E$25,$F$25),$E$26,$F$26),$E$27,$F$27),$E$28,$F$28),$E$29,$F$29),$E$30,$F$30),$E$31,$F$31),$E$32,$F$32),$E$33,$F$33) | P2: =CONCATENATE(O2, IF('Input Sheet'!K4="",""," siderite in "))
A3: =IF('Input Sheet'!C5="","",CONCATENATE("Sample ", 'Input Sheet'!B5, "m: ", N3, H3, "% ", "Siltstone, ", P3, 'Input Sheet'!C5, "% ", J3, " Sandstone, ", L3, K3, " FLUOR in SST. ", "TG ", 'Input Sheet'!I5, "U")) -> Sample 1550m: Tr siderite in 80% Siltstone, 20% very fine to fine Sandstone, NO FLUOR in SST. TG 6U | B3: =IF('Input Sheet'!C5="","",CONCATENATE("Sample ", 'Input Sheet'!B5, "m: ", O3, I3, "% ", "Siltstone, ", Q3, 'Input Sheet'!C5, "% ", K3, " Sandstone ")) -> Sample 1550m: veryfine to fine% Siltstone, 20% Sandstone | C3: =IF('Input Sheet'!C5="","",CONCATENATE("Sample ", 'Input Sheet'!B5, "m: ", N3,, L3, K3, " FLUOR in SST. ", "TG ", 'Input Sheet'!I5, "U")) -> Sample 1550m: Tr siderite in NO FLUOR in SST. TG 6U | H3: =IF('Input Sheet'!C5="","",100-'Input Sheet'!C5) -> 80 | I3: =SUBSTITUTE(SUBSTITUTE(SUBSTITUTE(SUBSTITUTE(SUBSTITUTE(SUBSTITUTE(SUBSTITUTE(SUBSTITUTE(SUBSTITUTE(SUBSTITUTE(SUBSTITUTE(SUBSTITUTE(SUBSTITUTE(SUBSTITUTE(SUBSTITUTE(SUBSTITUTE(SUBSTITUTE(SUBSTITUTE(SUBSTITUTE(SUBSTITUTE(SUBSTITUTE(SUBSTITUTE(SUBSTITUTE(SUBSTITUTE(SUBSTITUTE(SUBSTITUTE(SUBSTITUTE(SUBSTITUTE(SUBSTITUTE(SUBSTITUTE(SUBSTITUTE('Input Sheet'!D5,$E$3,$F$3),$E$4,$F$4),$E$5,$F$5),$E$6,$F$6),$E$7,$F$7),$E$8,$F$8),$E$9,$F$9),$E$10,$F$10),$E$11,$F$11),$E$12,$F$12),$E$13,$F$13),$E$14,$F$14),$E$15,$F$15),$E$16,$F$16),$E$17,$F$17),$E$18,$F$18),$E$19,$F$19),$E$20,$F$20),$E$21,$F$21),$E$22,$F$22),$E$23,$F$23),$E$24,$F$24),$E$25,$F$25),$E$26,$F$26),$E$27,$F$27),$E$28,$F$28),$E$29,$F$29),$E$30,$F$30),$E$31,$F$31),$E$32,$F$32),$E$33,$F$33) -> veryfine to fine | J3: =SUBSTITUTE(I3, "veryfine", "very fine") -> very fine to fine | K3: =SUBSTITUTE(SUBSTITUTE(SUBSTITUTE(SUBSTITUTE(SUBSTITUTE(SUBSTITUTE(SUBSTITUTE(SUBSTITUTE(SUBSTITUTE(SUBSTITUTE(SUBSTITUTE(SUBSTITUTE(SUBSTITUTE(SUBSTITUTE(SUBSTITUTE(SUBSTITUTE(SUBSTITUTE(SUBSTITUTE(SUBSTITUTE(SUBSTITUTE(SUBSTITUTE(SUBSTITUTE(SUBSTITUTE(SUBSTITUTE(SUBSTITUTE(SUBSTITUTE(SUBSTITUTE(SUBSTITUTE(SUBSTITUTE(SUBSTITUTE(SUBSTITUTE('Input Sheet'!G5,$E$3,$F$3),$E$4,$F$4),$E$5,$F$5),$E$6,$F$6),$E$7,$F$7),$E$8,$F$8),$E$9,$F$9),$E$10,$F$10),$E$11,$F$11),$E$12,$F$12),$E$13,$F$13),$E$14,$F$14),$E$15,$F$15),$E$16,$F$16),$E$17,$F$17),$E$18,$F$18),$E$19,$F$19),$E$20,$F$20),$E$21,$F$21),$E$22,$F$22),$E$23,$F$23),$E$24,$F$24),$E$25,$F$25),$E$26,$F$26),$E$27,$F$27),$E$28,$F$28),$E$29,$F$29),$E$30,$F$30),$E$31,$F$31),$E$32,$F$32),$E$33,$F$33) | L3: =IF('Input Sheet'!F5=0, "NO",CONCATENATE('Input Sheet'!F5, IF('Input Sheet'!F5>0,"% ",""))) -> NO | M3: =SUBSTITUTE(SUBSTITUTE(SUBSTITUTE(SUBSTITUTE(SUBSTITUTE(SUBSTITUTE(SUBSTITUTE(SUBSTITUTE(SUBSTITUTE(SUBSTITUTE(SUBSTITUTE(SUBSTITUTE(SUBSTITUTE(SUBSTITUTE(SUBSTITUTE(SUBSTITUTE(SUBSTITUTE(SUBSTITUTE(SUBSTITUTE(SUBSTITUTE(SUBSTITUTE(SUBSTITUTE(SUBSTITUTE(SUBSTITUTE(SUBSTITUTE(SUBSTITUTE(SUBSTITUTE(SUBSTITUTE(SUBSTITUTE(SUBSTITUTE(SUBSTITUTE('Input Sheet'!J5,$E$3,$F$3),$E$4,$F$4),$E$5,$F$5),$E$6,$F$6),$E$7,$F$7),$E$8,$F$8),$E$9,$F$9),$E$10,$F$10),$E$11,$F$11),$E$12,$F$12),$E$13,$F$13),$E$14,$F$14),$E$15,$F$15),$E$16,$F$16),$E$17,$F$17),$E$18,$F$18),$E$19,$F$19),$E$20,$F$20),$E$21,$F$21),$E$22,$F$22),$E$23,$F$23),$E$24,$F$24),$E$25,$F$25),$E$26,$F$26),$E$27,$F$27),$E$28,$F$28),$E$29,$F$29),$E$30,$F$30),$E$31,$F$31),$E$32,$F$32),$E$33,$F$33) -> Tr | N3: =CONCATENATE(M3, IF('Input Sheet'!J5="",""," siderite in ")) -> Tr siderite in | O3: =SUBSTITUTE(SUBSTITUTE(SUBSTITUTE(SUBSTITUTE(SUBSTITUTE(SUBSTITUTE(SUBSTITUTE(SUBSTITUTE(SUBSTITUTE(SUBSTITUTE(SUBSTITUTE(SUBSTITUTE(SUBSTITUTE(SUBSTITUTE(SUBSTITUTE(SUBSTITUTE(SUBSTITUTE(SUBSTITUTE(SUBSTITUTE(SUBSTITUTE(SUBSTITUTE(SUBSTITUTE(SUBSTITUTE(SUBSTITUTE(SUBSTITUTE(SUBSTITUTE(SUBSTITUTE(SUBSTITUTE(SUBSTITUTE(SUBSTITUTE(SUBSTITUTE('Input Sheet'!K5,$E$3,$F$3),$E$4,$F$4),$E$5,$F$5),$E$6,$F$6),$E$7,$F$7),$E$8,$F$8),$E$9,$F$9),$E$10,$F$10),$E$11,$F$11),$E$12,$F$12),$E$13,$F$13),$E$14,$F$14),$E$15,$F$15),$E$16,$F$16),$E$17,$F$17),$E$18,$F$18),$E$19,$F$19),$E$20,$F$20),$E$21,$F$21),$E$22,$F$22),$E$23,$F$23),$E$24,$F$24),$E$25,$F$25),$E$26,$F$26),$E$27,$F$27),$E$28,$F$28),$E$29,$F$29),$E$30,$F$30),$E$31,$F$31),$E$32,$F$32),$E$33,$F$33) | P3: =CONCATENATE(O3, IF('Input Sheet'!K5="",""," siderite in "))
A4: =IF('Input Sheet'!C6="","",CONCATENATE("Sample ", 'Input Sheet'!B6, "m: ", N4, H4, "% ", "Siltstone, ", P4, 'Input Sheet'!C6, "% ", J4, " Sandstone, ", L4, K4, " FLUOR in SST. ", "TG ", 'Input Sheet'!I6, "U")) -> Sample 1555m: Tr siderite in 80% Siltstone, 20% very fine to fine Sandstone, NO FLUOR in SST. TG 5U | B4: =IF('Input Sheet'!C6="","",CONCATENATE("Sample ", 'Input Sheet'!B6, "m: ", O4, I4, "% ", "Siltstone, ", Q4, 'Input Sheet'!C6, "% ", K4, " Sandstone ")) -> Sample 1555m: veryfine to fine% Siltstone, 20% Sandstone | C4: =IF('Input Sheet'!C6="","",CONCATENATE("Sample ", 'Input Sheet'!B6, "m: ", N4,, L4, K4, " FLUOR in SST. ", "TG ", 'Input Sheet'!I6, "U")) -> Sample 1555m: Tr siderite in NO FLUOR in SST. TG 5U | E4: f | F4: fine | H4: =IF('Input Sheet'!C6="","",100-'Input Sheet'!C6) -> 80 | I4: =SUBSTITUTE(SUBSTITUTE(SUBSTITUTE(SUBSTITUTE(SUBSTITUTE(SUBSTITUTE(SUBSTITUTE(SUBSTITUTE(SUBSTITUTE(SUBSTITUTE(SUBSTITUTE(SUBSTITUTE(SUBSTITUTE(SUBSTITUTE(SUBSTITUTE(SUBSTITUTE(SUBSTITUTE(SUBSTITUTE(SUBSTITUTE(SUBSTITUTE(SUBSTITUTE(SUBSTITUTE(SUBSTITUTE(SUBSTITUTE(SUBSTITUTE(SUBSTITUTE(SUBSTITUTE(SUBSTITUTE(SUBSTITUTE(SUBSTITUTE(SUBSTITUTE('Input Sheet'!D6,$E$3,$F$3),$E$4,$F$4),$E$5,$F$5),$E$6,$F$6),$E$7,$F$7),$E$8,$F$8),$E$9,$F$9),$E$10,$F$10),$E$11,$F$11),$E$12,$F$12),$E$13,$F$13),$E$14,$F$14),$E$15,$F$15),$E$16,$F$16),$E$17,$F$17),$E$18,$F$18),$E$19,$F$19),$E$20,$F$20),$E$21,$F$21),$E$22,$F$22),$E$23,$F$23),$E$24,$F$24),$E$25,$F$25),$E$26,$F$26),$E$27,$F$27),$E$28,$F$28),$E$29,$F$29),$E$30,$F$30),$E$31,$F$31),$E$32,$F$32),$E$33,$F$33) -> veryfine to fine | J4: =SUBSTITUTE(I4, "veryfine", "very fine") -> very fine to fine | K4: =SUBSTITUTE(SUBSTITUTE(SUBSTITUTE(SUBSTITUTE(SUBSTITUTE(SUBSTITUTE(SUBSTITUTE(SUBSTITUTE(SUBSTITUTE(SUBSTITUTE(SUBSTITUTE(SUBSTITUTE(SUBSTITUTE(SUBSTITUTE(SUBSTITUTE(SUBSTITUTE(SUBSTITUTE(SUBSTITUTE(SUBSTITUTE(SUBSTITUTE(SUBSTITUTE(SUBSTITUTE(SUBSTITUTE(SUBSTITUTE(SUBSTITUTE(SUBSTITUTE(SUBSTITUTE(SUBSTITUTE(SUBSTITUTE(SUBSTITUTE(SUBSTITUTE('Input Sheet'!G6,$E$3,$F$3),$E$4,$F$4),$E$5,$F$5),$E$6,$F$6),$E$7,$F$7),$E$8,$F$8),$E$9,$F$9),$E$10,$F$10),$E$11,$F$11),$E$12,$F$12),$E$13,$F$13),$E$14,$F$14),$E$15,$F$15),$E$16,$F$16),$E$17,$F$17),$E$18,$F$18),$E$19,$F$19),$E$20,$F$20),$E$21,$F$21),$E$22,$F$22),$E$23,$F$23),$E$24,$F$24),$E$25,$F$25),$E$26,$F$26),$E$27,$F$27),$E$28,$F$28),$E$29,$F$29),$E$30,$F$30),$E$31,$F$31),$E$32,$F$32),$E$33,$F$33) | L4: =IF('Input Sheet'!F6=0, "NO",CONCATENATE('Input Sheet'!F6, IF('Input Sheet'!F6>0,"% ",""))) -> NO | M4: =SUBSTITUTE(SUBSTITUTE(SUBSTITUTE(SUBSTITUTE(SUBSTITUTE(SUBSTITUTE(SUBSTITUTE(SUBSTITUTE(SUBSTITUTE(SUBSTITUTE(SUBSTITUTE(SUBSTITUTE(SUBSTITUTE(SUBSTITUTE(SUBSTITUTE(SUBSTITUTE(SUBSTITUTE(SUBSTITUTE(SUBSTITUTE(SUBSTITUTE(SUBSTITUTE(SUBSTITUTE(SUBSTITUTE(SUBSTITUTE(SUBSTITUTE(SUBSTITUTE(SUBSTITUTE(SUBSTITUTE(SUBSTITUTE(SUBSTITUTE(SUBSTITUTE('Input Sheet'!J6,$E$3,$F$3),$E$4,$F$4),$E$5,$F$5),$E$6,$F$6),$E$7,$F$7),$E$8,$F$8),$E$9,$F$9),$E$10,$F$10),$E$11,$F$11),$E$12,$F$12),$E$13,$F$13),$E$14,$F$14),$E$15,$F$15),$E$16,$F$16),$E$17,$F$17),$E$18,$F$18),$E$19,$F$19),$E$20,$F$20),$E$21,$F$21),$E$22,$F$22),$E$23,$F$23),$E$24,$F$24),$E$25,$F$25),$E$26,$F$26),$E$27,$F$27),$E$28,$F$28),$E$29,$F$29),$E$30,$F$30),$E$31,$F$31),$E$32,$F$32),$E$33,$F$33) -> Tr | N4: =CONCATENATE(M4, IF('Input Sheet'!J6="",""," siderite in ")) -> Tr siderite in | O4: =SUBSTITUTE(SUBSTITUTE(SUBSTITUTE(SUBSTITUTE(SUBSTITUTE(SUBSTITUTE(SUBSTITUTE(SUBSTITUTE(SUBSTITUTE(SUBSTITUTE(SUBSTITUTE(SUBSTITUTE(SUBSTITUTE(SUBSTITUTE(SUBSTITUTE(SUBSTITUTE(SUBSTITUTE(SUBSTITUTE(SUBSTITUTE(SUBSTITUTE(SUBSTITUTE(SUBSTITUTE(SUBSTITUTE(SUBSTITUTE(SUBSTITUTE(SUBSTITUTE(SUBSTITUTE(SUBSTITUTE(SUBSTITUTE(SUBSTITUTE(SUBSTITUTE('Input Sheet'!K6,$E$3,$F$3),$E$4,$F$4),$E$5,$F$5),$E$6,$F$6),$E$7,$F$7),$E$8,$F$8),$E$9,$F$9),$E$10,$F$10),$E$11,$F$11),$E$12,$F$12),$E$13,$F$13),$E$14,$F$14),$E$15,$F$15),$E$16,$F$16),$E$17,$F$17),$E$18,$F$18),$E$19,$F$19),$E$20,$F$20),$E$21,$F$21),$E$22,$F$22),$E$23,$F$23),$E$24,$F$24),$E$25,$F$25),$E$26,$F$26),$E$27,$F$27),$E$28,$F$28),$E$29,$F$29),$E$30,$F$30),$E$31,$F$31),$E$32,$F$32),$E$33,$F$33) | P4: =CONCATENATE(O4, IF('Input Sheet'!K6="",""," siderite in "))
A5: =IF('Input Sheet'!C7="","",CONCATENATE("Sample ", 'Input Sheet'!B7, "m: ", N5, H5, "% ", "Siltstone, ", P5, 'Input Sheet'!C7, "% ", J5, " Sandstone, ", L5, K5, " FLUOR in SST. ", "TG ", 'Input Sheet'!I7, "U")) -> Sample 1560m: Tr siderite in 70% Siltstone, 30% very fine to fine Sandstone, NO FLUOR in SST. TG 6U | B5: =IF('Input Sheet'!C7="","",CONCATENATE("Sample ", 'Input Sheet'!B7, "m: ", O5, I5, "% ", "Siltstone, ", Q5, 'Input Sheet'!C7, "% ", K5, " Sandstone ")) -> Sample 1560m: veryfine to fine% Siltstone, 30% Sandstone | C5: =IF('Input Sheet'!C7="","",CONCATENATE("Sample ", 'Input Sheet'!B7, "m: ", N5,, L5, K5, " FLUOR in SST. ", "TG ", 'Input Sheet'!I7, "U")) -> Sample 1560m: Tr siderite in NO FLUOR in SST. TG 6U | E5: med | F5: medium | H5: =IF('Input Sheet'!C7="","",100-'Input Sheet'!C7) -> 70 | I5: =SUBSTITUTE(SUBSTITUTE(SUBSTITUTE(SUBSTITUTE(SUBSTITUTE(SUBSTITUTE(SUBSTITUTE(SUBSTITUTE(SUBSTITUTE(SUBSTITUTE(SUBSTITUTE(SUBSTITUTE(SUBSTITUTE(SUBSTITUTE(SUBSTITUTE(SUBSTITUTE(SUBSTITUTE(SUBSTITUTE(SUBSTITUTE(SUBSTITUTE(SUBSTITUTE(SUBSTITUTE(SUBSTITUTE(SUBSTITUTE(SUBSTITUTE(SUBSTITUTE(SUBSTITUTE(SUBSTITUTE(SUBSTITUTE(SUBSTITUTE(SUBSTITUTE('Input Sheet'!D7,$E$3,$F$3),$E$4,$F$4),$E$5,$F$5),$E$6,$F$6),$E$7,$F$7),$E$8,$F$8),$E$9,$F$9),$E$10,$F$10),$E$11,$F$11),$E$12,$F$12),$E$13,$F$13),$E$14,$F$14),$E$15,$F$15),$E$16,$F$16),$E$17,$F$17),$E$18,$F$18),$E$19,$F$19),$E$20,$F$20),$E$21,$F$21),$E$22,$F$22),$E$23,$F$23),$E$24,$F$24),$E$25,$F$25),$E$26,$F$26),$E$27,$F$27),$E$28,$F$28),$E$29,$F$29),$E$30,$F$30),$E$31,$F$31),$E$32,$F$32),$E$33,$F$33) -> veryfine to fine | J5: =SUBSTITUTE(I5, "veryfine", "very fine") -> very fine to fine | K5: =SUBSTITUTE(SUBSTITUTE(SUBSTITUTE(SUBSTITUTE(SUBSTITUTE(SUBSTITUTE(SUBSTITUTE(SUBSTITUTE(SUBSTITUTE(SUBSTITUTE(SUBSTITUTE(SUBSTITUTE(SUBSTITUTE(SUBSTITUTE(SUBSTITUTE(SUBSTITUTE(SUBSTITUTE(SUBSTITUTE(SUBSTITUTE(SUBSTITUTE(SUBSTITUTE(SUBSTITUTE(SUBSTITUTE(SUBSTITUTE(SUBSTITUTE(SUBSTITUTE(SUBSTITUTE(SUBSTITUTE(SUBSTITUTE(SUBSTITUTE(SUBSTITUTE('Input Sheet'!G7,$E$3,$F$3),$E$4,$F$4),$E$5,$F$5),$E$6,$F$6),$E$7,$F$7),$E$8,$F$8),$E$9,$F$9),$E$10,$F$10),$E$11,$F$11),$E$12,$F$12),$E$13,$F$13),$E$14,$F$14),$E$15,$F$15),$E$16,$F$16),$E$17,$F$17),$E$18,$F$18),$E$19,$F$19),$E$20,$F$20),$E$21,$F$21),$E$22,$F$22),$E$23,$F$23),$E$24,$F$24),$E$25,$F$25),$E$26,$F$26),$E$27,$F$27),$E$28,$F$28),$E$29,$F$29),$E$30,$F$30),$E$31,$F$31),$E$32,$F$32),$E$33,$F$33) | L5: =IF('Input Sheet'!F7=0, "NO",CONCATENATE('Input Sheet'!F7, IF('Input Sheet'!F7>0,"% ",""))) -> NO | M5: =SUBSTITUTE(SUBSTITUTE(SUBSTITUTE(SUBSTITUTE(SUBSTITUTE(SUBSTITUTE(SUBSTITUTE(SUBSTITUTE(SUBSTITUTE(SUBSTITUTE(SUBSTITUTE(SUBSTITUTE(SUBSTITUTE(SUBSTITUTE(SUBSTITUTE(SUBSTITUTE(SUBSTITUTE(SUBSTITUTE(SUBSTITUTE(SUBSTITUTE(SUBSTITUTE(SUBSTITUTE(SUBSTITUTE(SUBSTITUTE(SUBSTITUTE(SUBSTITUTE(SUBSTITUTE(SUBSTITUTE(SUBSTITUTE(SUBSTITUTE(SUBSTITUTE('Input Sheet'!J7,$E$3,$F$3),$E$4,$F$4),$E$5,$F$5),$E$6,$F$6),$E$7,$F$7),$E$8,$F$8),$E$9,$F$9),$E$10,$F$10),$E$11,$F$11),$E$12,$F$12),$E$13,$F$13),$E$14,$F$14),$E$15,$F$15),$E$16,$F$16),$E$17,$F$17),$E$18,$F$18),$E$19,$F$19),$E$20,$F$20),$E$21,$F$21),$E$22,$F$22),$E$23,$F$23),$E$24,$F$24),$E$25,$F$25),$E$26,$F$26),$E$27,$F$27),$E$28,$F$28),$E$29,$F$29),$E$30,$F$30),$E$31,$F$31),$E$32,$F$32),$E$33,$F$33) -> Tr | N5: =CONCATENATE(M5, IF('Input Sheet'!J7="",""," siderite in ")) -> Tr siderite in | O5: =SUBSTITUTE(SUBSTITUTE(SUBSTITUTE(SUBSTITUTE(SUBSTITUTE(SUBSTITUTE(SUBSTITUTE(SUBSTITUTE(SUBSTITUTE(SUBSTITUTE(SUBSTITUTE(SUBSTITUTE(SUBSTITUTE(SUBSTITUTE(SUBSTITUTE(SUBSTITUTE(SUBSTITUTE(SUBSTITUTE(SUBSTITUTE(SUBSTITUTE(SUBSTITUTE(SUBSTITUTE(SUBSTITUTE(SUBSTITUTE(SUBSTITUTE(SUBSTITUTE(SUBSTITUTE(SUBSTITUTE(SUBSTITUTE(SUBSTITUTE(SUBSTITUTE('Input Sheet'!K7,$E$3,$F$3),$E$4,$F$4),$E$5,$F$5),$E$6,$F$6),$E$7,$F$7),$E$8,$F$8),$E$9,$F$9),$E$10,$F$10),$E$11,$F$11),$E$12,$F$12),$E$13,$F$13),$E$14,$F$14),$E$15,$F$15),$E$16,$F$16),$E$17,$F$17),$E$18,$F$18),$E$19,$F$19),$E$20,$F$20),$E$21,$F$21),$E$22,$F$22),$E$23,$F$23),$E$24,$F$24),$E$25,$F$25),$E$26,$F$26),$E$27,$F$27),$E$28,$F$28),$E$29,$F$29),$E$30,$F$30),$E$31,$F$31),$E$32,$F$32),$E$33,$F$33) | P5: =CONCATENATE(O5, IF('Input Sheet'!K7="",""," siderite in "))
A6: =IF('Input Sheet'!C8="","",CONCATENATE("Sample ", 'Input Sheet'!B8, "m: ", N6, H6, "% ", "Siltstone, ", P6, 'Input Sheet'!C8, "% ", J6, " Sandstone, ", L6, K6, " FLUOR in SST. ", "TG ", 'Input Sheet'!I8, "U")) -> Sample 1565m: Tr siderite in 80% Siltstone, 20% very fine to fine Sandstone, NO FLUOR in SST. TG 7U | B6: =IF('Input Sheet'!C8="","",CONCATENATE("Sample ", 'Input Sheet'!B8, "m: ", O6, I6, "% ", "Siltstone, ", Q6, 'Input Sheet'!C8, "% ", K6, " Sandstone ")) -> Sample 1565m: veryfine to fine% Siltstone, 20% Sandstone | C6: =IF('Input Sheet'!C8="","",CONCATENATE("Sample ", 'Input Sheet'!B8, "m: ", N6,, L6, K6, " FLUOR in SST. ", "TG ", 'Input Sheet'!I8, "U")) -> Sample 1565m: Tr siderite in NO FLUOR in SST. TG 7U | E6: crs | F6: coarse | H6: =IF('Input Sheet'!C8="","",100-'Input Sheet'!C8) -> 80 | I6: =SUBSTITUTE(SUBSTITUTE(SUBSTITUTE(SUBSTITUTE(SUBSTITUTE(SUBSTITUTE(SUBSTITUTE(SUBSTITUTE(SUBSTITUTE(SUBSTITUTE(SUBSTITUTE(SUBSTITUTE(SUBSTITUTE(SUBSTITUTE(SUBSTITUTE(SUBSTITUTE(SUBSTITUTE(SUBSTITUTE(SUBSTITUTE(SUBSTITUTE(SUBSTITUTE(SUBSTITUTE(SUBSTITUTE(SUBSTITUTE(SUBSTITUTE(SUBSTITUTE(SUBSTITUTE(SUBSTITUTE(SUBSTITUTE(SUBSTITUTE(SUBSTITUTE('Input Sheet'!D8,$E$3,$F$3),$E$4,$F$4),$E$5,$F$5),$E$6,$F$6),$E$7,$F$7),$E$8,$F$8),$E$9,$F$9),$E$10,$F$10),$E$11,$F$11),$E$12,$F$12),$E$13,$F$13),$E$14,$F$14),$E$15,$F$15),$E$16,$F$16),$E$17,$F$17),$E$18,$F$18),$E$19,$F$19),$E$20,$F$20),$E$21,$F$21),$E$22,$F$22),$E$23,$F$23),$E$24,$F$24),$E$25,$F$25),$E$26,$F$26),$E$27,$F$27),$E$28,$F$28),$E$29,$F$29),$E$30,$F$30),$E$31,$F$31),$E$32,$F$32),$E$33,$F$33) -> veryfine to fine | J6: =SUBSTITUTE(I6, "veryfine", "very fine") -> very fine to fine | K6: =SUBSTITUTE(SUBSTITUTE(SUBSTITUTE(SUBSTITUTE(SUBSTITUTE(SUBSTITUTE(SUBSTITUTE(SUBSTITUTE(SUBSTITUTE(SUBSTITUTE(SUBSTITUTE(SUBSTITUTE(SUBSTITUTE(SUBSTITUTE(SUBSTITUTE(SUBSTITUTE(SUBSTITUTE(SUBSTITUTE(SUBSTITUTE(SUBSTITUTE(SUBSTITUTE(SUBSTITUTE(SUBSTITUTE(SUBSTITUTE(SUBSTITUTE(SUBSTITUTE(SUBSTITUTE(SUBSTITUTE(SUBSTITUTE(SUBSTITUTE(SUBSTITUTE('Input Sheet'!G8,$E$3,$F$3),$E$4,$F$4),$E$5,$F$5),$E$6,$F$6),$E$7,$F$7),$E$8,$F$8),$E$9,$F$9),$E$10,$F$10),$E$11,$F$11),$E$12,$F$12),$E$13,$F$13),$E$14,$F$14),$E$15,$F$15),$E$16,$F$16),$E$17,$F$17),$E$18,$F$18),$E$19,$F$19),$E$20,$F$20),$E$21,$F$21),$E$22,$F$22),$E$23,$F$23),$E$24,$F$24),$E$25,$F$25),$E$26,$F$26),$E$27,$F$27),$E$28,$F$28),$E$29,$F$29),$E$30,$F$30),$E$31,$F$31),$E$32,$F$32),$E$33,$F$33) | L6: =IF('Input Sheet'!F8=0, "NO",CONCATENATE('Input Sheet'!F8, IF('Input Sheet'!F8>0,"% ",""))) -> NO | M6: =SUBSTITUTE(SUBSTITUTE(SUBSTITUTE(SUBSTITUTE(SUBSTITUTE(SUBSTITUTE(SUBSTITUTE(SUBSTITUTE(SUBSTITUTE(SUBSTITUTE(SUBSTITUTE(SUBSTITUTE(SUBSTITUTE(SUBSTITUTE(SUBSTITUTE(SUBSTITUTE(SUBSTITUTE(SUBSTITUTE(SUBSTITUTE(SUBSTITUTE(SUBSTITUTE(SUBSTITUTE(SUBSTITUTE(SUBSTITUTE(SUBSTITUTE(SUBSTITUTE(SUBSTITUTE(SUBSTITUTE(SUBSTITUTE(SUBSTITUTE(SUBSTITUTE('Input Sheet'!J8,$E$3,$F$3),$E$4,$F$4),$E$5,$F$5),$E$6,$F$6),$E$7,$F$7),$E$8,$F$8),$E$9,$F$9),$E$10,$F$10),$E$11,$F$11),$E$12,$F$12),$E$13,$F$13),$E$14,$F$14),$E$15,$F$15),$E$16,$F$16),$E$17,$F$17),$E$18,$F$18),$E$19,$F$19),$E$20,$F$20),$E$21,$F$21),$E$22,$F$22),$E$23,$F$23),$E$24,$F$24),$E$25,$F$25),$E$26,$F$26),$E$27,$F$27),$E$28,$F$28),$E$29,$F$29),$E$30,$F$30),$E$31,$F$31),$E$32,$F$32),$E$33,$F$33) -> Tr | N6: =CONCATENATE(M6, IF('Input Sheet'!J8="",""," siderite in ")) -> Tr siderite in | O6: =SUBSTITUTE(SUBSTITUTE(SUBSTITUTE(SUBSTITUTE(SUBSTITUTE(SUBSTITUTE(SUBSTITUTE(SUBSTITUTE(SUBSTITUTE(SUBSTITUTE(SUBSTITUTE(SUBSTITUTE(SUBSTITUTE(SUBSTITUTE(SUBSTITUTE(SUBSTITUTE(SUBSTITUTE(SUBSTITUTE(SUBSTITUTE(SUBSTITUTE(SUBSTITUTE(SUBSTITUTE(SUBSTITUTE(SUBSTITUTE(SUBSTITUTE(SUBSTITUTE(SUBSTITUTE(SUBSTITUTE(SUBSTITUTE(SUBSTITUTE(SUBSTITUTE('Input Sheet'!K8,$E$3,$F$3),$E$4,$F$4),$E$5,$F$5),$E$6,$F$6),$E$7,$F$7),$E$8,$F$8),$E$9,$F$9),$E$10,$F$10),$E$11,$F$11),$E$12,$F$12),$E$13,$F$13),$E$14,$F$14),$E$15,$F$15),$E$16,$F$16),$E$17,$F$17),$E$18,$F$18),$E$19,$F$19),$E$20,$F$20),$E$21,$F$21),$E$22,$F$22),$E$23,$F$23),$E$24,$F$24),$E$25,$F$25),$E$26,$F$26),$E$27,$F$27),$E$28,$F$28),$E$29,$F$29),$E$30,$F$30),$E$31,$F$31),$E$32,$F$32),$E$33,$F$33) | P6: =CONCATENATE(O6, IF('Input Sheet'!K8="",""," siderite in "))
A7: =IF('Input Sheet'!C9="","",CONCATENATE("Sample ", 'Input Sheet'!B9, "m: ", N7, H7, "% ", "Siltstone, ", P7, 'Input Sheet'!C9, "% ", J7, " Sandstone, ", L7, K7, " FLUOR in SST. ", "TG ", 'Input Sheet'!I9, "U")) -> Sample 1570m: Tr siderite in 70% Siltstone, 30% very fine to fine Sandstone, NO FLUOR in SST. TG 6U | B7: =IF('Input Sheet'!C9="","",CONCATENATE("Sample ", 'Input Sheet'!B9, "m: ", O7, I7, "% ", "Siltstone, ", Q7, 'Input Sheet'!C9, "% ", K7, " Sandstone ")) -> Sample 1570m: veryfine to fine% Siltstone, 30% Sandstone | C7: =IF('Input Sheet'!C9="","",CONCATENATE("Sample ", 'Input Sheet'!B9, "m: ", N7,, L7, K7, " FLUOR in SST. ", "TG ", 'Input Sheet'!I9, "U")) -> Sample 1570m: Tr siderite in NO FLUOR in SST. TG 6U | E7: v | F7: very | H7: =IF('Input Sheet'!C9="","",100-'Input Sheet'!C9) -> 70 | I7: =SUBSTITUTE(SUBSTITUTE(SUBSTITUTE(SUBSTITUTE(SUBSTITUTE(SUBSTITUTE(SUBSTITUTE(SUBSTITUTE(SUBSTITUTE(SUBSTITUTE(SUBSTITUTE(SUBSTITUTE(SUBSTITUTE(SUBSTITUTE(SUBSTITUTE(SUBSTITUTE(SUBSTITUTE(SUBSTITUTE(SUBSTITUTE(SUBSTITUTE(SUBSTITUTE(SUBSTITUTE(SUBSTITUTE(SUBSTITUTE(SUBSTITUTE(SUBSTITUTE(SUBSTITUTE(SUBSTITUTE(SUBSTITUTE(SUBSTITUTE(SUBSTITUTE('Input Sheet'!D9,$E$3,$F$3),$E$4,$F$4),$E$5,$F$5),$E$6,$F$6),$E$7,$F$7),$E$8,$F$8),$E$9,$F$9),$E$10,$F$10),$E$11,$F$11),$E$12,$F$12),$E$13,$F$13),$E$14,$F$14),$E$15,$F$15),$E$16,$F$16),$E$17,$F$17),$E$18,$F$18),$E$19,$F$19),$E$20,$F$20),$E$21,$F$21),$E$22,$F$22),$E$23,$F$23),$E$24,$F$24),$E$25,$F$25),$E$26,$F$26),$E$27,$F$27),$E$28,$F$28),$E$29,$F$29),$E$30,$F$30),$E$31,$F$31),$E$32,$F$32),$E$33,$F$33) -> veryfine to fine | J7: =SUBSTITUTE(I7, "veryfine", "very fine") -> very fine to fine | K7: =SUBSTITUTE(SUBSTITUTE(SUBSTITUTE(SUBSTITUTE(SUBSTITUTE(SUBSTITUTE(SUBSTITUTE(SUBSTITUTE(SUBSTITUTE(SUBSTITUTE(SUBSTITUTE(SUBSTITUTE(SUBSTITUTE(SUBSTITUTE(SUBSTITUTE(SUBSTITUTE(SUBSTITUTE(SUBSTITUTE(SUBSTITUTE(SUBSTITUTE(SUBSTITUTE(SUBSTITUTE(SUBSTITUTE(SUBSTITUTE(SUBSTITUTE(SUBSTITUTE(SUBSTITUTE(SUBSTITUTE(SUBSTITUTE(SUBSTITUTE(SUBSTITUTE('Input Sheet'!G9,$E$3,$F$3),$E$4,$F$4),$E$5,$F$5),$E$6,$F$6),$E$7,$F$7),$E$8,$F$8),$E$9,$F$9),$E$10,$F$10),$E$11,$F$11),$E$12,$F$12),$E$13,$F$13),$E$14,$F$14),$E$15,$F$15),$E$16,$F$16),$E$17,$F$17),$E$18,$F$18),$E$19,$F$19),$E$20,$F$20),$E$21,$F$21),$E$22,$F$22),$E$23,$F$23),$E$24,$F$24),$E$25,$F$25),$E$26,$F$26),$E$27,$F$27),$E$28,$F$28),$E$29,$F$29),$E$30,$F$30),$E$31,$F$31),$E$32,$F$32),$E$33,$F$33) | L7: =IF('Input Sheet'!F9=0, "NO",CONCATENATE('Input Sheet'!F9, IF('Input Sheet'!F9>0,"% ",""))) -> NO | M7: =SUBSTITUTE(SUBSTITUTE(SUBSTITUTE(SUBSTITUTE(SUBSTITUTE(SUBSTITUTE(SUBSTITUTE(SUBSTITUTE(SUBSTITUTE(SUBSTITUTE(SUBSTITUTE(SUBSTITUTE(SUBSTITUTE(SUBSTITUTE(SUBSTITUTE(SUBSTITUTE(SUBSTITUTE(SUBSTITUTE(SUBSTITUTE(SUBSTITUTE(SUBSTITUTE(SUBSTITUTE(SUBSTITUTE(SUBSTITUTE(SUBSTITUTE(SUBSTITUTE(SUBSTITUTE(SUBSTITUTE(SUBSTITUTE(SUBSTITUTE(SUBSTITUTE('Input Sheet'!J9,$E$3,$F$3),$E$4,$F$4),$E$5,$F$5),$E$6,$F$6),$E$7,$F$7),$E$8,$F$8),$E$9,$F$9),$E$10,$F$10),$E$11,$F$11),$E$12,$F$12),$E$13,$F$13),$E$14,$F$14),$E$15,$F$15),$E$16,$F$16),$E$17,$F$17),$E$18,$F$18),$E$19,$F$19),$E$20,$F$20),$E$21,$F$21),$E$22,$F$22),$E$23,$F$23),$E$24,$F$24),$E$25,$F$25),$E$26,$F$26),$E$27,$F$27),$E$28,$F$28),$E$29,$F$29),$E$30,$F$30),$E$31,$F$31),$E$32,$F$32),$E$33,$F$33) -> Tr | N7: =CONCATENATE(M7, IF('Input Sheet'!J9="",""," siderite in ")) -> Tr siderite in | O7: =SUBSTITUTE(SUBSTITUTE(SUBSTITUTE(SUBSTITUTE(SUBSTITUTE(SUBSTITUTE(SUBSTITUTE(SUBSTITUTE(SUBSTITUTE(SUBSTITUTE(SUBSTITUTE(SUBSTITUTE(SUBSTITUTE(SUBSTITUTE(SUBSTITUTE(SUBSTITUTE(SUBSTITUTE(SUBSTITUTE(SUBSTITUTE(SUBSTITUTE(SUBSTITUTE(SUBSTITUTE(SUBSTITUTE(SUBSTITUTE(SUBSTITUTE(SUBSTITUTE(SUBSTITUTE(SUBSTITUTE(SUBSTITUTE(SUBSTITUTE(SUBSTITUTE('Input Sheet'!K9,$E$3,$F$3),$E$4,$F$4),$E$5,$F$5),$E$6,$F$6),$E$7,$F$7),$E$8,$F$8),$E$9,$F$9),$E$10,$F$10),$E$11,$F$11),$E$12,$F$12),$E$13,$F$13),$E$14,$F$14),$E$15,$F$15),$E$16,$F$16),$E$17,$F$17),$E$18,$F$18),$E$19,$F$19),$E$20,$F$20),$E$21,$F$21),$E$22,$F$22),$E$23,$F$23),$E$24,$F$24),$E$25,$F$25),$E$26,$F$26),$E$27,$F$27),$E$28,$F$28),$E$29,$F$29),$E$30,$F$30),$E$31,$F$31),$E$32,$F$32),$E$33,$F$33) | P7: =CONCATENATE(O7, IF('Input Sheet'!K9="",""," siderite in "))
A8: =IF('Input Sheet'!C10="","",CONCATENATE("Sample ", 'Input Sheet'!B10, "m: ", N8, H8, "% ", "Siltstone, ", P8, 'Input Sheet'!C10, "% ", J8, " Sandstone, ", L8, K8, " FLUOR in SST. ", "TG ", 'Input Sheet'!I10, "U")) -> Sample 1575m: Tr siderite in 75% Siltstone, 25% very fine to fine Sandstone, NO FLUOR in SST. TG 7U | B8: =IF('Input Sheet'!C10="","",CONCATENATE("Sample ", 'Input Sheet'!B10, "m: ", O8, I8, "% ", "Siltstone, ", Q8, 'Input Sheet'!C10, "% ", K8, " Sandstone ")) -> Sample 1575m: veryfine to fine% Siltstone, 25% Sandstone | C8: =IF('Input Sheet'!C10="","",CONCATENATE("Sample ", 'Input Sheet'!B10, "m: ", N8,, L8, K8, " FLUOR in SST. ", "TG ", 'Input Sheet'!I10, "U")) -> Sample 1575m: Tr siderite in NO FLUOR in SST. TG 7U | E8: - | F8: to | H8: =IF('Input Sheet'!C10="","",100-'Input Sheet'!C10) -> 75 | I8: =SUBSTITUTE(SUBSTITUTE(SUBSTITUTE(SUBSTITUTE(SUBSTITUTE(SUBSTITUTE(SUBSTITUTE(SUBSTITUTE(SUBSTITUTE(SUBSTITUTE(SUBSTITUTE(SUBSTITUTE(SUBSTITUTE(SUBSTITUTE(SUBSTITUTE(SUBSTITUTE(SUBSTITUTE(SUBSTITUTE(SUBSTITUTE(SUBSTITUTE(SUBSTITUTE(SUBSTITUTE(SUBSTITUTE(SUBSTITUTE(SUBSTITUTE(SUBSTITUTE(SUBSTITUTE(SUBSTITUTE(SUBSTITUTE(SUBSTITUTE(SUBSTITUTE('Input Sheet'!D10,$E$3,$F$3),$E$4,$F$4),$E$5,$F$5),$E$6,$F$6),$E$7,$F$7),$E$8,$F$8),$E$9,$F$9),$E$10,$F$10),$E$11,$F$11),$E$12,$F$12),$E$13,$F$13),$E$14,$F$14),$E$15,$F$15),$E$16,$F$16),$E$17,$F$17),$E$18,$F$18),$E$19,$F$19),$E$20,$F$20),$E$21,$F$21),$E$22,$F$22),$E$23,$F$23),$E$24,$F$24),$E$25,$F$25),$E$26,$F$26),$E$27,$F$27),$E$28,$F$28),$E$29,$F$29),$E$30,$F$30),$E$31,$F$31),$E$32,$F$32),$E$33,$F$33) -> veryfine to fine | J8: =SUBSTITUTE(I8, "veryfine", "very fine") -> very fine to fine | K8: =SUBSTITUTE(SUBSTITUTE(SUBSTITUTE(SUBSTITUTE(SUBSTITUTE(SUBSTITUTE(SUBSTITUTE(SUBSTITUTE(SUBSTITUTE(SUBSTITUTE(SUBSTITUTE(SUBSTITUTE(SUBSTITUTE(SUBSTITUTE(SUBSTITUTE(SUBSTITUTE(SUBSTITUTE(SUBSTITUTE(SUBSTITUTE(SUBSTITUTE(SUBSTITUTE(SUBSTITUTE(SUBSTITUTE(SUBSTITUTE(SUBSTITUTE(SUBSTITUTE(SUBSTITUTE(SUBSTITUTE(SUBSTITUTE(SUBSTITUTE(SUBSTITUTE('Input Sheet'!G10,$E$3,$F$3),$E$4,$F$4),$E$5,$F$5),$E$6,$F$6),$E$7,$F$7),$E$8,$F$8),$E$9,$F$9),$E$10,$F$10),$E$11,$F$11),$E$12,$F$12),$E$13,$F$13),$E$14,$F$14),$E$15,$F$15),$E$16,$F$16),$E$17,$F$17),$E$18,$F$18),$E$19,$F$19),$E$20,$F$20),$E$21,$F$21),$E$22,$F$22),$E$23,$F$23),$E$24,$F$24),$E$25,$F$25),$E$26,$F$26),$E$27,$F$27),$E$28,$F$28),$E$29,$F$29),$E$30,$F$30),$E$31,$F$31),$E$32,$F$32),$E$33,$F$33) | L8: =IF('Input Sheet'!F10=0, "NO",CONCATENATE('Input Sheet'!F10, IF('Input Sheet'!F10>0,"% ",""))) -> NO | M8: =SUBSTITUTE(SUBSTITUTE(SUBSTITUTE(SUBSTITUTE(SUBSTITUTE(SUBSTITUTE(SUBSTITUTE(SUBSTITUTE(SUBSTITUTE(SUBSTITUTE(SUBSTITUTE(SUBSTITUTE(SUBSTITUTE(SUBSTITUTE(SUBSTITUTE(SUBSTITUTE(SUBSTITUTE(SUBSTITUTE(SUBSTITUTE(SUBSTITUTE(SUBSTITUTE(SUBSTITUTE(SUBSTITUTE(SUBSTITUTE(SUBSTITUTE(SUBSTITUTE(SUBSTITUTE(SUBSTITUTE(SUBSTITUTE(SUBSTITUTE(SUBSTITUTE('Input Sheet'!J10,$E$3,$F$3),$E$4,$F$4),$E$5,$F$5),$E$6,$F$6),$E$7,$F$7),$E$8,$F$8),$E$9,$F$9),$E$10,$F$10),$E$11,$F$11),$E$12,$F$12),$E$13,$F$13),$E$14,$F$14),$E$15,$F$15),$E$16,$F$16),$E$17,$F$17),$E$18,$F$18),$E$19,$F$19),$E$20,$F$20),$E$21,$F$21),$E$22,$F$22),$E$23,$F$23),$E$24,$F$24),$E$25,$F$25),$E$26,$F$26),$E$27,$F$27),$E$28,$F$28),$E$29,$F$29),$E$30,$F$30),$E$31,$F$31),$E$32,$F$32),$E$33,$F$33) -> Tr | N8: =CONCATENATE(M8, IF('Input Sheet'!J10="",""," siderite in ")) -> Tr siderite in | O8: =SUBSTITUTE(SUBSTITUTE(SUBSTITUTE(SUBSTITUTE(SUBSTITUTE(SUBSTITUTE(SUBSTITUTE(SUBSTITUTE(SUBSTITUTE(SUBSTITUTE(SUBSTITUTE(SUBSTITUTE(SUBSTITUTE(SUBSTITUTE(SUBSTITUTE(SUBSTITUTE(SUBSTITUTE(SUBSTITUTE(SUBSTITUTE(SUBSTITUTE(SUBSTITUTE(SUBSTITUTE(SUBSTITUTE(SUBSTITUTE(SUBSTITUTE(SUBSTITUTE(SUBSTITUTE(SUBSTITUTE(SUBSTITUTE(SUBSTITUTE(SUBSTITUTE('Input Sheet'!K10,$E$3,$F$3),$E$4,$F$4),$E$5,$F$5),$E$6,$F$6),$E$7,$F$7),$E$8,$F$8),$E$9,$F$9),$E$10,$F$10),$E$11,$F$11),$E$12,$F$12),$E$13,$F$13),$E$14,$F$14),$E$15,$F$15),$E$16,$F$16),$E$17,$F$17),$E$18,$F$18),$E$19,$F$19),$E$20,$F$20),$E$21,$F$21),$E$22,$F$22),$E$23,$F$23),$E$24,$F$24),$E$25,$F$25),$E$26,$F$26),$E$27,$F$27),$E$28,$F$28),$E$29,$F$29),$E$30,$F$30),$E$31,$F$31),$E$32,$F$32),$E$33,$F$33) | P8: =CONCATENATE(O8, IF('Input Sheet'!K10="",""," siderite in "))
A9: =IF('Input Sheet'!C11="","",CONCATENATE("Sample ", 'Input Sheet'!B11, "m: ", N9, H9, "% ", "Siltstone, ", P9, 'Input Sheet'!C11, "% ", J9, " Sandstone, ", L9, K9, " FLUOR in SST. ", "TG ", 'Input Sheet'!I11, "U")) -> Sample 1580m: Tr siderite in 80% Siltstone, 20% very fine to fine Sandstone, NO FLUOR in SST. TG 7U | B9: =IF('Input Sheet'!C11="","",CONCATENATE("Sample ", 'Input Sheet'!B11, "m: ", O9, I9, "% ", "Siltstone, ", Q9, 'Input Sheet'!C11, "% ", K9, " Sandstone ")) -> Sample 1580m: veryfine to fine% Siltstone, 20% Sandstone | C9: =IF('Input Sheet'!C11="","",CONCATENATE("Sample ", 'Input Sheet'!B11, "m: ", N9,, L9, K9, " FLUOR in SST. ", "TG ", 'Input Sheet'!I11, "U")) -> Sample 1580m: Tr siderite in NO FLUOR in SST. TG 7U | E9: occ | F9: occasional | H9: =IF('Input Sheet'!C11="","",100-'Input Sheet'!C11) -> 80 | I9: =SUBSTITUTE(SUBSTITUTE(SUBSTITUTE(SUBSTITUTE(SUBSTITUTE(SUBSTITUTE(SUBSTITUTE(SUBSTITUTE(SUBSTITUTE(SUBSTITUTE(SUBSTITUTE(SUBSTITUTE(SUBSTITUTE(SUBSTITUTE(SUBSTITUTE(SUBSTITUTE(SUBSTITUTE(SUBSTITUTE(SUBSTITUTE(SUBSTITUTE(SUBSTITUTE(SUBSTITUTE(SUBSTITUTE(SUBSTITUTE(SUBSTITUTE(SUBSTITUTE(SUBSTITUTE(SUBSTITUTE(SUBSTITUTE(SUBSTITUTE(SUBSTITUTE('Input Sheet'!D11,$E$3,$F$3),$E$4,$F$4),$E$5,$F$5),$E$6,$F$6),$E$7,$F$7),$E$8,$F$8),$E$9,$F$9),$E$10,$F$10),$E$11,$F$11),$E$12,$F$12),$E$13,$F$13),$E$14,$F$14),$E$15,$F$15),$E$16,$F$16),$E$17,$F$17),$E$18,$F$18),$E$19,$F$19),$E$20,$F$20),$E$21,$F$21),$E$22,$F$22),$E$23,$F$23),$E$24,$F$24),$E$25,$F$25),$E$26,$F$26),$E$27,$F$27),$E$28,$F$28),$E$29,$F$29),$E$30,$F$30),$E$31,$F$31),$E$32,$F$32),$E$33,$F$33) -> veryfine to fine | J9: =SUBSTITUTE(I9, "veryfine", "very fine") -> very fine to fine | K9: =SUBSTITUTE(SUBSTITUTE(SUBSTITUTE(SUBSTITUTE(SUBSTITUTE(SUBSTITUTE(SUBSTITUTE(SUBSTITUTE(SUBSTITUTE(SUBSTITUTE(SUBSTITUTE(SUBSTITUTE(SUBSTITUTE(SUBSTITUTE(SUBSTITUTE(SUBSTITUTE(SUBSTITUTE(SUBSTITUTE(SUBSTITUTE(SUBSTITUTE(SUBSTITUTE(SUBSTITUTE(SUBSTITUTE(SUBSTITUTE(SUBSTITUTE(SUBSTITUTE(SUBSTITUTE(SUBSTITUTE(SUBSTITUTE(SUBSTITUTE(SUBSTITUTE('Input Sheet'!G11,$E$3,$F$3),$E$4,$F$4),$E$5,$F$5),$E$6,$F$6),$E$7,$F$7),$E$8,$F$8),$E$9,$F$9),$E$10,$F$10),$E$11,$F$11),$E$12,$F$12),$E$13,$F$13),$E$14,$F$14),$E$15,$F$15),$E$16,$F$16),$E$17,$F$17),$E$18,$F$18),$E$19,$F$19),$E$20,$F$20),$E$21,$F$21),$E$22,$F$22),$E$23,$F$23),$E$24,$F$24),$E$25,$F$25),$E$26,$F$26),$E$27,$F$27),$E$28,$F$28),$E$29,$F$29),$E$30,$F$30),$E$31,$F$31),$E$32,$F$32),$E$33,$F$33) | L9: =IF('Input Sheet'!F11=0, "NO",CONCATENATE('Input Sheet'!F11, IF('Input Sheet'!F11>0,"% ",""))) -> NO | M9: =SUBSTITUTE(SUBSTITUTE(SUBSTITUTE(SUBSTITUTE(SUBSTITUTE(SUBSTITUTE(SUBSTITUTE(SUBSTITUTE(SUBSTITUTE(SUBSTITUTE(SUBSTITUTE(SUBSTITUTE(SUBSTITUTE(SUBSTITUTE(SUBSTITUTE(SUBSTITUTE(SUBSTITUTE(SUBSTITUTE(SUBSTITUTE(SUBSTITUTE(SUBSTITUTE(SUBSTITUTE(SUBSTITUTE(SUBSTITUTE(SUBSTITUTE(SUBSTITUTE(SUBSTITUTE(SUBSTITUTE(SUBSTITUTE(SUBSTITUTE(SUBSTITUTE('Input Sheet'!J11,$E$3,$F$3),$E$4,$F$4),$E$5,$F$5),$E$6,$F$6),$E$7,$F$7),$E$8,$F$8),$E$9,$F$9),$E$10,$F$10),$E$11,$F$11),$E$12,$F$12),$E$13,$F$13),$E$14,$F$14),$E$15,$F$15),$E$16,$F$16),$E$17,$F$17),$E$18,$F$18),$E$19,$F$19),$E$20,$F$20),$E$21,$F$21),$E$22,$F$22),$E$23,$F$23),$E$24,$F$24),$E$25,$F$25),$E$26,$F$26),$E$27,$F$27),$E$28,$F$28),$E$29,$F$29),$E$30,$F$30),$E$31,$F$31),$E$32,$F$32),$E$33,$F$33) -> Tr | N9: =CONCATENATE(M9, IF('Input Sheet'!J11="",""," siderite in ")) -> Tr siderite in | O9: =SUBSTITUTE(SUBSTITUTE(SUBSTITUTE(SUBSTITUTE(SUBSTITUTE(SUBSTITUTE(SUBSTITUTE(SUBSTITUTE(SUBSTITUTE(SUBSTITUTE(SUBSTITUTE(SUBSTITUTE(SUBSTITUTE(SUBSTITUTE(SUBSTITUTE(SUBSTITUTE(SUBSTITUTE(SUBSTITUTE(SUBSTITUTE(SUBSTITUTE(SUBSTITUTE(SUBSTITUTE(SUBSTITUTE(SUBSTITUTE(SUBSTITUTE(SUBSTITUTE(SUBSTITUTE(SUBSTITUTE(SUBSTITUTE(SUBSTITUTE(SUBSTITUTE('Input Sheet'!K11,$E$3,$F$3),$E$4,$F$4),$E$5,$F$5),$E$6,$F$6),$E$7,$F$7),$E$8,$F$8),$E$9,$F$9),$E$10,$F$10),$E$11,$F$11),$E$12,$F$12),$E$13,$F$13),$E$14,$F$14),$E$15,$F$15),$E$16,$F$16),$E$17,$F$17),$E$18,$F$18),$E$19,$F$19),$E$20,$F$20),$E$21,$F$21),$E$22,$F$22),$E$23,$F$23),$E$24,$F$24),$E$25,$F$25),$E$26,$F$26),$E$27,$F$27),$E$28,$F$28),$E$29,$F$29),$E$30,$F$30),$E$31,$F$31),$E$32,$F$32),$E$33,$F$33) | P9: =CONCATENATE(O9, IF('Input Sheet'!K11="",""," siderite in "))
A10: =IF('Input Sheet'!C12="","",CONCATENATE("Sample ", 'Input Sheet'!B12, "m: ", N10, H10, "% ", "Siltstone, ", P10, 'Input Sheet'!C12, "% ", J10, " Sandstone, ", L10, K10, " FLUOR in SST. ", "TG ", 'Input Sheet'!I12, "U")) -> Sample 1585m: Tr siderite in 80% Siltstone, 20% very fine to fine Sandstone, NO FLUOR in SST. TG 8U | B10: =IF('Input Sheet'!C12="","",CONCATENATE("Sample ", 'Input Sheet'!B12, "m: ", O10, I10, "% ", "Siltstone, ", Q10, 'Input Sheet'!C12, "% ", K10, " Sandstone ")) -> Sample 1585m: veryfine to fine% Siltstone, 20% Sandstone | C10: =IF('Input Sheet'!C12="","",CONCATENATE("Sample ", 'Input Sheet'!B12, "m: ", N10,, L10, K10, " FLUOR in SST. ", "TG ", 'Input Sheet'!I12, "U")) -> Sample 1585m: Tr siderite in NO FLUOR in SST. TG 8U | E10: mnr | F10: minor | H10: =IF('Input Sheet'!C12="","",100-'Input Sheet'!C12) -> 80 | I10: =SUBSTITUTE(SUBSTITUTE(SUBSTITUTE(SUBSTITUTE(SUBSTITUTE(SUBSTITUTE(SUBSTITUTE(SUBSTITUTE(SUBSTITUTE(SUBSTITUTE(SUBSTITUTE(SUBSTITUTE(SUBSTITUTE(SUBSTITUTE(SUBSTITUTE(SUBSTITUTE(SUBSTITUTE(SUBSTITUTE(SUBSTITUTE(SUBSTITUTE(SUBSTITUTE(SUBSTITUTE(SUBSTITUTE(SUBSTITUTE(SUBSTITUTE(SUBSTITUTE(SUBSTITUTE(SUBSTITUTE(SUBSTITUTE(SUBSTITUTE(SUBSTITUTE('Input Sheet'!D12,$E$3,$F$3),$E$4,$F$4),$E$5,$F$5),$E$6,$F$6),$E$7,$F$7),$E$8,$F$8),$E$9,$F$9),$E$10,$F$10),$E$11,$F$11),$E$12,$F$12),$E$13,$F$13),$E$14,$F$14),$E$15,$F$15),$E$16,$F$16),$E$17,$F$17),$E$18,$F$18),$E$19,$F$19),$E$20,$F$20),$E$21,$F$21),$E$22,$F$22),$E$23,$F$23),$E$24,$F$24),$E$25,$F$25),$E$26,$F$26),$E$27,$F$27),$E$28,$F$28),$E$29,$F$29),$E$30,$F$30),$E$31,$F$31),$E$32,$F$32),$E$33,$F$33) -> veryfine to fine | J10: =SUBSTITUTE(I10, "veryfine", "very fine") -> very fine to fine | K10: =SUBSTITUTE(SUBSTITUTE(SUBSTITUTE(SUBSTITUTE(SUBSTITUTE(SUBSTITUTE(SUBSTITUTE(SUBSTITUTE(SUBSTITUTE(SUBSTITUTE(SUBSTITUTE(SUBSTITUTE(SUBSTITUTE(SUBSTITUTE(SUBSTITUTE(SUBSTITUTE(SUBSTITUTE(SUBSTITUTE(SUBSTITUTE(SUBSTITUTE(SUBSTITUTE(SUBSTITUTE(SUBSTITUTE(SUBSTITUTE(SUBSTITUTE(SUBSTITUTE(SUBSTITUTE(SUBSTITUTE(SUBSTITUTE(SUBSTITUTE(SUBSTITUTE('Input Sheet'!G12,$E$3,$F$3),$E$4,$F$4),$E$5,$F$5),$E$6,$F$6),$E$7,$F$7),$E$8,$F$8),$E$9,$F$9),$E$10,$F$10),$E$11,$F$11),$E$12,$F$12),$E$13,$F$13),$E$14,$F$14),$E$15,$F$15),$E$16,$F$16),$E$17,$F$17),$E$18,$F$18),$E$19,$F$19),$E$20,$F$20),$E$21,$F$21),$E$22,$F$22),$E$23,$F$23),$E$24,$F$24),$E$25,$F$25),$E$26,$F$26),$E$27,$F$27),$E$28,$F$28),$E$29,$F$29),$E$30,$F$30),$E$31,$F$31),$E$32,$F$32),$E$33,$F$33) | L10: =IF('Input Sheet'!F12=0, "NO",CONCATENATE('Input Sheet'!F12, IF('Input Sheet'!F12>0,"% ",""))) -> NO | M10: =SUBSTITUTE(SUBSTITUTE(SUBSTITUTE(SUBSTITUTE(SUBSTITUTE(SUBSTITUTE(SUBSTITUTE(SUBSTITUTE(SUBSTITUTE(SUBSTITUTE(SUBSTITUTE(SUBSTITUTE(SUBSTITUTE(SUBSTITUTE(SUBSTITUTE(SUBSTITUTE(SUBSTITUTE(SUBSTITUTE(SUBSTITUTE(SUBSTITUTE(SUBSTITUTE(SUBSTITUTE(SUBSTITUTE(SUBSTITUTE(SUBSTITUTE(SUBSTITUTE(SUBSTITUTE(SUBSTITUTE(SUBSTITUTE(SUBSTITUTE(SUBSTITUTE('Input Sheet'!J12,$E$3,$F$3),$E$4,$F$4),$E$5,$F$5),$E$6,$F$6),$E$7,$F$7),$E$8,$F$8),$E$9,$F$9),$E$10,$F$10),$E$11,$F$11),$E$12,$F$12),$E$13,$F$13),$E$14,$F$14),$E$15,$F$15),$E$16,$F$16),$E$17,$F$17),$E$18,$F$18),$E$19,$F$19),$E$20,$F$20),$E$21,$F$21),$E$22,$F$22),$E$23,$F$23),$E$24,$F$24),$E$25,$F$25),$E$26,$F$26),$E$27,$F$27),$E$28,$F$28),$E$29,$F$29),$E$30,$F$30),$E$31,$F$31),$E$32,$F$32),$E$33,$F$33) -> Tr | N10: =CONCATENATE(M10, IF('Input Sheet'!J12="",""," siderite in ")) -> Tr siderite in | O10: =SUBSTITUTE(SUBSTITUTE(SUBSTITUTE(SUBSTITUTE(SUBSTITUTE(SUBSTITUTE(SUBSTITUTE(SUBSTITUTE(SUBSTITUTE(SUBSTITUTE(SUBSTITUTE(SUBSTITUTE(SUBSTITUTE(SUBSTITUTE(SUBSTITUTE(SUBSTITUTE(SUBSTITUTE(SUBSTITUTE(SUBSTITUTE(SUBSTITUTE(SUBSTITUTE(SUBSTITUTE(SUBSTITUTE(SUBSTITUTE(SUBSTITUTE(SUBSTITUTE(SUBSTITUTE(SUBSTITUTE(SUBSTITUTE(SUBSTITUTE(SUBSTITUTE('Input Sheet'!K12,$E$3,$F$3),$E$4,$F$4),$E$5,$F$5),$E$6,$F$6),$E$7,$F$7),$E$8,$F$8),$E$9,$F$9),$E$10,$F$10),$E$11,$F$11),$E$12,$F$12),$E$13,$F$13),$E$14,$F$14),$E$15,$F$15),$E$16,$F$16),$E$17,$F$17),$E$18,$F$18),$E$19,$F$19),$E$20,$F$20),$E$21,$F$21),$E$22,$F$22),$E$23,$F$23),$E$24,$F$24),$E$25,$F$25),$E$26,$F$26),$E$27,$F$27),$E$28,$F$28),$E$29,$F$29),$E$30,$F$30),$E$31,$F$31),$E$32,$F$32),$E$33,$F$33) | P10: =CONCATENATE(O10, IF('Input Sheet'!K12="",""," siderite in "))
A11: =IF('Input Sheet'!C13="","",CONCATENATE("Sample ", 'Input Sheet'!B13, "m: ", N11, H11, "% ", "Siltstone, ", P11, 'Input Sheet'!C13, "% ", J11, " Sandstone, ", L11, K11, " FLUOR in SST. ", "TG ", 'Input Sheet'!I13, "U")) -> Sample 1590m: Tr siderite in 80% Siltstone, 20% very fine to fine Sandstone, NO FLUOR in SST. TG 7U | B11: =IF('Input Sheet'!C13="","",CONCATENATE("Sample ", 'Input Sheet'!B13, "m: ", O11, I11, "% ", "Siltstone, ", Q11, 'Input Sheet'!C13, "% ", K11, " Sandstone ")) -> Sample 1590m: veryfine to fine% Siltstone, 20% Sandstone | C11: =IF('Input Sheet'!C13="","",CONCATENATE("Sample ", 'Input Sheet'!B13, "m: ", N11,, L11, K11, " FLUOR in SST. ", "TG ", 'Input Sheet'!I13, "U")) -> Sample 1590m: Tr siderite in NO FLUOR in SST. TG 7U | E11: rr | F11: rare | H11: =IF('Input Sheet'!C13="","",100-'Input Sheet'!C13) -> 80 | I11: =SUBSTITUTE(SUBSTITUTE(SUBSTITUTE(SUBSTITUTE(SUBSTITUTE(SUBSTITUTE(SUBSTITUTE(SUBSTITUTE(SUBSTITUTE(SUBSTITUTE(SUBSTITUTE(SUBSTITUTE(SUBSTITUTE(SUBSTITUTE(SUBSTITUTE(SUBSTITUTE(SUBSTITUTE(SUBSTITUTE(SUBSTITUTE(SUBSTITUTE(SUBSTITUTE(SUBSTITUTE(SUBSTITUTE(SUBSTITUTE(SUBSTITUTE(SUBSTITUTE(SUBSTITUTE(SUBSTITUTE(SUBSTITUTE(SUBSTITUTE(SUBSTITUTE('Input Sheet'!D13,$E$3,$F$3),$E$4,$F$4),$E$5,$F$5),$E$6,$F$6),$E$7,$F$7),$E$8,$F$8),$E$9,$F$9),$E$10,$F$10),$E$11,$F$11),$E$12,$F$12),$E$13,$F$13),$E$14,$F$14),$E$15,$F$15),$E$16,$F$16),$E$17,$F$17),$E$18,$F$18),$E$19,$F$19),$E$20,$F$20),$E$21,$F$21),$E$22,$F$22),$E$23,$F$23),$E$24,$F$24),$E$25,$F$25),$E$26,$F$26),$E$27,$F$27),$E$28,$F$28),$E$29,$F$29),$E$30,$F$30),$E$31,$F$31),$E$32,$F$32),$E$33,$F$33) -> veryfine to fine | J11: =SUBSTITUTE(I11, "veryfine", "very fine") -> very fine to fine | K11: =SUBSTITUTE(SUBSTITUTE(SUBSTITUTE(SUBSTITUTE(SUBSTITUTE(SUBSTITUTE(SUBSTITUTE(SUBSTITUTE(SUBSTITUTE(SUBSTITUTE(SUBSTITUTE(SUBSTITUTE(SUBSTITUTE(SUBSTITUTE(SUBSTITUTE(SUBSTITUTE(SUBSTITUTE(SUBSTITUTE(SUBSTITUTE(SUBSTITUTE(SUBSTITUTE(SUBSTITUTE(SUBSTITUTE(SUBSTITUTE(SUBSTITUTE(SUBSTITUTE(SUBSTITUTE(SUBSTITUTE(SUBSTITUTE(SUBSTITUTE(SUBSTITUTE('Input Sheet'!G13,$E$3,$F$3),$E$4,$F$4),$E$5,$F$5),$E$6,$F$6),$E$7,$F$7),$E$8,$F$8),$E$9,$F$9),$E$10,$F$10),$E$11,$F$11),$E$12,$F$12),$E$13,$F$13),$E$14,$F$14),$E$15,$F$15),$E$16,$F$16),$E$17,$F$17),$E$18,$F$18),$E$19,$F$19),$E$20,$F$20),$E$21,$F$21),$E$22,$F$22),$E$23,$F$23),$E$24,$F$24),$E$25,$F$25),$E$26,$F$26),$E$27,$F$27),$E$28,$F$28),$E$29,$F$29),$E$30,$F$30),$E$31,$F$31),$E$32,$F$32),$E$33,$F$33) | L11: =IF('Input Sheet'!F13=0, "NO",CONCATENATE('Input Sheet'!F13, IF('Input Sheet'!F13>0,"% ",""))) -> NO | M11: =SUBSTITUTE(SUBSTITUTE(SUBSTITUTE(SUBSTITUTE(SUBSTITUTE(SUBSTITUTE(SUBSTITUTE(SUBSTITUTE(SUBSTITUTE(SUBSTITUTE(SUBSTITUTE(SUBSTITUTE(SUBSTITUTE(SUBSTITUTE(SUBSTITUTE(SUBSTITUTE(SUBSTITUTE(SUBSTITUTE(SUBSTITUTE(SUBSTITUTE(SUBSTITUTE(SUBSTITUTE(SUBSTITUTE(SUBSTITUTE(SUBSTITUTE(SUBSTITUTE(SUBSTITUTE(SUBSTITUTE(SUBSTITUTE(SUBSTITUTE(SUBSTITUTE('Input Sheet'!J13,$E$3,$F$3),$E$4,$F$4),$E$5,$F$5),$E$6,$F$6),$E$7,$F$7),$E$8,$F$8),$E$9,$F$9),$E$10,$F$10),$E$11,$F$11),$E$12,$F$12),$E$13,$F$13),$E$14,$F$14),$E$15,$F$15),$E$16,$F$16),$E$17,$F$17),$E$18,$F$18),$E$19,$F$19),$E$20,$F$20),$E$21,$F$21),$E$22,$F$22),$E$23,$F$23),$E$24,$F$24),$E$25,$F$25),$E$26,$F$26),$E$27,$F$27),$E$28,$F$28),$E$29,$F$29),$E$30,$F$30),$E$31,$F$31),$E$32,$F$32),$E$33,$F$33) -> Tr | N11: =CONCATENATE(M11, IF('Input Sheet'!J13="",""," siderite in ")) -> Tr siderite in | O11: =SUBSTITUTE(SUBSTITUTE(SUBSTITUTE(SUBSTITUTE(SUBSTITUTE(SUBSTITUTE(SUBSTITUTE(SUBSTITUTE(SUBSTITUTE(SUBSTITUTE(SUBSTITUTE(SUBSTITUTE(SUBSTITUTE(SUBSTITUTE(SUBSTITUTE(SUBSTITUTE(SUBSTITUTE(SUBSTITUTE(SUBSTITUTE(SUBSTITUTE(SUBSTITUTE(SUBSTITUTE(SUBSTITUTE(SUBSTITUTE(SUBSTITUTE(SUBSTITUTE(SUBSTITUTE(SUBSTITUTE(SUBSTITUTE(SUBSTITUTE(SUBSTITUTE('Input Sheet'!K13,$E$3,$F$3),$E$4,$F$4),$E$5,$F$5),$E$6,$F$6),$E$7,$F$7),$E$8,$F$8),$E$9,$F$9),$E$10,$F$10),$E$11,$F$11),$E$12,$F$12),$E$13,$F$13),$E$14,$F$14),$E$15,$F$15),$E$16,$F$16),$E$17,$F$17),$E$18,$F$18),$E$19,$F$19),$E$20,$F$20),$E$21,$F$21),$E$22,$F$22),$E$23,$F$23),$E$24,$F$24),$E$25,$F$25),$E$26,$F$26),$E$27,$F$27),$E$28,$F$28),$E$29,$F$29),$E$30,$F$30),$E$31,$F$31),$E$32,$F$32),$E$33,$F$33) | P11: =CONCATENATE(O11, IF('Input Sheet'!K13="",""," siderite in "))
A12: =IF('Input Sheet'!C14="","",CONCATENATE("Sample ", 'Input Sheet'!B14, "m: ", N12, H12, "% ", "Siltstone, ", P12, 'Input Sheet'!C14, "% ", J12, " Sandstone, ", L12, K12, " FLUOR in SST. ", "TG ", 'Input Sheet'!I14, "U")) -> Sample 1595m: Tr siderite in 60% Siltstone, 40% very fine to fine Sandstone, NO FLUOR in SST. TG 5U | B12: =IF('Input Sheet'!C14="","",CONCATENATE("Sample ", 'Input Sheet'!B14, "m: ", O12, I12, "% ", "Siltstone, ", Q12, 'Input Sheet'!C14, "% ", K12, " Sandstone ")) -> Sample 1595m: veryfine to fine% Siltstone, 40% Sandstone | C12: =IF('Input Sheet'!C14="","",CONCATENATE("Sample ", 'Input Sheet'!B14, "m: ", N12,, L12, K12, " FLUOR in SST. ", "TG ", 'Input Sheet'!I14, "U")) -> Sample 1595m: Tr siderite in NO FLUOR in SST. TG 5U | E12: tr | F12: trace | H12: =IF('Input Sheet'!C14="","",100-'Input Sheet'!C14) -> 60 | I12: =SUBSTITUTE(SUBSTITUTE(SUBSTITUTE(SUBSTITUTE(SUBSTITUTE(SUBSTITUTE(SUBSTITUTE(SUBSTITUTE(SUBSTITUTE(SUBSTITUTE(SUBSTITUTE(SUBSTITUTE(SUBSTITUTE(SUBSTITUTE(SUBSTITUTE(SUBSTITUTE(SUBSTITUTE(SUBSTITUTE(SUBSTITUTE(SUBSTITUTE(SUBSTITUTE(SUBSTITUTE(SUBSTITUTE(SUBSTITUTE(SUBSTITUTE(SUBSTITUTE(SUBSTITUTE(SUBSTITUTE(SUBSTITUTE(SUBSTITUTE(SUBSTITUTE('Input Sheet'!D14,$E$3,$F$3),$E$4,$F$4),$E$5,$F$5),$E$6,$F$6),$E$7,$F$7),$E$8,$F$8),$E$9,$F$9),$E$10,$F$10),$E$11,$F$11),$E$12,$F$12),$E$13,$F$13),$E$14,$F$14),$E$15,$F$15),$E$16,$F$16),$E$17,$F$17),$E$18,$F$18),$E$19,$F$19),$E$20,$F$20),$E$21,$F$21),$E$22,$F$22),$E$23,$F$23),$E$24,$F$24),$E$25,$F$25),$E$26,$F$26),$E$27,$F$27),$E$28,$F$28),$E$29,$F$29),$E$30,$F$30),$E$31,$F$31),$E$32,$F$32),$E$33,$F$33) -> veryfine to fine | J12: =SUBSTITUTE(I12, "veryfine", "very fine") -> very fine to fine | K12: =SUBSTITUTE(SUBSTITUTE(SUBSTITUTE(SUBSTITUTE(SUBSTITUTE(SUBSTITUTE(SUBSTITUTE(SUBSTITUTE(SUBSTITUTE(SUBSTITUTE(SUBSTITUTE(SUBSTITUTE(SUBSTITUTE(SUBSTITUTE(SUBSTITUTE(SUBSTITUTE(SUBSTITUTE(SUBSTITUTE(SUBSTITUTE(SUBSTITUTE(SUBSTITUTE(SUBSTITUTE(SUBSTITUTE(SUBSTITUTE(SUBSTITUTE(SUBSTITUTE(SUBSTITUTE(SUBSTITUTE(SUBSTITUTE(SUBSTITUTE(SUBSTITUTE('Input Sheet'!G14,$E$3,$F$3),$E$4,$F$4),$E$5,$F$5),$E$6,$F$6),$E$7,$F$7),$E$8,$F$8),$E$9,$F$9),$E$10,$F$10),$E$11,$F$11),$E$12,$F$12),$E$13,$F$13),$E$14,$F$14),$E$15,$F$15),$E$16,$F$16),$E$17,$F$17),$E$18,$F$18),$E$19,$F$19),$E$20,$F$20),$E$21,$F$21),$E$22,$F$22),$E$23,$F$23),$E$24,$F$24),$E$25,$F$25),$E$26,$F$26),$E$27,$F$27),$E$28,$F$28),$E$29,$F$29),$E$30,$F$30),$E$31,$F$31),$E$32,$F$32),$E$33,$F$33) | L12: =IF('Input Sheet'!F14=0, "NO",CONCATENATE('Input Sheet'!F14, IF('Input Sheet'!F14>0,"% ",""))) -> NO | M12: =SUBSTITUTE(SUBSTITUTE(SUBSTITUTE(SUBSTITUTE(SUBSTITUTE(SUBSTITUTE(SUBSTITUTE(SUBSTITUTE(SUBSTITUTE(SUBSTITUTE(SUBSTITUTE(SUBSTITUTE(SUBSTITUTE(SUBSTITUTE(SUBSTITUTE(SUBSTITUTE(SUBSTITUTE(SUBSTITUTE(SUBSTITUTE(SUBSTITUTE(SUBSTITUTE(SUBSTITUTE(SUBSTITUTE(SUBSTITUTE(SUBSTITUTE(SUBSTITUTE(SUBSTITUTE(SUBSTITUTE(SUBSTITUTE(SUBSTITUTE(SUBSTITUTE('Input Sheet'!J14,$E$3,$F$3),$E$4,$F$4),$E$5,$F$5),$E$6,$F$6),$E$7,$F$7),$E$8,$F$8),$E$9,$F$9),$E$10,$F$10),$E$11,$F$11),$E$12,$F$12),$E$13,$F$13),$E$14,$F$14),$E$15,$F$15),$E$16,$F$16),$E$17,$F$17),$E$18,$F$18),$E$19,$F$19),$E$20,$F$20),$E$21,$F$21),$E$22,$F$22),$E$23,$F$23),$E$24,$F$24),$E$25,$F$25),$E$26,$F$26),$E$27,$F$27),$E$28,$F$28),$E$29,$F$29),$E$30,$F$30),$E$31,$F$31),$E$32,$F$32),$E$33,$F$33) -> Tr | N12: =CONCATENATE(M12, IF('Input Sheet'!J14="",""," siderite in ")) -> Tr siderite in | O12: =SUBSTITUTE(SUBSTITUTE(SUBSTITUTE(SUBSTITUTE(SUBSTITUTE(SUBSTITUTE(SUBSTITUTE(SUBSTITUTE(SUBSTITUTE(SUBSTITUTE(SUBSTITUTE(SUBSTITUTE(SUBSTITUTE(SUBSTITUTE(SUBSTITUTE(SUBSTITUTE(SUBSTITUTE(SUBSTITUTE(SUBSTITUTE(SUBSTITUTE(SUBSTITUTE(SUBSTITUTE(SUBSTITUTE(SUBSTITUTE(SUBSTITUTE(SUBSTITUTE(SUBSTITUTE(SUBSTITUTE(SUBSTITUTE(SUBSTITUTE(SUBSTITUTE('Input Sheet'!K14,$E$3,$F$3),$E$4,$F$4),$E$5,$F$5),$E$6,$F$6),$E$7,$F$7),$E$8,$F$8),$E$9,$F$9),$E$10,$F$10),$E$11,$F$11),$E$12,$F$12),$E$13,$F$13),$E$14,$F$14),$E$15,$F$15),$E$16,$F$16),$E$17,$F$17),$E$18,$F$18),$E$19,$F$19),$E$20,$F$20),$E$21,$F$21),$E$22,$F$22),$E$23,$F$23),$E$24,$F$24),$E$25,$F$25),$E$26,$F$26),$E$27,$F$27),$E$28,$F$28),$E$29,$F$29),$E$30,$F$30),$E$31,$F$31),$E$32,$F$32),$E$33,$F$33) | P12: =CONCATENATE(O12, IF('Input Sheet'!K14="",""," siderite in "))
A13: =IF('Input Sheet'!C15="","",CONCATENATE("Sample ", 'Input Sheet'!B15, "m: ", N13, H13, "% ", "Siltstone, ", P13, 'Input Sheet'!C15, "% ", J13, " Sandstone, ", L13, K13, " FLUOR in SST. ", "TG ", 'Input Sheet'!I15, "U")) -> Sample 1600m: 70% Siltstone, 30% very fine to fine Sandstone, NO FLUOR in SST. TG 5U | B13: =IF('Input Sheet'!C15="","",CONCATENATE("Sample ", 'Input Sheet'!B15, "m: ", O13, I13, "% ", "Siltstone, ", Q13, 'Input Sheet'!C15, "% ", K13, " Sandstone ")) -> Sample 1600m: veryfine to fine% Siltstone, 30% Sandstone | C13: =IF('Input Sheet'!C15="","",CONCATENATE("Sample ", 'Input Sheet'!B15, "m: ", N13,, L13, K13, " FLUOR in SST. ", "TG ", 'Input Sheet'!I15, "U")) -> Sample 1600m: NO FLUOR in SST. TG 5U | E13: mod | F13: moderately | H13: =IF('Input Sheet'!C15="","",100-'Input Sheet'!C15) -> 70 | I13: =SUBSTITUTE(SUBSTITUTE(SUBSTITUTE(SUBSTITUTE(SUBSTITUTE(SUBSTITUTE(SUBSTITUTE(SUBSTITUTE(SUBSTITUTE(SUBSTITUTE(SUBSTITUTE(SUBSTITUTE(SUBSTITUTE(SUBSTITUTE(SUBSTITUTE(SUBSTITUTE(SUBSTITUTE(SUBSTITUTE(SUBSTITUTE(SUBSTITUTE(SUBSTITUTE(SUBSTITUTE(SUBSTITUTE(SUBSTITUTE(SUBSTITUTE(SUBSTITUTE(SUBSTITUTE(SUBSTITUTE(SUBSTITUTE(SUBSTITUTE(SUBSTITUTE('Input Sheet'!D15,$E$3,$F$3),$E$4,$F$4),$E$5,$F$5),$E$6,$F$6),$E$7,$F$7),$E$8,$F$8),$E$9,$F$9),$E$10,$F$10),$E$11,$F$11),$E$12,$F$12),$E$13,$F$13),$E$14,$F$14),$E$15,$F$15),$E$16,$F$16),$E$17,$F$17),$E$18,$F$18),$E$19,$F$19),$E$20,$F$20),$E$21,$F$21),$E$22,$F$22),$E$23,$F$23),$E$24,$F$24),$E$25,$F$25),$E$26,$F$26),$E$27,$F$27),$E$28,$F$28),$E$29,$F$29),$E$30,$F$30),$E$31,$F$31),$E$32,$F$32),$E$33,$F$33) -> veryfine to fine | J13: =SUBSTITUTE(I13, "veryfine", "very fine") -> very fine to fine | K13: =SUBSTITUTE(SUBSTITUTE(SUBSTITUTE(SUBSTITUTE(SUBSTITUTE(SUBSTITUTE(SUBSTITUTE(SUBSTITUTE(SUBSTITUTE(SUBSTITUTE(SUBSTITUTE(SUBSTITUTE(SUBSTITUTE(SUBSTITUTE(SUBSTITUTE(SUBSTITUTE(SUBSTITUTE(SUBSTITUTE(SUBSTITUTE(SUBSTITUTE(SUBSTITUTE(SUBSTITUTE(SUBSTITUTE(SUBSTITUTE(SUBSTITUTE(SUBSTITUTE(SUBSTITUTE(SUBSTITUTE(SUBSTITUTE(SUBSTITUTE(SUBSTITUTE('Input Sheet'!G15,$E$3,$F$3),$E$4,$F$4),$E$5,$F$5),$E$6,$F$6),$E$7,$F$7),$E$8,$F$8),$E$9,$F$9),$E$10,$F$10),$E$11,$F$11),$E$12,$F$12),$E$13,$F$13),$E$14,$F$14),$E$15,$F$15),$E$16,$F$16),$E$17,$F$17),$E$18,$F$18),$E$19,$F$19),$E$20,$F$20),$E$21,$F$21),$E$22,$F$22),$E$23,$F$23),$E$24,$F$24),$E$25,$F$25),$E$26,$F$26),$E$27,$F$27),$E$28,$F$28),$E$29,$F$29),$E$30,$F$30),$E$31,$F$31),$E$32,$F$32),$E$33,$F$33) | L13: =IF('Input Sheet'!F15=0, "NO",CONCATENATE('Input Sheet'!F15, IF('Input Sheet'!F15>0,"% ",""))) -> NO | M13: =SUBSTITUTE(SUBSTITUTE(SUBSTITUTE(SUBSTITUTE(SUBSTITUTE(SUBSTITUTE(SUBSTITUTE(SUBSTITUTE(SUBSTITUTE(SUBSTITUTE(SUBSTITUTE(SUBSTITUTE(SUBSTITUTE(SUBSTITUTE(SUBSTITUTE(SUBSTITUTE(SUBSTITUTE(SUBSTITUTE(SUBSTITUTE(SUBSTITUTE(SUBSTITUTE(SUBSTITUTE(SUBSTITUTE(SUBSTITUTE(SUBSTITUTE(SUBSTITUTE(SUBSTITUTE(SUBSTITUTE(SUBSTITUTE(SUBSTITUTE(SUBSTITUTE('Input Sheet'!J15,$E$3,$F$3),$E$4,$F$4),$E$5,$F$5),$E$6,$F$6),$E$7,$F$7),$E$8,$F$8),$E$9,$F$9),$E$10,$F$10),$E$11,$F$11),$E$12,$F$12),$E$13,$F$13),$E$14,$F$14),$E$15,$F$15),$E$16,$F$16),$E$17,$F$17),$E$18,$F$18),$E$19,$F$19),$E$20,$F$20),$E$21,$F$21),$E$22,$F$22),$E$23,$F$23),$E$24,$F$24),$E$25,$F$25),$E$26,$F$26),$E$27,$F$27),$E$28,$F$28),$E$29,$F$29),$E$30,$F$30),$E$31,$F$31),$E$32,$F$32),$E$33,$F$33) | N13: =CONCATENATE(M13, IF('Input Sheet'!J15="",""," siderite in ")) | O13: =SUBSTITUTE(SUBSTITUTE(SUBSTITUTE(SUBSTITUTE(SUBSTITUTE(SUBSTITUTE(SUBSTITUTE(SUBSTITUTE(SUBSTITUTE(SUBSTITUTE(SUBSTITUTE(SUBSTITUTE(SUBSTITUTE(SUBSTITUTE(SUBSTITUTE(SUBSTITUTE(SUBSTITUTE(SUBSTITUTE(SUBSTITUTE(SUBSTITUTE(SUBSTITUTE(SUBSTITUTE(SUBSTITUTE(SUBSTITUTE(SUBSTITUTE(SUBSTITUTE(SUBSTITUTE(SUBSTITUTE(SUBSTITUTE(SUBSTITUTE(SUBSTITUTE('Input Sheet'!K15,$E$3,$F$3),$E$4,$F$4),$E$5,$F$5),$E$6,$F$6),$E$7,$F$7),$E$8,$F$8),$E$9,$F$9),$E$10,$F$10),$E$11,$F$11),$E$12,$F$12),$E$13,$F$13),$E$14,$F$14),$E$15,$F$15),$E$16,$F$16),$E$17,$F$17),$E$18,$F$18),$E$19,$F$19),$E$20,$F$20),$E$21,$F$21),$E$22,$F$22),$E$23,$F$23),$E$24,$F$24),$E$25,$F$25),$E$26,$F$26),$E$27,$F$27),$E$28,$F$28),$E$29,$F$29),$E$30,$F$30),$E$31,$F$31),$E$32,$F$32),$E$33,$F$33) | P13: =CONCATENATE(O13, IF('Input Sheet'!K15="",""," siderite in "))
A14: =IF('Input Sheet'!C16="","",CONCATENATE("Sample ", 'Input Sheet'!B16, "m: ", N14, H14, "% ", "Siltstone, ", P14, 'Input Sheet'!C16, "% ", J14, " Sandstone, ", L14, K14, " FLUOR in SST. ", "TG ", 'Input Sheet'!I16, "U")) -> Sample 1605m: 70% Siltstone, 30% very fine to fine Sandstone, NO FLUOR in SST. TG 5U | B14: =IF('Input Sheet'!C16="","",CONCATENATE("Sample ", 'Input Sheet'!B16, "m: ", O14, I14, "% ", "Siltstone, ", Q14, 'Input Sheet'!C16, "% ", K14, " Sandstone ")) -> Sample 1605m: veryfine to fine% Siltstone, 30% Sandstone | C14: =IF('Input Sheet'!C16="","",CONCATENATE("Sample ", 'Input Sheet'!B16, "m: ", N14,, L14, K14, " FLUOR in SST. ", "TG ", 'Input Sheet'!I16, "U")) -> Sample 1605m: NO FLUOR in SST. TG 5U | E14: bri | F14: bright | H14: =IF('Input Sheet'!C16="","",100-'Input Sheet'!C16) -> 70 | I14: =SUBSTITUTE(SUBSTITUTE(SUBSTITUTE(SUBSTITUTE(SUBSTITUTE(SUBSTITUTE(SUBSTITUTE(SUBSTITUTE(SUBSTITUTE(SUBSTITUTE(SUBSTITUTE(SUBSTITUTE(SUBSTITUTE(SUBSTITUTE(SUBSTITUTE(SUBSTITUTE(SUBSTITUTE(SUBSTITUTE(SUBSTITUTE(SUBSTITUTE(SUBSTITUTE(SUBSTITUTE(SUBSTITUTE(SUBSTITUTE(SUBSTITUTE(SUBSTITUTE(SUBSTITUTE(SUBSTITUTE(SUBSTITUTE(SUBSTITUTE(SUBSTITUTE('Input Sheet'!D16,$E$3,$F$3),$E$4,$F$4),$E$5,$F$5),$E$6,$F$6),$E$7,$F$7),$E$8,$F$8),$E$9,$F$9),$E$10,$F$10),$E$11,$F$11),$E$12,$F$12),$E$13,$F$13),$E$14,$F$14),$E$15,$F$15),$E$16,$F$16),$E$17,$F$17),$E$18,$F$18),$E$19,$F$19),$E$20,$F$20),$E$21,$F$21),$E$22,$F$22),$E$23,$F$23),$E$24,$F$24),$E$25,$F$25),$E$26,$F$26),$E$27,$F$27),$E$28,$F$28),$E$29,$F$29),$E$30,$F$30),$E$31,$F$31),$E$32,$F$32),$E$33,$F$33) -> veryfine to fine | J14: =SUBSTITUTE(I14, "veryfine", "very fine") -> very fine to fine | K14: =SUBSTITUTE(SUBSTITUTE(SUBSTITUTE(SUBSTITUTE(SUBSTITUTE(SUBSTITUTE(SUBSTITUTE(SUBSTITUTE(SUBSTITUTE(SUBSTITUTE(SUBSTITUTE(SUBSTITUTE(SUBSTITUTE(SUBSTITUTE(SUBSTITUTE(SUBSTITUTE(SUBSTITUTE(SUBSTITUTE(SUBSTITUTE(SUBSTITUTE(SUBSTITUTE(SUBSTITUTE(SUBSTITUTE(SUBSTITUTE(SUBSTITUTE(SUBSTITUTE(SUBSTITUTE(SUBSTITUTE(SUBSTITUTE(SUBSTITUTE(SUBSTITUTE('Input Sheet'!G16,$E$3,$F$3),$E$4,$F$4),$E$5,$F$5),$E$6,$F$6),$E$7,$F$7),$E$8,$F$8),$E$9,$F$9),$E$10,$F$10),$E$11,$F$11),$E$12,$F$12),$E$13,$F$13),$E$14,$F$14),$E$15,$F$15),$E$16,$F$16),$E$17,$F$17),$E$18,$F$18),$E$19,$F$19),$E$20,$F$20),$E$21,$F$21),$E$22,$F$22),$E$23,$F$23),$E$24,$F$24),$E$25,$F$25),$E$26,$F$26),$E$27,$F$27),$E$28,$F$28),$E$29,$F$29),$E$30,$F$30),$E$31,$F$31),$E$32,$F$32),$E$33,$F$33) | L14: =IF('Input Sheet'!F16=0, "NO",CONCATENATE('Input Sheet'!F16, IF('Input Sheet'!F16>0,"% ",""))) -> NO | M14: =SUBSTITUTE(SUBSTITUTE(SUBSTITUTE(SUBSTITUTE(SUBSTITUTE(SUBSTITUTE(SUBSTITUTE(SUBSTITUTE(SUBSTITUTE(SUBSTITUTE(SUBSTITUTE(SUBSTITUTE(SUBSTITUTE(SUBSTITUTE(SUBSTITUTE(SUBSTITUTE(SUBSTITUTE(SUBSTITUTE(SUBSTITUTE(SUBSTITUTE(SUBSTITUTE(SUBSTITUTE(SUBSTITUTE(SUBSTITUTE(SUBSTITUTE(SUBSTITUTE(SUBSTITUTE(SUBSTITUTE(SUBSTITUTE(SUBSTITUTE(SUBSTITUTE('Input Sheet'!J16,$E$3,$F$3),$E$4,$F$4),$E$5,$F$5),$E$6,$F$6),$E$7,$F$7),$E$8,$F$8),$E$9,$F$9),$E$10,$F$10),$E$11,$F$11),$E$12,$F$12),$E$13,$F$13),$E$14,$F$14),$E$15,$F$15),$E$16,$F$16),$E$17,$F$17),$E$18,$F$18),$E$19,$F$19),$E$20,$F$20),$E$21,$F$21),$E$22,$F$22),$E$23,$F$23),$E$24,$F$24),$E$25,$F$25),$E$26,$F$26),$E$27,$F$27),$E$28,$F$28),$E$29,$F$29),$E$30,$F$30),$E$31,$F$31),$E$32,$F$32),$E$33,$F$33) | N14: =CONCATENATE(M14, IF('Input Sheet'!J16="",""," siderite in ")) | O14: =SUBSTITUTE(SUBSTITUTE(SUBSTITUTE(SUBSTITUTE(SUBSTITUTE(SUBSTITUTE(SUBSTITUTE(SUBSTITUTE(SUBSTITUTE(SUBSTITUTE(SUBSTITUTE(SUBSTITUTE(SUBSTITUTE(SUBSTITUTE(SUBSTITUTE(SUBSTITUTE(SUBSTITUTE(SUBSTITUTE(SUBSTITUTE(SUBSTITUTE(SUBSTITUTE(SUBSTITUTE(SUBSTITUTE(SUBSTITUTE(SUBSTITUTE(SUBSTITUTE(SUBSTITUTE(SUBSTITUTE(SUBSTITUTE(SUBSTITUTE(SUBSTITUTE('Input Sheet'!K16,$E$3,$F$3),$E$4,$F$4),$E$5,$F$5),$E$6,$F$6),$E$7,$F$7),$E$8,$F$8),$E$9,$F$9),$E$10,$F$10),$E$11,$F$11),$E$12,$F$12),$E$13,$F$13),$E$14,$F$14),$E$15,$F$15),$E$16,$F$16),$E$17,$F$17),$E$18,$F$18),$E$19,$F$19),$E$20,$F$20),$E$21,$F$21),$E$22,$F$22),$E$23,$F$23),$E$24,$F$24),$E$25,$F$25),$E$26,$F$26),$E$27,$F$27),$E$28,$F$28),$E$29,$F$29),$E$30,$F$30),$E$31,$F$31),$E$32,$F$32),$E$33,$F$33) | P14: =CONCATENATE(O14, IF('Input Sheet'!K16="",""," siderite in "))
A15: =IF('Input Sheet'!C17="","",CONCATENATE("Sample ", 'Input Sheet'!B17, "m: ", N15, H15, "% ", "Siltstone, ", P15, 'Input Sheet'!C17, "% ", J15, " Sandstone, ", L15, K15, " FLUOR in SST. ", "TG ", 'Input Sheet'!I17, "U")) -> Sample 1607m: 50% Siltstone, 50% very fine to fine Sandstone, 50% moderately bright to bright FLUOR in SST. TG 13U | B15: =IF('Input Sheet'!C17="","",CONCATENATE("Sample ", 'Input Sheet'!B17, "m: ", O15, I15, "% ", "Siltstone, ", Q15, 'Input Sheet'!C17, "% ", K15, " Sandstone ")) -> Sample 1607m: veryfine to fine% Siltstone, 50% moderately bright to bright Sandstone | C15: =IF('Input Sheet'!C17="","",CONCATENATE("Sample ", 'Input Sheet'!B17, "m: ", N15,, L15, K15, " FLUOR in SST. ", "TG ", 'Input Sheet'!I17, "U")) -> Sample 1607m: 50% moderately bright to bright FLUOR in SST. TG 13U | E15: dll | F15: dull | H15: =IF('Input Sheet'!C17="","",100-'Input Sheet'!C17) -> 50 | I15: =SUBSTITUTE(SUBSTITUTE(SUBSTITUTE(SUBSTITUTE(SUBSTITUTE(SUBSTITUTE(SUBSTITUTE(SUBSTITUTE(SUBSTITUTE(SUBSTITUTE(SUBSTITUTE(SUBSTITUTE(SUBSTITUTE(SUBSTITUTE(SUBSTITUTE(SUBSTITUTE(SUBSTITUTE(SUBSTITUTE(SUBSTITUTE(SUBSTITUTE(SUBSTITUTE(SUBSTITUTE(SUBSTITUTE(SUBSTITUTE(SUBSTITUTE(SUBSTITUTE(SUBSTITUTE(SUBSTITUTE(SUBSTITUTE(SUBSTITUTE(SUBSTITUTE('Input Sheet'!D17,$E$3,$F$3),$E$4,$F$4),$E$5,$F$5),$E$6,$F$6),$E$7,$F$7),$E$8,$F$8),$E$9,$F$9),$E$10,$F$10),$E$11,$F$11),$E$12,$F$12),$E$13,$F$13),$E$14,$F$14),$E$15,$F$15),$E$16,$F$16),$E$17,$F$17),$E$18,$F$18),$E$19,$F$19),$E$20,$F$20),$E$21,$F$21),$E$22,$F$22),$E$23,$F$23),$E$24,$F$24),$E$25,$F$25),$E$26,$F$26),$E$27,$F$27),$E$28,$F$28),$E$29,$F$29),$E$30,$F$30),$E$31,$F$31),$E$32,$F$32),$E$33,$F$33) -> veryfine to fine | J15: =SUBSTITUTE(I15, "veryfine", "very fine") -> very fine to fine | K15: =SUBSTITUTE(SUBSTITUTE(SUBSTITUTE(SUBSTITUTE(SUBSTITUTE(SUBSTITUTE(SUBSTITUTE(SUBSTITUTE(SUBSTITUTE(SUBSTITUTE(SUBSTITUTE(SUBSTITUTE(SUBSTITUTE(SUBSTITUTE(SUBSTITUTE(SUBSTITUTE(SUBSTITUTE(SUBSTITUTE(SUBSTITUTE(SUBSTITUTE(SUBSTITUTE(SUBSTITUTE(SUBSTITUTE(SUBSTITUTE(SUBSTITUTE(SUBSTITUTE(SUBSTITUTE(SUBSTITUTE(SUBSTITUTE(SUBSTITUTE(SUBSTITUTE('Input Sheet'!G17,$E$3,$F$3),$E$4,$F$4),$E$5,$F$5),$E$6,$F$6),$E$7,$F$7),$E$8,$F$8),$E$9,$F$9),$E$10,$F$10),$E$11,$F$11),$E$12,$F$12),$E$13,$F$13),$E$14,$F$14),$E$15,$F$15),$E$16,$F$16),$E$17,$F$17),$E$18,$F$18),$E$19,$F$19),$E$20,$F$20),$E$21,$F$21),$E$22,$F$22),$E$23,$F$23),$E$24,$F$24),$E$25,$F$25),$E$26,$F$26),$E$27,$F$27),$E$28,$F$28),$E$29,$F$29),$E$30,$F$30),$E$31,$F$31),$E$32,$F$32),$E$33,$F$33) -> moderately bright to bright | L15: =IF('Input Sheet'!F17=0, "NO",CONCATENATE('Input Sheet'!F17, IF('Input Sheet'!F17>0,"% ",""))) -> 50% | M15: =SUBSTITUTE(SUBSTITUTE(SUBSTITUTE(SUBSTITUTE(SUBSTITUTE(SUBSTITUTE(SUBSTITUTE(SUBSTITUTE(SUBSTITUTE(SUBSTITUTE(SUBSTITUTE(SUBSTITUTE(SUBSTITUTE(SUBSTITUTE(SUBSTITUTE(SUBSTITUTE(SUBSTITUTE(SUBSTITUTE(SUBSTITUTE(SUBSTITUTE(SUBSTITUTE(SUBSTITUTE(SUBSTITUTE(SUBSTITUTE(SUBSTITUTE(SUBSTITUTE(SUBSTITUTE(SUBSTITUTE(SUBSTITUTE(SUBSTITUTE(SUBSTITUTE('Input Sheet'!J17,$E$3,$F$3),$E$4,$F$4),$E$5,$F$5),$E$6,$F$6),$E$7,$F$7),$E$8,$F$8),$E$9,$F$9),$E$10,$F$10),$E$11,$F$11),$E$12,$F$12),$E$13,$F$13),$E$14,$F$14),$E$15,$F$15),$E$16,$F$16),$E$17,$F$17),$E$18,$F$18),$E$19,$F$19),$E$20,$F$20),$E$21,$F$21),$E$22,$F$22),$E$23,$F$23),$E$24,$F$24),$E$25,$F$25),$E$26,$F$26),$E$27,$F$27),$E$28,$F$28),$E$29,$F$29),$E$30,$F$30),$E$31,$F$31),$E$32,$F$32),$E$33,$F$33) | N15: =CONCATENATE(M15, IF('Input Sheet'!J17="",""," siderite in ")) | O15: =SUBSTITUTE(SUBSTITUTE(SUBSTITUTE(SUBSTITUTE(SUBSTITUTE(SUBSTITUTE(SUBSTITUTE(SUBSTITUTE(SUBSTITUTE(SUBSTITUTE(SUBSTITUTE(SUBSTITUTE(SUBSTITUTE(SUBSTITUTE(SUBSTITUTE(SUBSTITUTE(SUBSTITUTE(SUBSTITUTE(SUBSTITUTE(SUBSTITUTE(SUBSTITUTE(SUBSTITUTE(SUBSTITUTE(SUBSTITUTE(SUBSTITUTE(SUBSTITUTE(SUBSTITUTE(SUBSTITUTE(SUBSTITUTE(SUBSTITUTE(SUBSTITUTE('Input Sheet'!K17,$E$3,$F$3),$E$4,$F$4),$E$5,$F$5),$E$6,$F$6),$E$7,$F$7),$E$8,$F$8),$E$9,$F$9),$E$10,$F$10),$E$11,$F$11),$E$12,$F$12),$E$13,$F$13),$E$14,$F$14),$E$15,$F$15),$E$16,$F$16),$E$17,$F$17),$E$18,$F$18),$E$19,$F$19),$E$20,$F$20),$E$21,$F$21),$E$22,$F$22),$E$23,$F$23),$E$24,$F$24),$E$25,$F$25),$E$26,$F$26),$E$27,$F$27),$E$28,$F$28),$E$29,$F$29),$E$30,$F$30),$E$31,$F$31),$E$32,$F$32),$E$33,$F$33) | P15: =CONCATENATE(O15, IF('Input Sheet'!K17="",""," siderite in "))
... A19: =IF('Input Sheet'!C21="","",CONCATENATE("Sample ", 'Input Sheet'!B21, "m: ", N19, H19, "% ", "Siltstone, ", P19, 'Input Sheet'!C21, "% ", J19, " Sandstone, ", L19, K19, " FLUOR in SST. ", "TG ", 'Input Sheet'!I21, "U")) -> Sample 1625m: Mnr siderite in 50% Siltstone, Mnr siderite in 50% very fine to medium Sandstone, 30% dull to bright FLUOR in SST. TG 50U | B19: =IF('Input Sheet'!C21="","",CONCATENATE("Sample ", 'Input Sheet'!B21, "m: ", O19, I19, "% ", "Siltstone, ", Q19, 'Input Sheet'!C21, "% ", K19, " Sandstone ")) -> Sample 1625m: Mnrveryfine to medium% Siltstone, 50% dull to bright Sandstone | C19: =IF('Input Sheet'!C21="","",CONCATENATE("Sample ", 'Input Sheet'!B21, "m: ", N19,, L19, K19, " FLUOR in SST. ", "TG ", 'Input Sheet'!I21, "U")) -> Sample 1625m: Mnr siderite in 30% dull to bright FLUOR in SST. TG 50U | E19: pl | F19: pale | H19: =IF('Input Sheet'!C21="","",100-'Input Sheet'!C21) -> 50 | I19: =SUBSTITUTE(SUBSTITUTE(SUBSTITUTE(SUBSTITUTE(SUBSTITUTE(SUBSTITUTE(SUBSTITUTE(SUBSTITUTE(SUBSTITUTE(SUBSTITUTE(SUBSTITUTE(SUBSTITUTE(SUBSTITUTE(SUBSTITUTE(SUBSTITUTE(SUBSTITUTE(SUBSTITUTE(SUBSTITUTE(SUBSTITUTE(SUBSTITUTE(SUBSTITUTE(SUBSTITUTE(SUBSTITUTE(SUBSTITUTE(SUBSTITUTE(SUBSTITUTE(SUBSTITUTE(SUBSTITUTE(SUBSTITUTE(SUBSTITUTE(SUBSTITUTE('Input Sheet'!D21,$E$3,$F$3),$E$4,$F$4),$E$5,$F$5),$E$6,$F$6),$E$7,$F$7),$E$8,$F$8),$E$9,$F$9),$E$10,$F$10),$E$11,$F$11),$E$12,$F$12),$E$13,$F$13),$E$14,$F$14),$E$15,$F$15),$E$16,$F$16),$E$17,$F$17),$E$18,$F$18),$E$19,$F$19),$E$20,$F$20),$E$21,$F$21),$E$22,$F$22),$E$23,$F$23),$E$24,$F$24),$E$25,$F$25),$E$26,$F$26),$E$27,$F$27),$E$28,$F$28),$E$29,$F$29),$E$30,$F$30),$E$31,$F$31),$E$32,$F$32),$E$33,$F$33) -> veryfine to medium | J19: =SUBSTITUTE(I19, "veryfine", "very fine") -> very fine to medium | K19: =SUBSTITUTE(SUBSTITUTE(SUBSTITUTE(SUBSTITUTE(SUBSTITUTE(SUBSTITUTE(SUBSTITUTE(SUBSTITUTE(SUBSTITUTE(SUBSTITUTE(SUBSTITUTE(SUBSTITUTE(SUBSTITUTE(SUBSTITUTE(SUBSTITUTE(SUBSTITUTE(SUBSTITUTE(SUBSTITUTE(SUBSTITUTE(SUBSTITUTE(SUBSTITUTE(SUBSTITUTE(SUBSTITUTE(SUBSTITUTE(SUBSTITUTE(SUBSTITUTE(SUBSTITUTE(SUBSTITUTE(SUBSTITUTE(SUBSTITUTE(SUBSTITUTE('Input Sheet'!G21,$E$3,$F$3),$E$4,$F$4),$E$5,$F$5),$E$6,$F$6),$E$7,$F$7),$E$8,$F$8),$E$9,$F$9),$E$10,$F$10),$E$11,$F$11),$E$12,$F$12),$E$13,$F$13),$E$14,$F$14),$E$15,$F$15),$E$16,$F$16),$E$17,$F$17),$E$18,$F$18),$E$19,$F$19),$E$20,$F$20),$E$21,$F$21),$E$22,$F$22),$E$23,$F$23),$E$24,$F$24),$E$25,$F$25),$E$26,$F$26),$E$27,$F$27),$E$28,$F$28),$E$29,$F$29),$E$30,$F$30),$E$31,$F$31),$E$32,$F$32),$E$33,$F$33) -> dull to bright | L19: =IF('Input Sheet'!F21=0, "NO",CONCATENATE('Input Sheet'!F21, IF('Input Sheet'!F21>0,"% ",""))) -> 30% | M19: =SUBSTITUTE(SUBSTITUTE(SUBSTITUTE(SUBSTITUTE(SUBSTITUTE(SUBSTITUTE(SUBSTITUTE(SUBSTITUTE(SUBSTITUTE(SUBSTITUTE(SUBSTITUTE(SUBSTITUTE(SUBSTITUTE(SUBSTITUTE(SUBSTITUTE(SUBSTITUTE(SUBSTITUTE(SUBSTITUTE(SUBSTITUTE(SUBSTITUTE(SUBSTITUTE(SUBSTITUTE(SUBSTITUTE(SUBSTITUTE(SUBSTITUTE(SUBSTITUTE(SUBSTITUTE(SUBSTITUTE(SUBSTITUTE(SUBSTITUTE(SUBSTITUTE('Input Sheet'!J21,$E$3,$F$3),$E$4,$F$4),$E$5,$F$5),$E$6,$F$6),$E$7,$F$7),$E$8,$F$8),$E$9,$F$9),$E$10,$F$10),$E$11,$F$11),$E$12,$F$12),$E$13,$F$13),$E$14,$F$14),$E$15,$F$15),$E$16,$F$16),$E$17,$F$17),$E$18,$F$18),$E$19,$F$19),$E$20,$F$20),$E$21,$F$21),$E$22,$F$22),$E$23,$F$23),$E$24,$F$24),$E$25,$F$25),$E$26,$F$26),$E$27,$F$27),$E$28,$F$28),$E$29,$F$29),$E$30,$F$30),$E$31,$F$31),$E$32,$F$32),$E$33,$F$33) -> Mnr | N19: =CONCATENATE(M19, IF('Input Sheet'!J21="",""," siderite in ")) -> Mnr siderite in | O19: =SUBSTITUTE(SUBSTITUTE(SUBSTITUTE(SUBSTITUTE(SUBSTITUTE(SUBSTITUTE(SUBSTITUTE(SUBSTITUTE(SUBSTITUTE(SUBSTITUTE(SUBSTITUTE(SUBSTITUTE(SUBSTITUTE(SUBSTITUTE(SUBSTITUTE(SUBSTITUTE(SUBSTITUTE(SUBSTITUTE(SUBSTITUTE(SUBSTITUTE(SUBSTITUTE(SUBSTITUTE(SUBSTITUTE(SUBSTITUTE(SUBSTITUTE(SUBSTITUTE(SUBSTITUTE(SUBSTITUTE(SUBSTITUTE(SUBSTITUTE(SUBSTITUTE('Input Sheet'!K21,$E$3,$F$3),$E$4,$F$4),$E$5,$F$5),$E$6,$F$6),$E$7,$F$7),$E$8,$F$8),$E$9,$F$9),$E$10,$F$10),$E$11,$F$11),$E$12,$F$12),$E$13,$F$13),$E$14,$F$14),$E$15,$F$15),$E$16,$F$16),$E$17,$F$17),$E$18,$F$18),$E$19,$F$19),$E$20,$F$20),$E$21,$F$21),$E$22,$F$22),$E$23,$F$23),$E$24,$F$24),$E$25,$F$25),$E$26,$F$26),$E$27,$F$27),$E$28,$F$28),$E$29,$F$29),$E$30,$F$30),$E$31,$F$31),$E$32,$F$32),$E$33,$F$33) -> Mnr | P19: =CONCATENATE(O19, IF('Input Sheet'!K21="",""," siderite in ")) -> Mnr siderite in
A20: =IF('Input Sheet'!C22="","",CONCATENATE("Sample ", 'Input Sheet'!B22, "m: ", N20, H20, "% ", "Siltstone, ", P20, 'Input Sheet'!C22, "% ", J20, " Sandstone, ", L20, K20, " FLUOR in SST. ", "TG ", 'Input Sheet'!I22, "U")) -> Sample 1630m: Mnr siderite in 50% Siltstone, Mnr siderite in 50% very fine to medium Sandstone, 20% dull to bright FLUOR in SST. TG 20U | B20: =IF('Input Sheet'!C22="","",CONCATENATE("Sample ", 'Input Sheet'!B22, "m: ", O20, I20, "% ", "Siltstone, ", Q20, 'Input Sheet'!C22, "% ", K20, " Sandstone ")) -> Sample 1630m: Mnrveryfine to medium% Siltstone, 50% dull to bright Sandstone | C20: =IF('Input Sheet'!C22="","",CONCATENATE("Sample ", 'Input Sheet'!B22, "m: ", N20,, L20, K20, " FLUOR in SST. ", "TG ", 'Input Sheet'!I22, "U")) -> Sample 1630m: Mnr siderite in 20% dull to bright FLUOR in SST. TG 20U | H20: =IF('Input Sheet'!C22="","",100-'Input Sheet'!C22) -> 50 | I20: =SUBSTITUTE(SUBSTITUTE(SUBSTITUTE(SUBSTITUTE(SUBSTITUTE(SUBSTITUTE(SUBSTITUTE(SUBSTITUTE(SUBSTITUTE(SUBSTITUTE(SUBSTITUTE(SUBSTITUTE(SUBSTITUTE(SUBSTITUTE(SUBSTITUTE(SUBSTITUTE(SUBSTITUTE(SUBSTITUTE(SUBSTITUTE(SUBSTITUTE(SUBSTITUTE(SUBSTITUTE(SUBSTITUTE(SUBSTITUTE(SUBSTITUTE(SUBSTITUTE(SUBSTITUTE(SUBSTITUTE(SUBSTITUTE(SUBSTITUTE(SUBSTITUTE('Input Sheet'!D22,$E$3,$F$3),$E$4,$F$4),$E$5,$F$5),$E$6,$F$6),$E$7,$F$7),$E$8,$F$8),$E$9,$F$9),$E$10,$F$10),$E$11,$F$11),$E$12,$F$12),$E$13,$F$13),$E$14,$F$14),$E$15,$F$15),$E$16,$F$16),$E$17,$F$17),$E$18,$F$18),$E$19,$F$19),$E$20,$F$20),$E$21,$F$21),$E$22,$F$22),$E$23,$F$23),$E$24,$F$24),$E$25,$F$25),$E$26,$F$26),$E$27,$F$27),$E$28,$F$28),$E$29,$F$29),$E$30,$F$30),$E$31,$F$31),$E$32,$F$32),$E$33,$F$33) -> veryfine to medium | J20: =SUBSTITUTE(I20, "veryfine", "very fine") -> very fine to medium | K20: =SUBSTITUTE(SUBSTITUTE(SUBSTITUTE(SUBSTITUTE(SUBSTITUTE(SUBSTITUTE(SUBSTITUTE(SUBSTITUTE(SUBSTITUTE(SUBSTITUTE(SUBSTITUTE(SUBSTITUTE(SUBSTITUTE(SUBSTITUTE(SUBSTITUTE(SUBSTITUTE(SUBSTITUTE(SUBSTITUTE(SUBSTITUTE(SUBSTITUTE(SUBSTITUTE(SUBSTITUTE(SUBSTITUTE(SUBSTITUTE(SUBSTITUTE(SUBSTITUTE(SUBSTITUTE(SUBSTITUTE(SUBSTITUTE(SUBSTITUTE(SUBSTITUTE('Input Sheet'!G22,$E$3,$F$3),$E$4,$F$4),$E$5,$F$5),$E$6,$F$6),$E$7,$F$7),$E$8,$F$8),$E$9,$F$9),$E$10,$F$10),$E$11,$F$11),$E$12,$F$12),$E$13,$F$13),$E$14,$F$14),$E$15,$F$15),$E$16,$F$16),$E$17,$F$17),$E$18,$F$18),$E$19,$F$19),$E$20,$F$20),$E$21,$F$21),$E$22,$F$22),$E$23,$F$23),$E$24,$F$24),$E$25,$F$25),$E$26,$F$26),$E$27,$F$27),$E$28,$F$28),$E$29,$F$29),$E$30,$F$30),$E$31,$F$31),$E$32,$F$32),$E$33,$F$33) -> dull to bright | L20: =IF('Input Sheet'!F22=0, "NO",CONCATENATE('Input Sheet'!F22, IF('Input Sheet'!F22>0,"% ",""))) -> 20% | M20: =SUBSTITUTE(SUBSTITUTE(SUBSTITUTE(SUBSTITUTE(SUBSTITUTE(SUBSTITUTE(SUBSTITUTE(SUBSTITUTE(SUBSTITUTE(SUBSTITUTE(SUBSTITUTE(SUBSTITUTE(SUBSTITUTE(SUBSTITUTE(SUBSTITUTE(SUBSTITUTE(SUBSTITUTE(SUBSTITUTE(SUBSTITUTE(SUBSTITUTE(SUBSTITUTE(SUBSTITUTE(SUBSTITUTE(SUBSTITUTE(SUBSTITUTE(SUBSTITUTE(SUBSTITUTE(SUBSTITUTE(SUBSTITUTE(SUBSTITUTE(SUBSTITUTE('Input Sheet'!J22,$E$3,$F$3),$E$4,$F$4),$E$5,$F$5),$E$6,$F$6),$E$7,$F$7),$E$8,$F$8),$E$9,$F$9),$E$10,$F$10),$E$11,$F$11),$E$12,$F$12),$E$13,$F$13),$E$14,$F$14),$E$15,$F$15),$E$16,$F$16),$E$17,$F$17),$E$18,$F$18),$E$19,$F$19),$E$20,$F$20),$E$21,$F$21),$E$22,$F$22),$E$23,$F$23),$E$24,$F$24),$E$25,$F$25),$E$26,$F$26),$E$27,$F$27),$E$28,$F$28),$E$29,$F$29),$E$30,$F$30),$E$31,$F$31),$E$32,$F$32),$E$33,$F$33) -> Mnr | N20: =CONCATENATE(M20, IF('Input Sheet'!J22="",""," siderite in ")) -> Mnr siderite in | O20: =SUBSTITUTE(SUBSTITUTE(SUBSTITUTE(SUBSTITUTE(SUBSTITUTE(SUBSTITUTE(SUBSTITUTE(SUBSTITUTE(SUBSTITUTE(SUBSTITUTE(SUBSTITUTE(SUBSTITUTE(SUBSTITUTE(SUBSTITUTE(SUBSTITUTE(SUBSTITUTE(SUBSTITUTE(SUBSTITUTE(SUBSTITUTE(SUBSTITUTE(SUBSTITUTE(SUBSTITUTE(SUBSTITUTE(SUBSTITUTE(SUBSTITUTE(SUBSTITUTE(SUBSTITUTE(SUBSTITUTE(SUBSTITUTE(SUBSTITUTE(SUBSTITUTE('Input Sheet'!K22,$E$3,$F$3),$E$4,$F$4),$E$5,$F$5),$E$6,$F$6),$E$7,$F$7),$E$8,$F$8),$E$9,$F$9),$E$10,$F$10),$E$11,$F$11),$E$12,$F$12),$E$13,$F$13),$E$14,$F$14),$E$15,$F$15),$E$16,$F$16),$E$17,$F$17),$E$18,$F$18),$E$19,$F$19),$E$20,$F$20),$E$21,$F$21),$E$22,$F$22),$E$23,$F$23),$E$24,$F$24),$E$25,$F$25),$E$26,$F$26),$E$27,$F$27),$E$28,$F$28),$E$29,$F$29),$E$30,$F$30),$E$31,$F$31),$E$32,$F$32),$E$33,$F$33) -> Mnr | P20: =CONCATENATE(O20, IF('Input Sheet'!K22="",""," siderite in ")) -> Mnr siderite in
A21: =IF('Input Sheet'!C23="","",CONCATENATE("Sample ", 'Input Sheet'!B23, "m: ", N21, H21, "% ", "Siltstone, ", P21, 'Input Sheet'!C23, "% ", J21, " Sandstone, ", L21, K21, " FLUOR in SST. ", "TG ", 'Input Sheet'!I23, "U")) -> Sample 1635m: Tr siderite in 30% Siltstone, Tr siderite in 70% very fine to medium Sandstone, 60% dull to bright FLUOR in SST. TG 250U | B21: =IF('Input Sheet'!C23="","",CONCATENATE("Sample ", 'Input Sheet'!B23, "m: ", O21, I21, "% ", "Siltstone, ", Q21, 'Input Sheet'!C23, "% ", K21, " Sandstone ")) -> Sample 1635m: Trveryfine to medium% Siltstone, 70% dull to bright Sandstone | C21: =IF('Input Sheet'!C23="","",CONCATENATE("Sample ", 'Input Sheet'!B23, "m: ", N21,, L21, K21, " FLUOR in SST. ", "TG ", 'Input Sheet'!I23, "U")) -> Sample 1635m: Tr siderite in 60% dull to bright FLUOR in SST. TG 250U | H21: =IF('Input Sheet'!C23="","",100-'Input Sheet'!C23) -> 30 | I21: =SUBSTITUTE(SUBSTITUTE(SUBSTITUTE(SUBSTITUTE(SUBSTITUTE(SUBSTITUTE(SUBSTITUTE(SUBSTITUTE(SUBSTITUTE(SUBSTITUTE(SUBSTITUTE(SUBSTITUTE(SUBSTITUTE(SUBSTITUTE(SUBSTITUTE(SUBSTITUTE(SUBSTITUTE(SUBSTITUTE(SUBSTITUTE(SUBSTITUTE(SUBSTITUTE(SUBSTITUTE(SUBSTITUTE(SUBSTITUTE(SUBSTITUTE(SUBSTITUTE(SUBSTITUTE(SUBSTITUTE(SUBSTITUTE(SUBSTITUTE(SUBSTITUTE('Input Sheet'!D23,$E$3,$F$3),$E$4,$F$4),$E$5,$F$5),$E$6,$F$6),$E$7,$F$7),$E$8,$F$8),$E$9,$F$9),$E$10,$F$10),$E$11,$F$11),$E$12,$F$12),$E$13,$F$13),$E$14,$F$14),$E$15,$F$15),$E$16,$F$16),$E$17,$F$17),$E$18,$F$18),$E$19,$F$19),$E$20,$F$20),$E$21,$F$21),$E$22,$F$22),$E$23,$F$23),$E$24,$F$24),$E$25,$F$25),$E$26,$F$26),$E$27,$F$27),$E$28,$F$28),$E$29,$F$29),$E$30,$F$30),$E$31,$F$31),$E$32,$F$32),$E$33,$F$33) -> veryfine to medium | J21: =SUBSTITUTE(I21, "veryfine", "very fine") -> very fine to medium | K21: =SUBSTITUTE(SUBSTITUTE(SUBSTITUTE(SUBSTITUTE(SUBSTITUTE(SUBSTITUTE(SUBSTITUTE(SUBSTITUTE(SUBSTITUTE(SUBSTITUTE(SUBSTITUTE(SUBSTITUTE(SUBSTITUTE(SUBSTITUTE(SUBSTITUTE(SUBSTITUTE(SUBSTITUTE(SUBSTITUTE(SUBSTITUTE(SUBSTITUTE(SUBSTITUTE(SUBSTITUTE(SUBSTITUTE(SUBSTITUTE(SUBSTITUTE(SUBSTITUTE(SUBSTITUTE(SUBSTITUTE(SUBSTITUTE(SUBSTITUTE(SUBSTITUTE('Input Sheet'!G23,$E$3,$F$3),$E$4,$F$4),$E$5,$F$5),$E$6,$F$6),$E$7,$F$7),$E$8,$F$8),$E$9,$F$9),$E$10,$F$10),$E$11,$F$11),$E$12,$F$12),$E$13,$F$13),$E$14,$F$14),$E$15,$F$15),$E$16,$F$16),$E$17,$F$17),$E$18,$F$18),$E$19,$F$19),$E$20,$F$20),$E$21,$F$21),$E$22,$F$22),$E$23,$F$23),$E$24,$F$24),$E$25,$F$25),$E$26,$F$26),$E$27,$F$27),$E$28,$F$28),$E$29,$F$29),$E$30,$F$30),$E$31,$F$31),$E$32,$F$32),$E$33,$F$33) -> dull to bright | L21: =IF('Input Sheet'!F23=0, "NO",CONCATENATE('Input Sheet'!F23, IF('Input Sheet'!F23>0,"% ",""))) -> 60% | M21: =SUBSTITUTE(SUBSTITUTE(SUBSTITUTE(SUBSTITUTE(SUBSTITUTE(SUBSTITUTE(SUBSTITUTE(SUBSTITUTE(SUBSTITUTE(SUBSTITUTE(SUBSTITUTE(SUBSTITUTE(SUBSTITUTE(SUBSTITUTE(SUBSTITUTE(SUBSTITUTE(SUBSTITUTE(SUBSTITUTE(SUBSTITUTE(SUBSTITUTE(SUBSTITUTE(SUBSTITUTE(SUBSTITUTE(SUBSTITUTE(SUBSTITUTE(SUBSTITUTE(SUBSTITUTE(SUBSTITUTE(SUBSTITUTE(SUBSTITUTE(SUBSTITUTE('Input Sheet'!J23,$E$3,$F$3),$E$4,$F$4),$E$5,$F$5),$E$6,$F$6),$E$7,$F$7),$E$8,$F$8),$E$9,$F$9),$E$10,$F$10),$E$11,$F$11),$E$12,$F$12),$E$13,$F$13),$E$14,$F$14),$E$15,$F$15),$E$16,$F$16),$E$17,$F$17),$E$18,$F$18),$E$19,$F$19),$E$20,$F$20),$E$21,$F$21),$E$22,$F$22),$E$23,$F$23),$E$24,$F$24),$E$25,$F$25),$E$26,$F$26),$E$27,$F$27),$E$28,$F$28),$E$29,$F$29),$E$30,$F$30),$E$31,$F$31),$E$32,$F$32),$E$33,$F$33) -> Tr | N21: =CONCATENATE(M21, IF('Input Sheet'!J23="",""," siderite in ")) -> Tr siderite in | O21: =SUBSTITUTE(SUBSTITUTE(SUBSTITUTE(SUBSTITUTE(SUBSTITUTE(SUBSTITUTE(SUBSTITUTE(SUBSTITUTE(SUBSTITUTE(SUBSTITUTE(SUBSTITUTE(SUBSTITUTE(SUBSTITUTE(SUBSTITUTE(SUBSTITUTE(SUBSTITUTE(SUBSTITUTE(SUBSTITUTE(SUBSTITUTE(SUBSTITUTE(SUBSTITUTE(SUBSTITUTE(SUBSTITUTE(SUBSTITUTE(SUBSTITUTE(SUBSTITUTE(SUBSTITUTE(SUBSTITUTE(SUBSTITUTE(SUBSTITUTE(SUBSTITUTE('Input Sheet'!K23,$E$3,$F$3),$E$4,$F$4),$E$5,$F$5),$E$6,$F$6),$E$7,$F$7),$E$8,$F$8),$E$9,$F$9),$E$10,$F$10),$E$11,$F$11),$E$12,$F$12),$E$13,$F$13),$E$14,$F$14),$E$15,$F$15),$E$16,$F$16),$E$17,$F$17),$E$18,$F$18),$E$19,$F$19),$E$20,$F$20),$E$21,$F$21),$E$22,$F$22),$E$23,$F$23),$E$24,$F$24),$E$25,$F$25),$E$26,$F$26),$E$27,$F$27),$E$28,$F$28),$E$29,$F$29),$E$30,$F$30),$E$31,$F$31),$E$32,$F$32),$E$33,$F$33) -> Tr | P21: =CONCATENATE(O21, IF('Input Sheet'!K23="",""," siderite in ")) -> Tr siderite in
A22: =IF('Input Sheet'!C24="","",CONCATENATE("Sample ", 'Input Sheet'!B24, "m: ", N22, H22, "% ", "Siltstone, ", P22, 'Input Sheet'!C24, "% ", J22, " Sandstone, ", L22, K22, " FLUOR in SST. ", "TG ", 'Input Sheet'!I24, "U")) -> Sample 1640m: 10% Siltstone, Tr siderite in 90% fine to medium Sandstone, 100% moderately bright to bright FLUOR in SST. TG 255U | B22: =IF('Input Sheet'!C24="","",CONCATENATE("Sample ", 'Input Sheet'!B24, "m: ", O22, I22, "% ", "Siltstone, ", Q22, 'Input Sheet'!C24, "% ", K22, " Sandstone ")) -> Sample 1640m: Trfine to medium% Siltstone, 90% moderately bright to bright Sandstone | C22: =IF('Input Sheet'!C24="","",CONCATENATE("Sample ", 'Input Sheet'!B24, "m: ", N22,, L22, K22, " FLUOR in SST. ", "TG ", 'Input Sheet'!I24, "U")) -> Sample 1640m: 100% moderately bright to bright FLUOR in SST. TG 255U | H22: =IF('Input Sheet'!C24="","",100-'Input Sheet'!C24) -> 10 | I22: =SUBSTITUTE(SUBSTITUTE(SUBSTITUTE(SUBSTITUTE(SUBSTITUTE(SUBSTITUTE(SUBSTITUTE(SUBSTITUTE(SUBSTITUTE(SUBSTITUTE(SUBSTITUTE(SUBSTITUTE(SUBSTITUTE(SUBSTITUTE(SUBSTITUTE(SUBSTITUTE(SUBSTITUTE(SUBSTITUTE(SUBSTITUTE(SUBSTITUTE(SUBSTITUTE(SUBSTITUTE(SUBSTITUTE(SUBSTITUTE(SUBSTITUTE(SUBSTITUTE(SUBSTITUTE(SUBSTITUTE(SUBSTITUTE(SUBSTITUTE(SUBSTITUTE('Input Sheet'!D24,$E$3,$F$3),$E$4,$F$4),$E$5,$F$5),$E$6,$F$6),$E$7,$F$7),$E$8,$F$8),$E$9,$F$9),$E$10,$F$10),$E$11,$F$11),$E$12,$F$12),$E$13,$F$13),$E$14,$F$14),$E$15,$F$15),$E$16,$F$16),$E$17,$F$17),$E$18,$F$18),$E$19,$F$19),$E$20,$F$20),$E$21,$F$21),$E$22,$F$22),$E$23,$F$23),$E$24,$F$24),$E$25,$F$25),$E$26,$F$26),$E$27,$F$27),$E$28,$F$28),$E$29,$F$29),$E$30,$F$30),$E$31,$F$31),$E$32,$F$32),$E$33,$F$33) -> fine to medium | J22: =SUBSTITUTE(I22, "veryfine", "very fine") -> fine to medium | K22: =SUBSTITUTE(SUBSTITUTE(SUBSTITUTE(SUBSTITUTE(SUBSTITUTE(SUBSTITUTE(SUBSTITUTE(SUBSTITUTE(SUBSTITUTE(SUBSTITUTE(SUBSTITUTE(SUBSTITUTE(SUBSTITUTE(SUBSTITUTE(SUBSTITUTE(SUBSTITUTE(SUBSTITUTE(SUBSTITUTE(SUBSTITUTE(SUBSTITUTE(SUBSTITUTE(SUBSTITUTE(SUBSTITUTE(SUBSTITUTE(SUBSTITUTE(SUBSTITUTE(SUBSTITUTE(SUBSTITUTE(SUBSTITUTE(SUBSTITUTE(SUBSTITUTE('Input Sheet'!G24,$E$3,$F$3),$E$4,$F$4),$E$5,$F$5),$E$6,$F$6),$E$7,$F$7),$E$8,$F$8),$E$9,$F$9),$E$10,$F$10),$E$11,$F$11),$E$12,$F$12),$E$13,$F$13),$E$14,$F$14),$E$15,$F$15),$E$16,$F$16),$E$17,$F$17),$E$18,$F$18),$E$19,$F$19),$E$20,$F$20),$E$21,$F$21),$E$22,$F$22),$E$23,$F$23),$E$24,$F$24),$E$25,$F$25),$E$26,$F$26),$E$27,$F$27),$E$28,$F$28),$E$29,$F$29),$E$30,$F$30),$E$31,$F$31),$E$32,$F$32),$E$33,$F$33) -> moderately bright to bright | L22: =IF('Input Sheet'!F24=0, "NO",CONCATENATE('Input Sheet'!F24, IF('Input Sheet'!F24>0,"% ",""))) -> 100% | M22: =SUBSTITUTE(SUBSTITUTE(SUBSTITUTE(SUBSTITUTE(SUBSTITUTE(SUBSTITUTE(SUBSTITUTE(SUBSTITUTE(SUBSTITUTE(SUBSTITUTE(SUBSTITUTE(SUBSTITUTE(SUBSTITUTE(SUBSTITUTE(SUBSTITUTE(SUBSTITUTE(SUBSTITUTE(SUBSTITUTE(SUBSTITUTE(SUBSTITUTE(SUBSTITUTE(SUBSTITUTE(SUBSTITUTE(SUBSTITUTE(SUBSTITUTE(SUBSTITUTE(SUBSTITUTE(SUBSTITUTE(SUBSTITUTE(SUBSTITUTE(SUBSTITUTE('Input Sheet'!J24,$E$3,$F$3),$E$4,$F$4),$E$5,$F$5),$E$6,$F$6),$E$7,$F$7),$E$8,$F$8),$E$9,$F$9),$E$10,$F$10),$E$11,$F$11),$E$12,$F$12),$E$13,$F$13),$E$14,$F$14),$E$15,$F$15),$E$16,$F$16),$E$17,$F$17),$E$18,$F$18),$E$19,$F$19),$E$20,$F$20),$E$21,$F$21),$E$22,$F$22),$E$23,$F$23),$E$24,$F$24),$E$25,$F$25),$E$26,$F$26),$E$27,$F$27),$E$28,$F$28),$E$29,$F$29),$E$30,$F$30),$E$31,$F$31),$E$32,$F$32),$E$33,$F$33) | N22: =CONCATENATE(M22, IF('Input Sheet'!J24="",""," siderite in ")) | O22: =SUBSTITUTE(SUBSTITUTE(SUBSTITUTE(SUBSTITUTE(SUBSTITUTE(SUBSTITUTE(SUBSTITUTE(SUBSTITUTE(SUBSTITUTE(SUBSTITUTE(SUBSTITUTE(SUBSTITUTE(SUBSTITUTE(SUBSTITUTE(SUBSTITUTE(SUBSTITUTE(SUBSTITUTE(SUBSTITUTE(SUBSTITUTE(SUBSTITUTE(SUBSTITUTE(SUBSTITUTE(SUBSTITUTE(SUBSTITUTE(SUBSTITUTE(SUBSTITUTE(SUBSTITUTE(SUBSTITUTE(SUBSTITUTE(SUBSTITUTE(SUBSTITUTE('Input Sheet'!K24,$E$3,$F$3),$E$4,$F$4),$E$5,$F$5),$E$6,$F$6),$E$7,$F$7),$E$8,$F$8),$E$9,$F$9),$E$10,$F$10),$E$11,$F$11),$E$12,$F$12),$E$13,$F$13),$E$14,$F$14),$E$15,$F$15),$E$16,$F$16),$E$17,$F$17),$E$18,$F$18),$E$19,$F$19),$E$20,$F$20),$E$21,$F$21),$E$22,$F$22),$E$23,$F$23),$E$24,$F$24),$E$25,$F$25),$E$26,$F$26),$E$27,$F$27),$E$28,$F$28),$E$29,$F$29),$E$30,$F$30),$E$31,$F$31),$E$32,$F$32),$E$33,$F$33) -> Tr | P22: =CONCATENATE(O22, IF('Input Sheet'!K24="",""," siderite in ")) -> Tr siderite in
A23: =IF('Input Sheet'!C25="","",CONCATENATE("Sample ", 'Input Sheet'!B25, "m: ", N23, H23, "% ", "Siltstone, ", P23, 'Input Sheet'!C25, "% ", J23, " Sandstone, ", L23, K23, " FLUOR in SST. ", "TG ", 'Input Sheet'!I25, "U")) -> Sample 1645m: 0% Siltstone, Tr siderite in 100% fine to medium, rare coarse Sandstone, 100% moderately bright to bright FLUOR in SST. TG 267U | B23: =IF('Input Sheet'!C25="","",CONCATENATE("Sample ", 'Input Sheet'!B25, "m: ", O23, I23, "% ", "Siltstone, ", Q23, 'Input Sheet'!C25, "% ", K23, " Sandstone ")) -> Sample 1645m: Trfine to medium, rare coarse% Siltstone, 100% moderately bright to bright Sandstone | C23: =IF('Input Sheet'!C25="","",CONCATENATE("Sample ", 'Input Sheet'!B25, "m: ", N23,, L23, K23, " FLUOR in SST. ", "TG ", 'Input Sheet'!I25, "U")) -> Sample 1645m: 100% moderately bright to bright FLUOR in SST. TG 267U | H23: =IF('Input Sheet'!C25="","",100-'Input Sheet'!C25) -> 0 | I23: =SUBSTITUTE(SUBSTITUTE(SUBSTITUTE(SUBSTITUTE(SUBSTITUTE(SUBSTITUTE(SUBSTITUTE(SUBSTITUTE(SUBSTITUTE(SUBSTITUTE(SUBSTITUTE(SUBSTITUTE(SUBSTITUTE(SUBSTITUTE(SUBSTITUTE(SUBSTITUTE(SUBSTITUTE(SUBSTITUTE(SUBSTITUTE(SUBSTITUTE(SUBSTITUTE(SUBSTITUTE(SUBSTITUTE(SUBSTITUTE(SUBSTITUTE(SUBSTITUTE(SUBSTITUTE(SUBSTITUTE(SUBSTITUTE(SUBSTITUTE(SUBSTITUTE('Input Sheet'!D25,$E$3,$F$3),$E$4,$F$4),$E$5,$F$5),$E$6,$F$6),$E$7,$F$7),$E$8,$F$8),$E$9,$F$9),$E$10,$F$10),$E$11,$F$11),$E$12,$F$12),$E$13,$F$13),$E$14,$F$14),$E$15,$F$15),$E$16,$F$16),$E$17,$F$17),$E$18,$F$18),$E$19,$F$19),$E$20,$F$20),$E$21,$F$21),$E$22,$F$22),$E$23,$F$23),$E$24,$F$24),$E$25,$F$25),$E$26,$F$26),$E$27,$F$27),$E$28,$F$28),$E$29,$F$29),$E$30,$F$30),$E$31,$F$31),$E$32,$F$32),$E$33,$F$33) -> fine to medium, rare coarse | J23: =SUBSTITUTE(I23, "veryfine", "very fine") -> fine to medium, rare coarse | K23: =SUBSTITUTE(SUBSTITUTE(SUBSTITUTE(SUBSTITUTE(SUBSTITUTE(SUBSTITUTE(SUBSTITUTE(SUBSTITUTE(SUBSTITUTE(SUBSTITUTE(SUBSTITUTE(SUBSTITUTE(SUBSTITUTE(SUBSTITUTE(SUBSTITUTE(SUBSTITUTE(SUBSTITUTE(SUBSTITUTE(SUBSTITUTE(SUBSTITUTE(SUBSTITUTE(SUBSTITUTE(SUBSTITUTE(SUBSTITUTE(SUBSTITUTE(SUBSTITUTE(SUBSTITUTE(SUBSTITUTE(SUBSTITUTE(SUBSTITUTE(SUBSTITUTE('Input Sheet'!G25,$E$3,$F$3),$E$4,$F$4),$E$5,$F$5),$E$6,$F$6),$E$7,$F$7),$E$8,$F$8),$E$9,$F$9),$E$10,$F$10),$E$11,$F$11),$E$12,$F$12),$E$13,$F$13),$E$14,$F$14),$E$15,$F$15),$E$16,$F$16),$E$17,$F$17),$E$18,$F$18),$E$19,$F$19),$E$20,$F$20),$E$21,$F$21),$E$22,$F$22),$E$23,$F$23),$E$24,$F$24),$E$25,$F$25),$E$26,$F$26),$E$27,$F$27),$E$28,$F$28),$E$29,$F$29),$E$30,$F$30),$E$31,$F$31),$E$32,$F$32),$E$33,$F$33) -> moderately bright to bright | L23: =IF('Input Sheet'!F25=0, "NO",CONCATENATE('Input Sheet'!F25, IF('Input Sheet'!F25>0,"% ",""))) -> 100% | M23: =SUBSTITUTE(SUBSTITUTE(SUBSTITUTE(SUBSTITUTE(SUBSTITUTE(SUBSTITUTE(SUBSTITUTE(SUBSTITUTE(SUBSTITUTE(SUBSTITUTE(SUBSTITUTE(SUBSTITUTE(SUBSTITUTE(SUBSTITUTE(SUBSTITUTE(SUBSTITUTE(SUBSTITUTE(SUBSTITUTE(SUBSTITUTE(SUBSTITUTE(SUBSTITUTE(SUBSTITUTE(SUBSTITUTE(SUBSTITUTE(SUBSTITUTE(SUBSTITUTE(SUBSTITUTE(SUBSTITUTE(SUBSTITUTE(SUBSTITUTE(SUBSTITUTE('Input Sheet'!J25,$E$3,$F$3),$E$4,$F$4),$E$5,$F$5),$E$6,$F$6),$E$7,$F$7),$E$8,$F$8),$E$9,$F$9),$E$10,$F$10),$E$11,$F$11),$E$12,$F$12),$E$13,$F$13),$E$14,$F$14),$E$15,$F$15),$E$16,$F$16),$E$17,$F$17),$E$18,$F$18),$E$19,$F$19),$E$20,$F$20),$E$21,$F$21),$E$22,$F$22),$E$23,$F$23),$E$24,$F$24),$E$25,$F$25),$E$26,$F$26),$E$27,$F$27),$E$28,$F$28),$E$29,$F$29),$E$30,$F$30),$E$31,$F$31),$E$32,$F$32),$E$33,$F$33) | N23: =CONCATENATE(M23, IF('Input Sheet'!J25="",""," siderite in ")) | O23: =SUBSTITUTE(SUBSTITUTE(SUBSTITUTE(SUBSTITUTE(SUBSTITUTE(SUBSTITUTE(SUBSTITUTE(SUBSTITUTE(SUBSTITUTE(SUBSTITUTE(SUBSTITUTE(SUBSTITUTE(SUBSTITUTE(SUBSTITUTE(SUBSTITUTE(SUBSTITUTE(SUBSTITUTE(SUBSTITUTE(SUBSTITUTE(SUBSTITUTE(SUBSTITUTE(SUBSTITUTE(SUBSTITUTE(SUBSTITUTE(SUBSTITUTE(SUBSTITUTE(SUBSTITUTE(SUBSTITUTE(SUBSTITUTE(SUBSTITUTE(SUBSTITUTE('Input Sheet'!K25,$E$3,$F$3),$E$4,$F$4),$E$5,$F$5),$E$6,$F$6),$E$7,$F$7),$E$8,$F$8),$E$9,$F$9),$E$10,$F$10),$E$11,$F$11),$E$12,$F$12),$E$13,$F$13),$E$14,$F$14),$E$15,$F$15),$E$16,$F$16),$E$17,$F$17),$E$18,$F$18),$E$19,$F$19),$E$20,$F$20),$E$21,$F$21),$E$22,$F$22),$E$23,$F$23),$E$24,$F$24),$E$25,$F$25),$E$26,$F$26),$E$27,$F$27),$E$28,$F$28),$E$29,$F$29),$E$30,$F$30),$E$31,$F$31),$E$32,$F$32),$E$33,$F$33) -> Tr | P23: =CONCATENATE(O23, IF('Input Sheet'!K25="",""," siderite in ")) -> Tr siderite in
A24: =IF('Input Sheet'!C26="","",CONCATENATE("Sample ", 'Input Sheet'!B26, "m: ", N24, H24, "% ", "Siltstone, ", P24, 'Input Sheet'!C26, "% ", J24, " Sandstone, ", L24, K24, " FLUOR in SST. ", "TG ", 'Input Sheet'!I26, "U")) -> Sample 1650m: 5% Siltstone, 95% fine to coarse Sandstone, 100% bright FLUOR in SST. TG 224U | B24: =IF('Input Sheet'!C26="","",CONCATENATE("Sample ", 'Input Sheet'!B26, "m: ", O24, I24, "% ", "Siltstone, ", Q24, 'Input Sheet'!C26, "% ", K24, " Sandstone ")) -> Sample 1650m: fine to coarse% Siltstone, 95% bright Sandstone | C24: =IF('Input Sheet'!C26="","",CONCATENATE("Sample ", 'Input Sheet'!B26, "m: ", N24,, L24, K24, " FLUOR in SST. ", "TG ", 'Input Sheet'!I26, "U")) -> Sample 1650m: 100% bright FLUOR in SST. TG 224U | H24: =IF('Input Sheet'!C26="","",100-'Input Sheet'!C26) -> 5 | I24: =SUBSTITUTE(SUBSTITUTE(SUBSTITUTE(SUBSTITUTE(SUBSTITUTE(SUBSTITUTE(SUBSTITUTE(SUBSTITUTE(SUBSTITUTE(SUBSTITUTE(SUBSTITUTE(SUBSTITUTE(SUBSTITUTE(SUBSTITUTE(SUBSTITUTE(SUBSTITUTE(SUBSTITUTE(SUBSTITUTE(SUBSTITUTE(SUBSTITUTE(SUBSTITUTE(SUBSTITUTE(SUBSTITUTE(SUBSTITUTE(SUBSTITUTE(SUBSTITUTE(SUBSTITUTE(SUBSTITUTE(SUBSTITUTE(SUBSTITUTE(SUBSTITUTE('Input Sheet'!D26,$E$3,$F$3),$E$4,$F$4),$E$5,$F$5),$E$6,$F$6),$E$7,$F$7),$E$8,$F$8),$E$9,$F$9),$E$10,$F$10),$E$11,$F$11),$E$12,$F$12),$E$13,$F$13),$E$14,$F$14),$E$15,$F$15),$E$16,$F$16),$E$17,$F$17),$E$18,$F$18),$E$19,$F$19),$E$20,$F$20),$E$21,$F$21),$E$22,$F$22),$E$23,$F$23),$E$24,$F$24),$E$25,$F$25),$E$26,$F$26),$E$27,$F$27),$E$28,$F$28),$E$29,$F$29),$E$30,$F$30),$E$31,$F$31),$E$32,$F$32),$E$33,$F$33) -> fine to coarse | J24: =SUBSTITUTE(I24, "veryfine", "very fine") -> fine to coarse | K24: =SUBSTITUTE(SUBSTITUTE(SUBSTITUTE(SUBSTITUTE(SUBSTITUTE(SUBSTITUTE(SUBSTITUTE(SUBSTITUTE(SUBSTITUTE(SUBSTITUTE(SUBSTITUTE(SUBSTITUTE(SUBSTITUTE(SUBSTITUTE(SUBSTITUTE(SUBSTITUTE(SUBSTITUTE(SUBSTITUTE(SUBSTITUTE(SUBSTITUTE(SUBSTITUTE(SUBSTITUTE(SUBSTITUTE(SUBSTITUTE(SUBSTITUTE(SUBSTITUTE(SUBSTITUTE(SUBSTITUTE(SUBSTITUTE(SUBSTITUTE(SUBSTITUTE('Input Sheet'!G26,$E$3,$F$3),$E$4,$F$4),$E$5,$F$5),$E$6,$F$6),$E$7,$F$7),$E$8,$F$8),$E$9,$F$9),$E$10,$F$10),$E$11,$F$11),$E$12,$F$12),$E$13,$F$13),$E$14,$F$14),$E$15,$F$15),$E$16,$F$16),$E$17,$F$17),$E$18,$F$18),$E$19,$F$19),$E$20,$F$20),$E$21,$F$21),$E$22,$F$22),$E$23,$F$23),$E$24,$F$24),$E$25,$F$25),$E$26,$F$26),$E$27,$F$27),$E$28,$F$28),$E$29,$F$29),$E$30,$F$30),$E$31,$F$31),$E$32,$F$32),$E$33,$F$33) -> bright | L24: =IF('Input Sheet'!F26=0, "NO",CONCATENATE('Input Sheet'!F26, IF('Input Sheet'!F26>0,"% ",""))) -> 100% | M24: =SUBSTITUTE(SUBSTITUTE(SUBSTITUTE(SUBSTITUTE(SUBSTITUTE(SUBSTITUTE(SUBSTITUTE(SUBSTITUTE(SUBSTITUTE(SUBSTITUTE(SUBSTITUTE(SUBSTITUTE(SUBSTITUTE(SUBSTITUTE(SUBSTITUTE(SUBSTITUTE(SUBSTITUTE(SUBSTITUTE(SUBSTITUTE(SUBSTITUTE(SUBSTITUTE(SUBSTITUTE(SUBSTITUTE(SUBSTITUTE(SUBSTITUTE(SUBSTITUTE(SUBSTITUTE(SUBSTITUTE(SUBSTITUTE(SUBSTITUTE(SUBSTITUTE('Input Sheet'!J26,$E$3,$F$3),$E$4,$F$4),$E$5,$F$5),$E$6,$F$6),$E$7,$F$7),$E$8,$F$8),$E$9,$F$9),$E$10,$F$10),$E$11,$F$11),$E$12,$F$12),$E$13,$F$13),$E$14,$F$14),$E$15,$F$15),$E$16,$F$16),$E$17,$F$17),$E$18,$F$18),$E$19,$F$19),$E$20,$F$20),$E$21,$F$21),$E$22,$F$22),$E$23,$F$23),$E$24,$F$24),$E$25,$F$25),$E$26,$F$26),$E$27,$F$27),$E$28,$F$28),$E$29,$F$29),$E$30,$F$30),$E$31,$F$31),$E$32,$F$32),$E$33,$F$33) | N24: =CONCATENATE(M24, IF('Input Sheet'!J26="",""," siderite in ")) | O24: =SUBSTITUTE(SUBSTITUTE(SUBSTITUTE(SUBSTITUTE(SUBSTITUTE(SUBSTITUTE(SUBSTITUTE(SUBSTITUTE(SUBSTITUTE(SUBSTITUTE(SUBSTITUTE(SUBSTITUTE(SUBSTITUTE(SUBSTITUTE(SUBSTITUTE(SUBSTITUTE(SUBSTITUTE(SUBSTITUTE(SUBSTITUTE(SUBSTITUTE(SUBSTITUTE(SUBSTITUTE(SUBSTITUTE(SUBSTITUTE(SUBSTITUTE(SUBSTITUTE(SUBSTITUTE(SUBSTITUTE(SUBSTITUTE(SUBSTITUTE(SUBSTITUTE('Input Sheet'!K26,$E$3,$F$3),$E$4,$F$4),$E$5,$F$5),$E$6,$F$6),$E$7,$F$7),$E$8,$F$8),$E$9,$F$9),$E$10,$F$10),$E$11,$F$11),$E$12,$F$12),$E$13,$F$13),$E$14,$F$14),$E$15,$F$15),$E$16,$F$16),$E$17,$F$17),$E$18,$F$18),$E$19,$F$19),$E$20,$F$20),$E$21,$F$21),$E$22,$F$22),$E$23,$F$23),$E$24,$F$24),$E$25,$F$25),$E$26,$F$26),$E$27,$F$27),$E$28,$F$28),$E$29,$F$29),$E$30,$F$30),$E$31,$F$31),$E$32,$F$32),$E$33,$F$33) | P24: =CONCATENATE(O24, IF('Input Sheet'!K26="",""," siderite in "))
A25: =IF('Input Sheet'!C27="","",CONCATENATE("Sample ", 'Input Sheet'!B27, "m: ", N25, H25, "% ", "Siltstone, ", P25, 'Input Sheet'!C27, "% ", J25, " Sandstone, ", L25, K25, " FLUOR in SST. ", "TG ", 'Input Sheet'!I27, "U")) -> Sample 1655m: 0% Siltstone, Tr siderite in 100% fine to coarse Sandstone, 100% bright FLUOR in SST. TG 235U | B25: =IF('Input Sheet'!C27="","",CONCATENATE("Sample ", 'Input Sheet'!B27, "m: ", O25, I25, "% ", "Siltstone, ", Q25, 'Input Sheet'!C27, "% ", K25, " Sandstone ")) -> Sample 1655m: Trfine to coarse% Siltstone, 100% bright Sandstone | C25: =IF('Input Sheet'!C27="","",CONCATENATE("Sample ", 'Input Sheet'!B27, "m: ", N25,, L25, K25, " FLUOR in SST. ", "TG ", 'Input Sheet'!I27, "U")) -> Sample 1655m: 100% bright FLUOR in SST. TG 235U | H25: =IF('Input Sheet'!C27="","",100-'Input Sheet'!C27) -> 0 | I25: =SUBSTITUTE(SUBSTITUTE(SUBSTITUTE(SUBSTITUTE(SUBSTITUTE(SUBSTITUTE(SUBSTITUTE(SUBSTITUTE(SUBSTITUTE(SUBSTITUTE(SUBSTITUTE(SUBSTITUTE(SUBSTITUTE(SUBSTITUTE(SUBSTITUTE(SUBSTITUTE(SUBSTITUTE(SUBSTITUTE(SUBSTITUTE(SUBSTITUTE(SUBSTITUTE(SUBSTITUTE(SUBSTITUTE(SUBSTITUTE(SUBSTITUTE(SUBSTITUTE(SUBSTITUTE(SUBSTITUTE(SUBSTITUTE(SUBSTITUTE(SUBSTITUTE('Input Sheet'!D27,$E$3,$F$3),$E$4,$F$4),$E$5,$F$5),$E$6,$F$6),$E$7,$F$7),$E$8,$F$8),$E$9,$F$9),$E$10,$F$10),$E$11,$F$11),$E$12,$F$12),$E$13,$F$13),$E$14,$F$14),$E$15,$F$15),$E$16,$F$16),$E$17,$F$17),$E$18,$F$18),$E$19,$F$19),$E$20,$F$20),$E$21,$F$21),$E$22,$F$22),$E$23,$F$23),$E$24,$F$24),$E$25,$F$25),$E$26,$F$26),$E$27,$F$27),$E$28,$F$28),$E$29,$F$29),$E$30,$F$30),$E$31,$F$31),$E$32,$F$32),$E$33,$F$33) -> fine to coarse | J25: =SUBSTITUTE(I25, "veryfine", "very fine") -> fine to coarse | K25: =SUBSTITUTE(SUBSTITUTE(SUBSTITUTE(SUBSTITUTE(SUBSTITUTE(SUBSTITUTE(SUBSTITUTE(SUBSTITUTE(SUBSTITUTE(SUBSTITUTE(SUBSTITUTE(SUBSTITUTE(SUBSTITUTE(SUBSTITUTE(SUBSTITUTE(SUBSTITUTE(SUBSTITUTE(SUBSTITUTE(SUBSTITUTE(SUBSTITUTE(SUBSTITUTE(SUBSTITUTE(SUBSTITUTE(SUBSTITUTE(SUBSTITUTE(SUBSTITUTE(SUBSTITUTE(SUBSTITUTE(SUBSTITUTE(SUBSTITUTE(SUBSTITUTE('Input Sheet'!G27,$E$3,$F$3),$E$4,$F$4),$E$5,$F$5),$E$6,$F$6),$E$7,$F$7),$E$8,$F$8),$E$9,$F$9),$E$10,$F$10),$E$11,$F$11),$E$12,$F$12),$E$13,$F$13),$E$14,$F$14),$E$15,$F$15),$E$16,$F$16),$E$17,$F$17),$E$18,$F$18),$E$19,$F$19),$E$20,$F$20),$E$21,$F$21),$E$22,$F$22),$E$23,$F$23),$E$24,$F$24),$E$25,$F$25),$E$26,$F$26),$E$27,$F$27),$E$28,$F$28),$E$29,$F$29),$E$30,$F$30),$E$31,$F$31),$E$32,$F$32),$E$33,$F$33) -> bright | L25: =IF('Input Sheet'!F27=0, "NO",CONCATENATE('Input Sheet'!F27, IF('Input Sheet'!F27>0,"% ",""))) -> 100% | M25: =SUBSTITUTE(SUBSTITUTE(SUBSTITUTE(SUBSTITUTE(SUBSTITUTE(SUBSTITUTE(SUBSTITUTE(SUBSTITUTE(SUBSTITUTE(SUBSTITUTE(SUBSTITUTE(SUBSTITUTE(SUBSTITUTE(SUBSTITUTE(SUBSTITUTE(SUBSTITUTE(SUBSTITUTE(SUBSTITUTE(SUBSTITUTE(SUBSTITUTE(SUBSTITUTE(SUBSTITUTE(SUBSTITUTE(SUBSTITUTE(SUBSTITUTE(SUBSTITUTE(SUBSTITUTE(SUBSTITUTE(SUBSTITUTE(SUBSTITUTE(SUBSTITUTE('Input Sheet'!J27,$E$3,$F$3),$E$4,$F$4),$E$5,$F$5),$E$6,$F$6),$E$7,$F$7),$E$8,$F$8),$E$9,$F$9),$E$10,$F$10),$E$11,$F$11),$E$12,$F$12),$E$13,$F$13),$E$14,$F$14),$E$15,$F$15),$E$16,$F$16),$E$17,$F$17),$E$18,$F$18),$E$19,$F$19),$E$20,$F$20),$E$21,$F$21),$E$22,$F$22),$E$23,$F$23),$E$24,$F$24),$E$25,$F$25),$E$26,$F$26),$E$27,$F$27),$E$28,$F$28),$E$29,$F$29),$E$30,$F$30),$E$31,$F$31),$E$32,$F$32),$E$33,$F$33) | N25: =CONCATENATE(M25, IF('Input Sheet'!J27="",""," siderite in ")) | O25: =SUBSTITUTE(SUBSTITUTE(SUBSTITUTE(SUBSTITUTE(SUBSTITUTE(SUBSTITUTE(SUBSTITUTE(SUBSTITUTE(SUBSTITUTE(SUBSTITUTE(SUBSTITUTE(SUBSTITUTE(SUBSTITUTE(SUBSTITUTE(SUBSTITUTE(SUBSTITUTE(SUBSTITUTE(SUBSTITUTE(SUBSTITUTE(SUBSTITUTE(SUBSTITUTE(SUBSTITUTE(SUBSTITUTE(SUBSTITUTE(SUBSTITUTE(SUBSTITUTE(SUBSTITUTE(SUBSTITUTE(SUBSTITUTE(SUBSTITUTE(SUBSTITUTE('Input Sheet'!K27,$E$3,$F$3),$E$4,$F$4),$E$5,$F$5),$E$6,$F$6),$E$7,$F$7),$E$8,$F$8),$E$9,$F$9),$E$10,$F$10),$E$11,$F$11),$E$12,$F$12),$E$13,$F$13),$E$14,$F$14),$E$15,$F$15),$E$16,$F$16),$E$17,$F$17),$E$18,$F$18),$E$19,$F$19),$E$20,$F$20),$E$21,$F$21),$E$22,$F$22),$E$23,$F$23),$E$24,$F$24),$E$25,$F$25),$E$26,$F$26),$E$27,$F$27),$E$28,$F$28),$E$29,$F$29),$E$30,$F$30),$E$31,$F$31),$E$32,$F$32),$E$33,$F$33) -> Tr | P25: =CONCATENATE(O25, IF('Input Sheet'!K27="",""," siderite in ")) -> Tr siderite in
A26: =IF('Input Sheet'!C28="","",CONCATENATE("Sample ", 'Input Sheet'!B28, "m: ", N26, H26, "% ", "Siltstone, ", P26, 'Input Sheet'!C28, "% ", J26, " Sandstone, ", L26, K26, " FLUOR in SST. ", "TG ", 'Input Sheet'!I28, "U")) -> Sample 1660m: 0% Siltstone, rare siderite in 100% dominantly fine to medium, rare coarse Sandstone, 100% bright FLUOR in SST. TG 185U | B26: =IF('Input Sheet'!C28="","",CONCATENATE("Sample ", 'Input Sheet'!B28, "m: ", O26, I26, "% ", "Siltstone, ", Q26, 'Input Sheet'!C28, "% ", K26, " Sandstone ")) -> Sample 1660m: raredominantly fine to medium, rare coarse% Siltstone, 100% bright Sandstone | C26: =IF('Input Sheet'!C28="","",CONCATENATE("Sample ", 'Input Sheet'!B28, "m: ", N26,, L26, K26, " FLUOR in SST. ", "TG ", 'Input Sheet'!I28, "U")) -> Sample 1660m: 100% bright FLUOR in SST. TG 185U | H26: =IF('Input Sheet'!C28="","",100-'Input Sheet'!C28) -> 0 | I26: =SUBSTITUTE(SUBSTITUTE(SUBSTITUTE(SUBSTITUTE(SUBSTITUTE(SUBSTITUTE(SUBSTITUTE(SUBSTITUTE(SUBSTITUTE(SUBSTITUTE(SUBSTITUTE(SUBSTITUTE(SUBSTITUTE(SUBSTITUTE(SUBSTITUTE(SUBSTITUTE(SUBSTITUTE(SUBSTITUTE(SUBSTITUTE(SUBSTITUTE(SUBSTITUTE(SUBSTITUTE(SUBSTITUTE(SUBSTITUTE(SUBSTITUTE(SUBSTITUTE(SUBSTITUTE(SUBSTITUTE(SUBSTITUTE(SUBSTITUTE(SUBSTITUTE('Input Sheet'!D28,$E$3,$F$3),$E$4,$F$4),$E$5,$F$5),$E$6,$F$6),$E$7,$F$7),$E$8,$F$8),$E$9,$F$9),$E$10,$F$10),$E$11,$F$11),$E$12,$F$12),$E$13,$F$13),$E$14,$F$14),$E$15,$F$15),$E$16,$F$16),$E$17,$F$17),$E$18,$F$18),$E$19,$F$19),$E$20,$F$20),$E$21,$F$21),$E$22,$F$22),$E$23,$F$23),$E$24,$F$24),$E$25,$F$25),$E$26,$F$26),$E$27,$F$27),$E$28,$F$28),$E$29,$F$29),$E$30,$F$30),$E$31,$F$31),$E$32,$F$32),$E$33,$F$33) -> dominantly fine to medium, rare coarse | J26: =SUBSTITUTE(I26, "veryfine", "very fine") -> dominantly fine to medium, rare coarse | K26: =SUBSTITUTE(SUBSTITUTE(SUBSTITUTE(SUBSTITUTE(SUBSTITUTE(SUBSTITUTE(SUBSTITUTE(SUBSTITUTE(SUBSTITUTE(SUBSTITUTE(SUBSTITUTE(SUBSTITUTE(SUBSTITUTE(SUBSTITUTE(SUBSTITUTE(SUBSTITUTE(SUBSTITUTE(SUBSTITUTE(SUBSTITUTE(SUBSTITUTE(SUBSTITUTE(SUBSTITUTE(SUBSTITUTE(SUBSTITUTE(SUBSTITUTE(SUBSTITUTE(SUBSTITUTE(SUBSTITUTE(SUBSTITUTE(SUBSTITUTE(SUBSTITUTE('Input Sheet'!G28,$E$3,$F$3),$E$4,$F$4),$E$5,$F$5),$E$6,$F$6),$E$7,$F$7),$E$8,$F$8),$E$9,$F$9),$E$10,$F$10),$E$11,$F$11),$E$12,$F$12),$E$13,$F$13),$E$14,$F$14),$E$15,$F$15),$E$16,$F$16),$E$17,$F$17),$E$18,$F$18),$E$19,$F$19),$E$20,$F$20),$E$21,$F$21),$E$22,$F$22),$E$23,$F$23),$E$24,$F$24),$E$25,$F$25),$E$26,$F$26),$E$27,$F$27),$E$28,$F$28),$E$29,$F$29),$E$30,$F$30),$E$31,$F$31),$E$32,$F$32),$E$33,$F$33) -> bright | L26: =IF('Input Sheet'!F28=0, "NO",CONCATENATE('Input Sheet'!F28, IF('Input Sheet'!F28>0,"% ",""))) -> 100% | M26: =SUBSTITUTE(SUBSTITUTE(SUBSTITUTE(SUBSTITUTE(SUBSTITUTE(SUBSTITUTE(SUBSTITUTE(SUBSTITUTE(SUBSTITUTE(SUBSTITUTE(SUBSTITUTE(SUBSTITUTE(SUBSTITUTE(SUBSTITUTE(SUBSTITUTE(SUBSTITUTE(SUBSTITUTE(SUBSTITUTE(SUBSTITUTE(SUBSTITUTE(SUBSTITUTE(SUBSTITUTE(SUBSTITUTE(SUBSTITUTE(SUBSTITUTE(SUBSTITUTE(SUBSTITUTE(SUBSTITUTE(SUBSTITUTE(SUBSTITUTE(SUBSTITUTE('Input Sheet'!J28,$E$3,$F$3),$E$4,$F$4),$E$5,$F$5),$E$6,$F$6),$E$7,$F$7),$E$8,$F$8),$E$9,$F$9),$E$10,$F$10),$E$11,$F$11),$E$12,$F$12),$E$13,$F$13),$E$14,$F$14),$E$15,$F$15),$E$16,$F$16),$E$17,$F$17),$E$18,$F$18),$E$19,$F$19),$E$20,$F$20),$E$21,$F$21),$E$22,$F$22),$E$23,$F$23),$E$24,$F$24),$E$25,$F$25),$E$26,$F$26),$E$27,$F$27),$E$28,$F$28),$E$29,$F$29),$E$30,$F$30),$E$31,$F$31),$E$32,$F$32),$E$33,$F$33) | N26: =CONCATENATE(M26, IF('Input Sheet'!J28="",""," siderite in ")) | O26: =SUBSTITUTE(SUBSTITUTE(SUBSTITUTE(SUBSTITUTE(SUBSTITUTE(SUBSTITUTE(SUBSTITUTE(SUBSTITUTE(SUBSTITUTE(SUBSTITUTE(SUBSTITUTE(SUBSTITUTE(SUBSTITUTE(SUBSTITUTE(SUBSTITUTE(SUBSTITUTE(SUBSTITUTE(SUBSTITUTE(SUBSTITUTE(SUBSTITUTE(SUBSTITUTE(SUBSTITUTE(SUBSTITUTE(SUBSTITUTE(SUBSTITUTE(SUBSTITUTE(SUBSTITUTE(SUBSTITUTE(SUBSTITUTE(SUBSTITUTE(SUBSTITUTE('Input Sheet'!K28,$E$3,$F$3),$E$4,$F$4),$E$5,$F$5),$E$6,$F$6),$E$7,$F$7),$E$8,$F$8),$E$9,$F$9),$E$10,$F$10),$E$11,$F$11),$E$12,$F$12),$E$13,$F$13),$E$14,$F$14),$E$15,$F$15),$E$16,$F$16),$E$17,$F$17),$E$18,$F$18),$E$19,$F$19),$E$20,$F$20),$E$21,$F$21),$E$22,$F$22),$E$23,$F$23),$E$24,$F$24),$E$25,$F$25),$E$26,$F$26),$E$27,$F$27),$E$28,$F$28),$E$29,$F$29),$E$30,$F$30),$E$31,$F$31),$E$32,$F$32),$E$33,$F$33) -> rare | P26: =CONCATENATE(O26, IF('Input Sheet'!K28="",""," siderite in ")) -> rare siderite in
A27: =IF('Input Sheet'!C29="","",CONCATENATE("Sample ", 'Input Sheet'!B29, "m: ", N27, H27, "% ", "Siltstone, ", P27, 'Input Sheet'!C29, "% ", J27, " Sandstone, ", L27, K27, " FLUOR in SST. ", "TG ", 'Input Sheet'!I29, "U")) -> Sample 1665m: 5% Siltstone, rare siderite in 95% very fine to medium, rare coarse Sandstone, 100% bright FLUOR in SST. TG 179U | B27: =IF('Input Sheet'!C29="","",CONCATENATE("Sample ", 'Input Sheet'!B29, "m: ", O27, I27, "% ", "Siltstone, ", Q27, 'Input Sheet'!C29, "% ", K27, " Sandstone ")) -> Sample 1665m: rareveryfine to medium, rare coarse% Siltstone, 95% bright Sandstone | C27: =IF('Input Sheet'!C29="","",CONCATENATE("Sample ", 'Input Sheet'!B29, "m: ", N27,, L27, K27, " FLUOR in SST. ", "TG ", 'Input Sheet'!I29, "U")) -> Sample 1665m: 100% bright FLUOR in SST. TG 179U | H27: =IF('Input Sheet'!C29="","",100-'Input Sheet'!C29) -> 5 | I27: =SUBSTITUTE(SUBSTITUTE(SUBSTITUTE(SUBSTITUTE(SUBSTITUTE(SUBSTITUTE(SUBSTITUTE(SUBSTITUTE(SUBSTITUTE(SUBSTITUTE(SUBSTITUTE(SUBSTITUTE(SUBSTITUTE(SUBSTITUTE(SUBSTITUTE(SUBSTITUTE(SUBSTITUTE(SUBSTITUTE(SUBSTITUTE(SUBSTITUTE(SUBSTITUTE(SUBSTITUTE(SUBSTITUTE(SUBSTITUTE(SUBSTITUTE(SUBSTITUTE(SUBSTITUTE(SUBSTITUTE(SUBSTITUTE(SUBSTITUTE(SUBSTITUTE('Input Sheet'!D29,$E$3,$F$3),$E$4,$F$4),$E$5,$F$5),$E$6,$F$6),$E$7,$F$7),$E$8,$F$8),$E$9,$F$9),$E$10,$F$10),$E$11,$F$11),$E$12,$F$12),$E$13,$F$13),$E$14,$F$14),$E$15,$F$15),$E$16,$F$16),$E$17,$F$17),$E$18,$F$18),$E$19,$F$19),$E$20,$F$20),$E$21,$F$21),$E$22,$F$22),$E$23,$F$23),$E$24,$F$24),$E$25,$F$25),$E$26,$F$26),$E$27,$F$27),$E$28,$F$28),$E$29,$F$29),$E$30,$F$30),$E$31,$F$31),$E$32,$F$32),$E$33,$F$33) -> veryfine to medium, rare coarse | J27: =SUBSTITUTE(I27, "veryfine", "very fine") -> very fine to medium, rare coarse | K27: =SUBSTITUTE(SUBSTITUTE(SUBSTITUTE(SUBSTITUTE(SUBSTITUTE(SUBSTITUTE(SUBSTITUTE(SUBSTITUTE(SUBSTITUTE(SUBSTITUTE(SUBSTITUTE(SUBSTITUTE(SUBSTITUTE(SUBSTITUTE(SUBSTITUTE(SUBSTITUTE(SUBSTITUTE(SUBSTITUTE(SUBSTITUTE(SUBSTITUTE(SUBSTITUTE(SUBSTITUTE(SUBSTITUTE(SUBSTITUTE(SUBSTITUTE(SUBSTITUTE(SUBSTITUTE(SUBSTITUTE(SUBSTITUTE(SUBSTITUTE(SUBSTITUTE('Input Sheet'!G29,$E$3,$F$3),$E$4,$F$4),$E$5,$F$5),$E$6,$F$6),$E$7,$F$7),$E$8,$F$8),$E$9,$F$9),$E$10,$F$10),$E$11,$F$11),$E$12,$F$12),$E$13,$F$13),$E$14,$F$14),$E$15,$F$15),$E$16,$F$16),$E$17,$F$17),$E$18,$F$18),$E$19,$F$19),$E$20,$F$20),$E$21,$F$21),$E$22,$F$22),$E$23,$F$23),$E$24,$F$24),$E$25,$F$25),$E$26,$F$26),$E$27,$F$27),$E$28,$F$28),$E$29,$F$29),$E$30,$F$30),$E$31,$F$31),$E$32,$F$32),$E$33,$F$33) -> bright | L27: =IF('Input Sheet'!F29=0, "NO",CONCATENATE('Input Sheet'!F29, IF('Input Sheet'!F29>0,"% ",""))) -> 100% | M27: =SUBSTITUTE(SUBSTITUTE(SUBSTITUTE(SUBSTITUTE(SUBSTITUTE(SUBSTITUTE(SUBSTITUTE(SUBSTITUTE(SUBSTITUTE(SUBSTITUTE(SUBSTITUTE(SUBSTITUTE(SUBSTITUTE(SUBSTITUTE(SUBSTITUTE(SUBSTITUTE(SUBSTITUTE(SUBSTITUTE(SUBSTITUTE(SUBSTITUTE(SUBSTITUTE(SUBSTITUTE(SUBSTITUTE(SUBSTITUTE(SUBSTITUTE(SUBSTITUTE(SUBSTITUTE(SUBSTITUTE(SUBSTITUTE(SUBSTITUTE(SUBSTITUTE('Input Sheet'!J29,$E$3,$F$3),$E$4,$F$4),$E$5,$F$5),$E$6,$F$6),$E$7,$F$7),$E$8,$F$8),$E$9,$F$9),$E$10,$F$10),$E$11,$F$11),$E$12,$F$12),$E$13,$F$13),$E$14,$F$14),$E$15,$F$15),$E$16,$F$16),$E$17,$F$17),$E$18,$F$18),$E$19,$F$19),$E$20,$F$20),$E$21,$F$21),$E$22,$F$22),$E$23,$F$23),$E$24,$F$24),$E$25,$F$25),$E$26,$F$26),$E$27,$F$27),$E$28,$F$28),$E$29,$F$29),$E$30,$F$30),$E$31,$F$31),$E$32,$F$32),$E$33,$F$33) | N27: =CONCATENATE(M27, IF('Input Sheet'!J29="",""," siderite in ")) | O27: =SUBSTITUTE(SUBSTITUTE(SUBSTITUTE(SUBSTITUTE(SUBSTITUTE(SUBSTITUTE(SUBSTITUTE(SUBSTITUTE(SUBSTITUTE(SUBSTITUTE(SUBSTITUTE(SUBSTITUTE(SUBSTITUTE(SUBSTITUTE(SUBSTITUTE(SUBSTITUTE(SUBSTITUTE(SUBSTITUTE(SUBSTITUTE(SUBSTITUTE(SUBSTITUTE(SUBSTITUTE(SUBSTITUTE(SUBSTITUTE(SUBSTITUTE(SUBSTITUTE(SUBSTITUTE(SUBSTITUTE(SUBSTITUTE(SUBSTITUTE(SUBSTITUTE('Input Sheet'!K29,$E$3,$F$3),$E$4,$F$4),$E$5,$F$5),$E$6,$F$6),$E$7,$F$7),$E$8,$F$8),$E$9,$F$9),$E$10,$F$10),$E$11,$F$11),$E$12,$F$12),$E$13,$F$13),$E$14,$F$14),$E$15,$F$15),$E$16,$F$16),$E$17,$F$17),$E$18,$F$18),$E$19,$F$19),$E$20,$F$20),$E$21,$F$21),$E$22,$F$22),$E$23,$F$23),$E$24,$F$24),$E$25,$F$25),$E$26,$F$26),$E$27,$F$27),$E$28,$F$28),$E$29,$F$29),$E$30,$F$30),$E$31,$F$31),$E$32,$F$32),$E$33,$F$33) -> rare | P27: =CONCATENATE(O27, IF('Input Sheet'!K29="",""," siderite in ")) -> rare siderite in
A28: =IF('Input Sheet'!C30="","",CONCATENATE("Sample ", 'Input Sheet'!B30, "m: ", N28, H28, "% ", "Siltstone, ", P28, 'Input Sheet'!C30, "% ", J28, " Sandstone, ", L28, K28, " FLUOR in SST. ", "TG ", 'Input Sheet'!I30, "U")) -> Sample 1670m: 0% Siltstone, rare siderite in 100% very fine to coarse Sandstone, 100% bright FLUOR in SST. TG 218U | B28: =IF('Input Sheet'!C30="","",CONCATENATE("Sample ", 'Input Sheet'!B30, "m: ", O28, I28, "% ", "Siltstone, ", Q28, 'Input Sheet'!C30, "% ", K28, " Sandstone ")) -> Sample 1670m: rareveryfine to coarse% Siltstone, 100% bright Sandstone | C28: =IF('Input Sheet'!C30="","",CONCATENATE("Sample ", 'Input Sheet'!B30, "m: ", N28,, L28, K28, " FLUOR in SST. ", "TG ", 'Input Sheet'!I30, "U")) -> Sample 1670m: 100% bright FLUOR in SST. TG 218U | H28: =IF('Input Sheet'!C30="","",100-'Input Sheet'!C30) -> 0 | I28: =SUBSTITUTE(SUBSTITUTE(SUBSTITUTE(SUBSTITUTE(SUBSTITUTE(SUBSTITUTE(SUBSTITUTE(SUBSTITUTE(SUBSTITUTE(SUBSTITUTE(SUBSTITUTE(SUBSTITUTE(SUBSTITUTE(SUBSTITUTE(SUBSTITUTE(SUBSTITUTE(SUBSTITUTE(SUBSTITUTE(SUBSTITUTE(SUBSTITUTE(SUBSTITUTE(SUBSTITUTE(SUBSTITUTE(SUBSTITUTE(SUBSTITUTE(SUBSTITUTE(SUBSTITUTE(SUBSTITUTE(SUBSTITUTE(SUBSTITUTE(SUBSTITUTE('Input Sheet'!D30,$E$3,$F$3),$E$4,$F$4),$E$5,$F$5),$E$6,$F$6),$E$7,$F$7),$E$8,$F$8),$E$9,$F$9),$E$10,$F$10),$E$11,$F$11),$E$12,$F$12),$E$13,$F$13),$E$14,$F$14),$E$15,$F$15),$E$16,$F$16),$E$17,$F$17),$E$18,$F$18),$E$19,$F$19),$E$20,$F$20),$E$21,$F$21),$E$22,$F$22),$E$23,$F$23),$E$24,$F$24),$E$25,$F$25),$E$26,$F$26),$E$27,$F$27),$E$28,$F$28),$E$29,$F$29),$E$30,$F$30),$E$31,$F$31),$E$32,$F$32),$E$33,$F$33) -> veryfine to coarse | J28: =SUBSTITUTE(I28, "veryfine", "very fine") -> very fine to coarse | K28: =SUBSTITUTE(SUBSTITUTE(SUBSTITUTE(SUBSTITUTE(SUBSTITUTE(SUBSTITUTE(SUBSTITUTE(SUBSTITUTE(SUBSTITUTE(SUBSTITUTE(SUBSTITUTE(SUBSTITUTE(SUBSTITUTE(SUBSTITUTE(SUBSTITUTE(SUBSTITUTE(SUBSTITUTE(SUBSTITUTE(SUBSTITUTE(SUBSTITUTE(SUBSTITUTE(SUBSTITUTE(SUBSTITUTE(SUBSTITUTE(SUBSTITUTE(SUBSTITUTE(SUBSTITUTE(SUBSTITUTE(SUBSTITUTE(SUBSTITUTE(SUBSTITUTE('Input Sheet'!G30,$E$3,$F$3),$E$4,$F$4),$E$5,$F$5),$E$6,$F$6),$E$7,$F$7),$E$8,$F$8),$E$9,$F$9),$E$10,$F$10),$E$11,$F$11),$E$12,$F$12),$E$13,$F$13),$E$14,$F$14),$E$15,$F$15),$E$16,$F$16),$E$17,$F$17),$E$18,$F$18),$E$19,$F$19),$E$20,$F$20),$E$21,$F$21),$E$22,$F$22),$E$23,$F$23),$E$24,$F$24),$E$25,$F$25),$E$26,$F$26),$E$27,$F$27),$E$28,$F$28),$E$29,$F$29),$E$30,$F$30),$E$31,$F$31),$E$32,$F$32),$E$33,$F$33) -> bright | L28: =IF('Input Sheet'!F30=0, "NO",CONCATENATE('Input Sheet'!F30, IF('Input Sheet'!F30>0,"% ",""))) -> 100% | M28: =SUBSTITUTE(SUBSTITUTE(SUBSTITUTE(SUBSTITUTE(SUBSTITUTE(SUBSTITUTE(SUBSTITUTE(SUBSTITUTE(SUBSTITUTE(SUBSTITUTE(SUBSTITUTE(SUBSTITUTE(SUBSTITUTE(SUBSTITUTE(SUBSTITUTE(SUBSTITUTE(SUBSTITUTE(SUBSTITUTE(SUBSTITUTE(SUBSTITUTE(SUBSTITUTE(SUBSTITUTE(SUBSTITUTE(SUBSTITUTE(SUBSTITUTE(SUBSTITUTE(SUBSTITUTE(SUBSTITUTE(SUBSTITUTE(SUBSTITUTE(SUBSTITUTE('Input Sheet'!J30,$E$3,$F$3),$E$4,$F$4),$E$5,$F$5),$E$6,$F$6),$E$7,$F$7),$E$8,$F$8),$E$9,$F$9),$E$10,$F$10),$E$11,$F$11),$E$12,$F$12),$E$13,$F$13),$E$14,$F$14),$E$15,$F$15),$E$16,$F$16),$E$17,$F$17),$E$18,$F$18),$E$19,$F$19),$E$20,$F$20),$E$21,$F$21),$E$22,$F$22),$E$23,$F$23),$E$24,$F$24),$E$25,$F$25),$E$26,$F$26),$E$27,$F$27),$E$28,$F$28),$E$29,$F$29),$E$30,$F$30),$E$31,$F$31),$E$32,$F$32),$E$33,$F$33) | N28: =CONCATENATE(M28, IF('Input Sheet'!J30="",""," siderite in ")) | O28: =SUBSTITUTE(SUBSTITUTE(SUBSTITUTE(SUBSTITUTE(SUBSTITUTE(SUBSTITUTE(SUBSTITUTE(SUBSTITUTE(SUBSTITUTE(SUBSTITUTE(SUBSTITUTE(SUBSTITUTE(SUBSTITUTE(SUBSTITUTE(SUBSTITUTE(SUBSTITUTE(SUBSTITUTE(SUBSTITUTE(SUBSTITUTE(SUBSTITUTE(SUBSTITUTE(SUBSTITUTE(SUBSTITUTE(SUBSTITUTE(SUBSTITUTE(SUBSTITUTE(SUBSTITUTE(SUBSTITUTE(SUBSTITUTE(SUBSTITUTE(SUBSTITUTE('Input Sheet'!K30,$E$3,$F$3),$E$4,$F$4),$E$5,$F$5),$E$6,$F$6),$E$7,$F$7),$E$8,$F$8),$E$9,$F$9),$E$10,$F$10),$E$11,$F$11),$E$12,$F$12),$E$13,$F$13),$E$14,$F$14),$E$15,$F$15),$E$16,$F$16),$E$17,$F$17),$E$18,$F$18),$E$19,$F$19),$E$20,$F$20),$E$21,$F$21),$E$22,$F$22),$E$23,$F$23),$E$24,$F$24),$E$25,$F$25),$E$26,$F$26),$E$27,$F$27),$E$28,$F$28),$E$29,$F$29),$E$30,$F$30),$E$31,$F$31),$E$32,$F$32),$E$33,$F$33) -> rare | P28: =CONCATENATE(O28, IF('Input Sheet'!K30="",""," siderite in ")) -> rare siderite in
A29: =IF('Input Sheet'!C31="","",CONCATENATE("Sample ", 'Input Sheet'!B31, "m: ", N29, H29, "% ", "Siltstone, ", P29, 'Input Sheet'!C31, "% ", J29, " Sandstone, ", L29, K29, " FLUOR in SST. ", "TG ", 'Input Sheet'!I31, "U")) -> Sample 1675m: 0% Siltstone, rare siderite in 100% very fine to coarse Sandstone, 100% moderately bright to bright FLUOR in SST. TG 378U | B29: =IF('Input Sheet'!C31="","",CONCATENATE("Sample ", 'Input Sheet'!B31, "m: ", O29, I29, "% ", "Siltstone, ", Q29, 'Input Sheet'!C31, "% ", K29, " Sandstone ")) -> Sample 1675m: rareveryfine to coarse% Siltstone, 100% moderately bright to bright Sandstone | C29: =IF('Input Sheet'!C31="","",CONCATENATE("Sample ", 'Input Sheet'!B31, "m: ", N29,, L29, K29, " FLUOR in SST. ", "TG ", 'Input Sheet'!I31, "U")) -> Sample 1675m: 100% moderately bright to bright FLUOR in SST. TG 378U | H29: =IF('Input Sheet'!C31="","",100-'Input Sheet'!C31) -> 0 | I29: =SUBSTITUTE(SUBSTITUTE(SUBSTITUTE(SUBSTITUTE(SUBSTITUTE(SUBSTITUTE(SUBSTITUTE(SUBSTITUTE(SUBSTITUTE(SUBSTITUTE(SUBSTITUTE(SUBSTITUTE(SUBSTITUTE(SUBSTITUTE(SUBSTITUTE(SUBSTITUTE(SUBSTITUTE(SUBSTITUTE(SUBSTITUTE(SUBSTITUTE(SUBSTITUTE(SUBSTITUTE(SUBSTITUTE(SUBSTITUTE(SUBSTITUTE(SUBSTITUTE(SUBSTITUTE(SUBSTITUTE(SUBSTITUTE(SUBSTITUTE(SUBSTITUTE('Input Sheet'!D31,$E$3,$F$3),$E$4,$F$4),$E$5,$F$5),$E$6,$F$6),$E$7,$F$7),$E$8,$F$8),$E$9,$F$9),$E$10,$F$10),$E$11,$F$11),$E$12,$F$12),$E$13,$F$13),$E$14,$F$14),$E$15,$F$15),$E$16,$F$16),$E$17,$F$17),$E$18,$F$18),$E$19,$F$19),$E$20,$F$20),$E$21,$F$21),$E$22,$F$22),$E$23,$F$23),$E$24,$F$24),$E$25,$F$25),$E$26,$F$26),$E$27,$F$27),$E$28,$F$28),$E$29,$F$29),$E$30,$F$30),$E$31,$F$31),$E$32,$F$32),$E$33,$F$33) -> veryfine to coarse | J29: =SUBSTITUTE(I29, "veryfine", "very fine") -> very fine to coarse | K29: =SUBSTITUTE(SUBSTITUTE(SUBSTITUTE(SUBSTITUTE(SUBSTITUTE(SUBSTITUTE(SUBSTITUTE(SUBSTITUTE(SUBSTITUTE(SUBSTITUTE(SUBSTITUTE(SUBSTITUTE(SUBSTITUTE(SUBSTITUTE(SUBSTITUTE(SUBSTITUTE(SUBSTITUTE(SUBSTITUTE(SUBSTITUTE(SUBSTITUTE(SUBSTITUTE(SUBSTITUTE(SUBSTITUTE(SUBSTITUTE(SUBSTITUTE(SUBSTITUTE(SUBSTITUTE(SUBSTITUTE(SUBSTITUTE(SUBSTITUTE(SUBSTITUTE('Input Sheet'!G31,$E$3,$F$3),$E$4,$F$4),$E$5,$F$5),$E$6,$F$6),$E$7,$F$7),$E$8,$F$8),$E$9,$F$9),$E$10,$F$10),$E$11,$F$11),$E$12,$F$12),$E$13,$F$13),$E$14,$F$14),$E$15,$F$15),$E$16,$F$16),$E$17,$F$17),$E$18,$F$18),$E$19,$F$19),$E$20,$F$20),$E$21,$F$21),$E$22,$F$22),$E$23,$F$23),$E$24,$F$24),$E$25,$F$25),$E$26,$F$26),$E$27,$F$27),$E$28,$F$28),$E$29,$F$29),$E$30,$F$30),$E$31,$F$31),$E$32,$F$32),$E$33,$F$33) -> moderately bright to bright | L29: =IF('Input Sheet'!F31=0, "NO",CONCATENATE('Input Sheet'!F31, IF('Input Sheet'!F31>0,"% ",""))) -> 100% | M29: =SUBSTITUTE(SUBSTITUTE(SUBSTITUTE(SUBSTITUTE(SUBSTITUTE(SUBSTITUTE(SUBSTITUTE(SUBSTITUTE(SUBSTITUTE(SUBSTITUTE(SUBSTITUTE(SUBSTITUTE(SUBSTITUTE(SUBSTITUTE(SUBSTITUTE(SUBSTITUTE(SUBSTITUTE(SUBSTITUTE(SUBSTITUTE(SUBSTITUTE(SUBSTITUTE(SUBSTITUTE(SUBSTITUTE(SUBSTITUTE(SUBSTITUTE(SUBSTITUTE(SUBSTITUTE(SUBSTITUTE(SUBSTITUTE(SUBSTITUTE(SUBSTITUTE('Input Sheet'!J31,$E$3,$F$3),$E$4,$F$4),$E$5,$F$5),$E$6,$F$6),$E$7,$F$7),$E$8,$F$8),$E$9,$F$9),$E$10,$F$10),$E$11,$F$11),$E$12,$F$12),$E$13,$F$13),$E$14,$F$14),$E$15,$F$15),$E$16,$F$16),$E$17,$F$17),$E$18,$F$18),$E$19,$F$19),$E$20,$F$20),$E$21,$F$21),$E$22,$F$22),$E$23,$F$23),$E$24,$F$24),$E$25,$F$25),$E$26,$F$26),$E$27,$F$27),$E$28,$F$28),$E$29,$F$29),$E$30,$F$30),$E$31,$F$31),$E$32,$F$32),$E$33,$F$33) | N29: =CONCATENATE(M29, IF('Input Sheet'!J31="",""," siderite in ")) | O29: =SUBSTITUTE(SUBSTITUTE(SUBSTITUTE(SUBSTITUTE(SUBSTITUTE(SUBSTITUTE(SUBSTITUTE(SUBSTITUTE(SUBSTITUTE(SUBSTITUTE(SUBSTITUTE(SUBSTITUTE(SUBSTITUTE(SUBSTITUTE(SUBSTITUTE(SUBSTITUTE(SUBSTITUTE(SUBSTITUTE(SUBSTITUTE(SUBSTITUTE(SUBSTITUTE(SUBSTITUTE(SUBSTITUTE(SUBSTITUTE(SUBSTITUTE(SUBSTITUTE(SUBSTITUTE(SUBSTITUTE(SUBSTITUTE(SUBSTITUTE(SUBSTITUTE('Input Sheet'!K31,$E$3,$F$3),$E$4,$F$4),$E$5,$F$5),$E$6,$F$6),$E$7,$F$7),$E$8,$F$8),$E$9,$F$9),$E$10,$F$10),$E$11,$F$11),$E$12,$F$12),$E$13,$F$13),$E$14,$F$14),$E$15,$F$15),$E$16,$F$16),$E$17,$F$17),$E$18,$F$18),$E$19,$F$19),$E$20,$F$20),$E$21,$F$21),$E$22,$F$22),$E$23,$F$23),$E$24,$F$24),$E$25,$F$25),$E$26,$F$26),$E$27,$F$27),$E$28,$F$28),$E$29,$F$29),$E$30,$F$30),$E$31,$F$31),$E$32,$F$32),$E$33,$F$33) -> rare | P29: =CONCATENATE(O29, IF('Input Sheet'!K31="",""," siderite in ")) -> rare siderite in
A30: =IF('Input Sheet'!C32="","",CONCATENATE("Sample ", 'Input Sheet'!B32, "m: ", N30, H30, "% ", "Siltstone, ", P30, 'Input Sheet'!C32, "% ", J30, " Sandstone, ", L30, K30, " FLUOR in SST. ", "TG ", 'Input Sheet'!I32, "U")) -> Sample 1680m: 0% Siltstone, rare siderite in 100% fine to coarse Sandstone, 100% moderately bright to bright FLUOR in SST. TG 370U | B30: =IF('Input Sheet'!C32="","",CONCATENATE("Sample ", 'Input Sheet'!B32, "m: ", O30, I30, "% ", "Siltstone, ", Q30, 'Input Sheet'!C32, "% ", K30, " Sandstone ")) -> Sample 1680m: rarefine to coarse% Siltstone, 100% moderately bright to bright Sandstone | C30: =IF('Input Sheet'!C32="","",CONCATENATE("Sample ", 'Input Sheet'!B32, "m: ", N30,, L30, K30, " FLUOR in SST. ", "TG ", 'Input Sheet'!I32, "U")) -> Sample 1680m: 100% moderately bright to bright FLUOR in SST. TG 370U | H30: =IF('Input Sheet'!C32="","",100-'Input Sheet'!C32) -> 0 | I30: =SUBSTITUTE(SUBSTITUTE(SUBSTITUTE(SUBSTITUTE(SUBSTITUTE(SUBSTITUTE(SUBSTITUTE(SUBSTITUTE(SUBSTITUTE(SUBSTITUTE(SUBSTITUTE(SUBSTITUTE(SUBSTITUTE(SUBSTITUTE(SUBSTITUTE(SUBSTITUTE(SUBSTITUTE(SUBSTITUTE(SUBSTITUTE(SUBSTITUTE(SUBSTITUTE(SUBSTITUTE(SUBSTITUTE(SUBSTITUTE(SUBSTITUTE(SUBSTITUTE(SUBSTITUTE(SUBSTITUTE(SUBSTITUTE(SUBSTITUTE(SUBSTITUTE('Input Sheet'!D32,$E$3,$F$3),$E$4,$F$4),$E$5,$F$5),$E$6,$F$6),$E$7,$F$7),$E$8,$F$8),$E$9,$F$9),$E$10,$F$10),$E$11,$F$11),$E$12,$F$12),$E$13,$F$13),$E$14,$F$14),$E$15,$F$15),$E$16,$F$16),$E$17,$F$17),$E$18,$F$18),$E$19,$F$19),$E$20,$F$20),$E$21,$F$21),$E$22,$F$22),$E$23,$F$23),$E$24,$F$24),$E$25,$F$25),$E$26,$F$26),$E$27,$F$27),$E$28,$F$28),$E$29,$F$29),$E$30,$F$30),$E$31,$F$31),$E$32,$F$32),$E$33,$F$33) -> fine to coarse | J30: =SUBSTITUTE(I30, "veryfine", "very fine") -> fine to coarse | K30: =SUBSTITUTE(SUBSTITUTE(SUBSTITUTE(SUBSTITUTE(SUBSTITUTE(SUBSTITUTE(SUBSTITUTE(SUBSTITUTE(SUBSTITUTE(SUBSTITUTE(SUBSTITUTE(SUBSTITUTE(SUBSTITUTE(SUBSTITUTE(SUBSTITUTE(SUBSTITUTE(SUBSTITUTE(SUBSTITUTE(SUBSTITUTE(SUBSTITUTE(SUBSTITUTE(SUBSTITUTE(SUBSTITUTE(SUBSTITUTE(SUBSTITUTE(SUBSTITUTE(SUBSTITUTE(SUBSTITUTE(SUBSTITUTE(SUBSTITUTE(SUBSTITUTE('Input Sheet'!G32,$E$3,$F$3),$E$4,$F$4),$E$5,$F$5),$E$6,$F$6),$E$7,$F$7),$E$8,$F$8),$E$9,$F$9),$E$10,$F$10),$E$11,$F$11),$E$12,$F$12),$E$13,$F$13),$E$14,$F$14),$E$15,$F$15),$E$16,$F$16),$E$17,$F$17),$E$18,$F$18),$E$19,$F$19),$E$20,$F$20),$E$21,$F$21),$E$22,$F$22),$E$23,$F$23),$E$24,$F$24),$E$25,$F$25),$E$26,$F$26),$E$27,$F$27),$E$28,$F$28),$E$29,$F$29),$E$30,$F$30),$E$31,$F$31),$E$32,$F$32),$E$33,$F$33) -> moderately bright to bright | L30: =IF('Input Sheet'!F32=0, "NO",CONCATENATE('Input Sheet'!F32, IF('Input Sheet'!F32>0,"% ",""))) -> 100% | M30: =SUBSTITUTE(SUBSTITUTE(SUBSTITUTE(SUBSTITUTE(SUBSTITUTE(SUBSTITUTE(SUBSTITUTE(SUBSTITUTE(SUBSTITUTE(SUBSTITUTE(SUBSTITUTE(SUBSTITUTE(SUBSTITUTE(SUBSTITUTE(SUBSTITUTE(SUBSTITUTE(SUBSTITUTE(SUBSTITUTE(SUBSTITUTE(SUBSTITUTE(SUBSTITUTE(SUBSTITUTE(SUBSTITUTE(SUBSTITUTE(SUBSTITUTE(SUBSTITUTE(SUBSTITUTE(SUBSTITUTE(SUBSTITUTE(SUBSTITUTE(SUBSTITUTE('Input Sheet'!J32,$E$3,$F$3),$E$4,$F$4),$E$5,$F$5),$E$6,$F$6),$E$7,$F$7),$E$8,$F$8),$E$9,$F$9),$E$10,$F$10),$E$11,$F$11),$E$12,$F$12),$E$13,$F$13),$E$14,$F$14),$E$15,$F$15),$E$16,$F$16),$E$17,$F$17),$E$18,$F$18),$E$19,$F$19),$E$20,$F$20),$E$21,$F$21),$E$22,$F$22),$E$23,$F$23),$E$24,$F$24),$E$25,$F$25),$E$26,$F$26),$E$27,$F$27),$E$28,$F$28),$E$29,$F$29),$E$30,$F$30),$E$31,$F$31),$E$32,$F$32),$E$33,$F$33) | N30: =CONCATENATE(M30, IF('Input Sheet'!J32="",""," siderite in ")) | O30: =SUBSTITUTE(SUBSTITUTE(SUBSTITUTE(SUBSTITUTE(SUBSTITUTE(SUBSTITUTE(SUBSTITUTE(SUBSTITUTE(SUBSTITUTE(SUBSTITUTE(SUBSTITUTE(SUBSTITUTE(SUBSTITUTE(SUBSTITUTE(SUBSTITUTE(SUBSTITUTE(SUBSTITUTE(SUBSTITUTE(SUBSTITUTE(SUBSTITUTE(SUBSTITUTE(SUBSTITUTE(SUBSTITUTE(SUBSTITUTE(SUBSTITUTE(SUBSTITUTE(SUBSTITUTE(SUBSTITUTE(SUBSTITUTE(SUBSTITUTE(SUBSTITUTE('Input Sheet'!K32,$E$3,$F$3),$E$4,$F$4),$E$5,$F$5),$E$6,$F$6),$E$7,$F$7),$E$8,$F$8),$E$9,$F$9),$E$10,$F$10),$E$11,$F$11),$E$12,$F$12),$E$13,$F$13),$E$14,$F$14),$E$15,$F$15),$E$16,$F$16),$E$17,$F$17),$E$18,$F$18),$E$19,$F$19),$E$20,$F$20),$E$21,$F$21),$E$22,$F$22),$E$23,$F$23),$E$24,$F$24),$E$25,$F$25),$E$26,$F$26),$E$27,$F$27),$E$28,$F$28),$E$29,$F$29),$E$30,$F$30),$E$31,$F$31),$E$32,$F$32),$E$33,$F$33) -> rare | P30: =CONCATENATE(O30, IF('Input Sheet'!K32="",""," siderite in ")) -> rare siderite in
A31: =IF('Input Sheet'!C33="","",CONCATENATE("Sample ", 'Input Sheet'!B33, "m: ", N31, H31, "% ", "Siltstone, ", P31, 'Input Sheet'!C33, "% ", J31, " Sandstone, ", L31, K31, " FLUOR in SST. ", "TG ", 'Input Sheet'!I33, "U")) -> Sample 1690m: siderite in 0% Siltstone, 100% fine to verycoarse Sandstone, 100% bright FLUOR in SST. TG 312U | B31: =IF('Input Sheet'!C33="","",CONCATENATE("Sample ", 'Input Sheet'!B33, "m: ", O31, I31, "% ", "Siltstone, ", Q31, 'Input Sheet'!C33, "% ", K31, " Sandstone ")) -> Sample 1690m: fine to verycoarse% Siltstone, 100% bright Sandstone | C31: =IF('Input Sheet'!C33="","",CONCATENATE("Sample ", 'Input Sheet'!B33, "m: ", N31,, L31, K31, " FLUOR in SST. ", "TG ", 'Input Sheet'!I33, "U")) -> Sample 1690m: siderite in 100% bright FLUOR in SST. TG 312U | H31: =IF('Input Sheet'!C33="","",100-'Input Sheet'!C33) -> 0 | I31: =SUBSTITUTE(SUBSTITUTE(SUBSTITUTE(SUBSTITUTE(SUBSTITUTE(SUBSTITUTE(SUBSTITUTE(SUBSTITUTE(SUBSTITUTE(SUBSTITUTE(SUBSTITUTE(SUBSTITUTE(SUBSTITUTE(SUBSTITUTE(SUBSTITUTE(SUBSTITUTE(SUBSTITUTE(SUBSTITUTE(SUBSTITUTE(SUBSTITUTE(SUBSTITUTE(SUBSTITUTE(SUBSTITUTE(SUBSTITUTE(SUBSTITUTE(SUBSTITUTE(SUBSTITUTE(SUBSTITUTE(SUBSTITUTE(SUBSTITUTE(SUBSTITUTE('Input Sheet'!D33,$E$3,$F$3),$E$4,$F$4),$E$5,$F$5),$E$6,$F$6),$E$7,$F$7),$E$8,$F$8),$E$9,$F$9),$E$10,$F$10),$E$11,$F$11),$E$12,$F$12),$E$13,$F$13),$E$14,$F$14),$E$15,$F$15),$E$16,$F$16),$E$17,$F$17),$E$18,$F$18),$E$19,$F$19),$E$20,$F$20),$E$21,$F$21),$E$22,$F$22),$E$23,$F$23),$E$24,$F$24),$E$25,$F$25),$E$26,$F$26),$E$27,$F$27),$E$28,$F$28),$E$29,$F$29),$E$30,$F$30),$E$31,$F$31),$E$32,$F$32),$E$33,$F$33) -> fine to verycoarse | J31: =SUBSTITUTE(I31, "veryfine", "very fine") -> fine to verycoarse | K31: =SUBSTITUTE(SUBSTITUTE(SUBSTITUTE(SUBSTITUTE(SUBSTITUTE(SUBSTITUTE(SUBSTITUTE(SUBSTITUTE(SUBSTITUTE(SUBSTITUTE(SUBSTITUTE(SUBSTITUTE(SUBSTITUTE(SUBSTITUTE(SUBSTITUTE(SUBSTITUTE(SUBSTITUTE(SUBSTITUTE(SUBSTITUTE(SUBSTITUTE(SUBSTITUTE(SUBSTITUTE(SUBSTITUTE(SUBSTITUTE(SUBSTITUTE(SUBSTITUTE(SUBSTITUTE(SUBSTITUTE(SUBSTITUTE(SUBSTITUTE(SUBSTITUTE('Input Sheet'!G33,$E$3,$F$3),$E$4,$F$4),$E$5,$F$5),$E$6,$F$6),$E$7,$F$7),$E$8,$F$8),$E$9,$F$9),$E$10,$F$10),$E$11,$F$11),$E$12,$F$12),$E$13,$F$13),$E$14,$F$14),$E$15,$F$15),$E$16,$F$16),$E$17,$F$17),$E$18,$F$18),$E$19,$F$19),$E$20,$F$20),$E$21,$F$21),$E$22,$F$22),$E$23,$F$23),$E$24,$F$24),$E$25,$F$25),$E$26,$F$26),$E$27,$F$27),$E$28,$F$28),$E$29,$F$29),$E$30,$F$30),$E$31,$F$31),$E$32,$F$32),$E$33,$F$33) -> bright | L31: =IF('Input Sheet'!F33=0, "NO",CONCATENATE('Input Sheet'!F33, IF('Input Sheet'!F33>0,"% ",""))) -> 100% | M31: =SUBSTITUTE(SUBSTITUTE(SUBSTITUTE(SUBSTITUTE(SUBSTITUTE(SUBSTITUTE(SUBSTITUTE(SUBSTITUTE(SUBSTITUTE(SUBSTITUTE(SUBSTITUTE(SUBSTITUTE(SUBSTITUTE(SUBSTITUTE(SUBSTITUTE(SUBSTITUTE(SUBSTITUTE(SUBSTITUTE(SUBSTITUTE(SUBSTITUTE(SUBSTITUTE(SUBSTITUTE(SUBSTITUTE(SUBSTITUTE(SUBSTITUTE(SUBSTITUTE(SUBSTITUTE(SUBSTITUTE(SUBSTITUTE(SUBSTITUTE(SUBSTITUTE('Input Sheet'!J33,$E$3,$F$3),$E$4,$F$4),$E$5,$F$5),$E$6,$F$6),$E$7,$F$7),$E$8,$F$8),$E$9,$F$9),$E$10,$F$10),$E$11,$F$11),$E$12,$F$12),$E$13,$F$13),$E$14,$F$14),$E$15,$F$15),$E$16,$F$16),$E$17,$F$17),$E$18,$F$18),$E$19,$F$19),$E$20,$F$20),$E$21,$F$21),$E$22,$F$22),$E$23,$F$23),$E$24,$F$24),$E$25,$F$25),$E$26,$F$26),$E$27,$F$27),$E$28,$F$28),$E$29,$F$29),$E$30,$F$30),$E$31,$F$31),$E$32,$F$32),$E$33,$F$33) | N31: =CONCATENATE(M31, IF('Input Sheet'!J33="",""," siderite in ")) -> siderite in | O31: =SUBSTITUTE(SUBSTITUTE(SUBSTITUTE(SUBSTITUTE(SUBSTITUTE(SUBSTITUTE(SUBSTITUTE(SUBSTITUTE(SUBSTITUTE(SUBSTITUTE(SUBSTITUTE(SUBSTITUTE(SUBSTITUTE(SUBSTITUTE(SUBSTITUTE(SUBSTITUTE(SUBSTITUTE(SUBSTITUTE(SUBSTITUTE(SUBSTITUTE(SUBSTITUTE(SUBSTITUTE(SUBSTITUTE(SUBSTITUTE(SUBSTITUTE(SUBSTITUTE(SUBSTITUTE(SUBSTITUTE(SUBSTITUTE(SUBSTITUTE(SUBSTITUTE('Input Sheet'!K33,$E$3,$F$3),$E$4,$F$4),$E$5,$F$5),$E$6,$F$6),$E$7,$F$7),$E$8,$F$8),$E$9,$F$9),$E$10,$F$10),$E$11,$F$11),$E$12,$F$12),$E$13,$F$13),$E$14,$F$14),$E$15,$F$15),$E$16,$F$16),$E$17,$F$17),$E$18,$F$18),$E$19,$F$19),$E$20,$F$20),$E$21,$F$21),$E$22,$F$22),$E$23,$F$23),$E$24,$F$24),$E$25,$F$25),$E$26,$F$26),$E$27,$F$27),$E$28,$F$28),$E$29,$F$29),$E$30,$F$30),$E$31,$F$31),$E$32,$F$32),$E$33,$F$33) | P31: =CONCATENATE(O31, IF('Input Sheet'!K33="",""," siderite in "))
... A222: =IF('Input Sheet'!C224="","",CONCATENATE("Sample ", 'Input Sheet'!B224, "m: ", N222, H222, "% ", "Siltstone, ", P222, 'Input Sheet'!C224, "% ", J222, " Sandstone, ", L222, K222, " FLUOR in SST. ", "TG ", 'Input Sheet'!I224, "U")) | B222: =IF('Input Sheet'!C224="","",CONCATENATE("Sample ", 'Input Sheet'!B224, "m: ", O222, I222, "% ", "Siltstone, ", Q222, 'Input Sheet'!C224, "% ", K222, " Sandstone ")) | C222: =IF('Input Sheet'!C224="","",CONCATENATE("Sample ", 'Input Sheet'!B224, "m: ", N222,, L222, K222, " FLUOR in SST. ", "TG ", 'Input Sheet'!I224, "U")) | H222: =IF('Input Sheet'!C224="","",100-'Input Sheet'!C224) | I222: =SUBSTITUTE(SUBSTITUTE(SUBSTITUTE(SUBSTITUTE(SUBSTITUTE(SUBSTITUTE(SUBSTITUTE(SUBSTITUTE(SUBSTITUTE(SUBSTITUTE(SUBSTITUTE(SUBSTITUTE(SUBSTITUTE(SUBSTITUTE(SUBSTITUTE(SUBSTITUTE(SUBSTITUTE(SUBSTITUTE(SUBSTITUTE(SUBSTITUTE(SUBSTITUTE(SUBSTITUTE(SUBSTITUTE(SUBSTITUTE(SUBSTITUTE(SUBSTITUTE(SUBSTITUTE(SUBSTITUTE(SUBSTITUTE(SUBSTITUTE(SUBSTITUTE('Input Sheet'!D224,$E$3,$F$3),$E$4,$F$4),$E$5,$F$5),$E$6,$F$6),$E$7,$F$7),$E$8,$F$8),$E$9,$F$9),$E$10,$F$10),$E$11,$F$11),$E$12,$F$12),$E$13,$F$13),$E$14,$F$14),$E$15,$F$15),$E$16,$F$16),$E$17,$F$17),$E$18,$F$18),$E$19,$F$19),$E$20,$F$20),$E$21,$F$21),$E$22,$F$22),$E$23,$F$23),$E$24,$F$24),$E$25,$F$25),$E$26,$F$26),$E$27,$F$27),$E$28,$F$28),$E$29,$F$29),$E$30,$F$30),$E$31,$F$31),$E$32,$F$32),$E$33,$F$33) | J222: =SUBSTITUTE(I222, "veryfine", "very fine") | K222: =SUBSTITUTE(SUBSTITUTE(SUBSTITUTE(SUBSTITUTE(SUBSTITUTE(SUBSTITUTE(SUBSTITUTE(SUBSTITUTE(SUBSTITUTE(SUBSTITUTE(SUBSTITUTE(SUBSTITUTE(SUBSTITUTE(SUBSTITUTE(SUBSTITUTE(SUBSTITUTE(SUBSTITUTE(SUBSTITUTE(SUBSTITUTE(SUBSTITUTE(SUBSTITUTE(SUBSTITUTE(SUBSTITUTE(SUBSTITUTE(SUBSTITUTE(SUBSTITUTE(SUBSTITUTE(SUBSTITUTE(SUBSTITUTE(SUBSTITUTE(SUBSTITUTE('Input Sheet'!G224,$E$3,$F$3),$E$4,$F$4),$E$5,$F$5),$E$6,$F$6),$E$7,$F$7),$E$8,$F$8),$E$9,$F$9),$E$10,$F$10),$E$11,$F$11),$E$12,$F$12),$E$13,$F$13),$E$14,$F$14),$E$15,$F$15),$E$16,$F$16),$E$17,$F$17),$E$18,$F$18),$E$19,$F$19),$E$20,$F$20),$E$21,$F$21),$E$22,$F$22),$E$23,$F$23),$E$24,$F$24),$E$25,$F$25),$E$26,$F$26),$E$27,$F$27),$E$28,$F$28),$E$29,$F$29),$E$30,$F$30),$E$31,$F$31),$E$32,$F$32),$E$33,$F$33) | L222: =IF('Input Sheet'!F224=0, "NO",CONCATENATE('Input Sheet'!F224, IF('Input Sheet'!F224>0,"% ",""))) -> NO | M222: =SUBSTITUTE(SUBSTITUTE(SUBSTITUTE(SUBSTITUTE(SUBSTITUTE(SUBSTITUTE(SUBSTITUTE(SUBSTITUTE(SUBSTITUTE(SUBSTITUTE(SUBSTITUTE(SUBSTITUTE(SUBSTITUTE(SUBSTITUTE(SUBSTITUTE(SUBSTITUTE(SUBSTITUTE(SUBSTITUTE(SUBSTITUTE(SUBSTITUTE(SUBSTITUTE(SUBSTITUTE(SUBSTITUTE(SUBSTITUTE(SUBSTITUTE(SUBSTITUTE(SUBSTITUTE(SUBSTITUTE(SUBSTITUTE(SUBSTITUTE(SUBSTITUTE('Input Sheet'!J224,$E$3,$F$3),$E$4,$F$4),$E$5,$F$5),$E$6,$F$6),$E$7,$F$7),$E$8,$F$8),$E$9,$F$9),$E$10,$F$10),$E$11,$F$11),$E$12,$F$12),$E$13,$F$13),$E$14,$F$14),$E$15,$F$15),$E$16,$F$16),$E$17,$F$17),$E$18,$F$18),$E$19,$F$19),$E$20,$F$20),$E$21,$F$21),$E$22,$F$22),$E$23,$F$23),$E$24,$F$24),$E$25,$F$25),$E$26,$F$26),$E$27,$F$27),$E$28,$F$28),$E$29,$F$29),$E$30,$F$30),$E$31,$F$31),$E$32,$F$32),$E$33,$F$33) | N222: =CONCATENATE(M222, IF('Input Sheet'!J224="",""," siderite in ")) | O222: =SUBSTITUTE(SUBSTITUTE(SUBSTITUTE(SUBSTITUTE(SUBSTITUTE(SUBSTITUTE(SUBSTITUTE(SUBSTITUTE(SUBSTITUTE(SUBSTITUTE(SUBSTITUTE(SUBSTITUTE(SUBSTITUTE(SUBSTITUTE(SUBSTITUTE(SUBSTITUTE(SUBSTITUTE(SUBSTITUTE(SUBSTITUTE(SUBSTITUTE(SUBSTITUTE(SUBSTITUTE(SUBSTITUTE(SUBSTITUTE(SUBSTITUTE(SUBSTITUTE(SUBSTITUTE(SUBSTITUTE(SUBSTITUTE(SUBSTITUTE(SUBSTITUTE('Input Sheet'!K224,$E$3,$F$3),$E$4,$F$4),$E$5,$F$5),$E$6,$F$6),$E$7,$F$7),$E$8,$F$8),$E$9,$F$9),$E$10,$F$10),$E$11,$F$11),$E$12,$F$12),$E$13,$F$13),$E$14,$F$14),$E$15,$F$15),$E$16,$F$16),$E$17,$F$17),$E$18,$F$18),$E$19,$F$19),$E$20,$F$20),$E$21,$F$21),$E$22,$F$22),$E$23,$F$23),$E$24,$F$24),$E$25,$F$25),$E$26,$F$26),$E$27,$F$27),$E$28,$F$28),$E$29,$F$29),$E$30,$F$30),$E$31,$F$31),$E$32,$F$32),$E$33,$F$33) | P222: =CONCATENATE(O222, IF('Input Sheet'!K224="",""," siderite in "))
A223: =IF('Input Sheet'!C225="","",CONCATENATE("Sample ", 'Input Sheet'!B225, "m: ", N223, H223, "% ", "Siltstone, ", P223, 'Input Sheet'!C225, "% ", J223, " Sandstone, ", L223, K223, " FLUOR in SST. ", "TG ", 'Input Sheet'!I225, "U")) | B223: =IF('Input Sheet'!C225="","",CONCATENATE("Sample ", 'Input Sheet'!B225, "m: ", O223, I223, "% ", "Siltstone, ", Q223, 'Input Sheet'!C225, "% ", K223, " Sandstone ")) | C223: =IF('Input Sheet'!C225="","",CONCATENATE("Sample ", 'Input Sheet'!B225, "m: ", N223,, L223, K223, " FLUOR in SST. ", "TG ", 'Input Sheet'!I225, "U")) | H223: =IF('Input Sheet'!C225="","",100-'Input Sheet'!C225) | I223: =SUBSTITUTE(SUBSTITUTE(SUBSTITUTE(SUBSTITUTE(SUBSTITUTE(SUBSTITUTE(SUBSTITUTE(SUBSTITUTE(SUBSTITUTE(SUBSTITUTE(SUBSTITUTE(SUBSTITUTE(SUBSTITUTE(SUBSTITUTE(SUBSTITUTE(SUBSTITUTE(SUBSTITUTE(SUBSTITUTE(SUBSTITUTE(SUBSTITUTE(SUBSTITUTE(SUBSTITUTE(SUBSTITUTE(SUBSTITUTE(SUBSTITUTE(SUBSTITUTE(SUBSTITUTE(SUBSTITUTE(SUBSTITUTE(SUBSTITUTE(SUBSTITUTE('Input Sheet'!D225,$E$3,$F$3),$E$4,$F$4),$E$5,$F$5),$E$6,$F$6),$E$7,$F$7),$E$8,$F$8),$E$9,$F$9),$E$10,$F$10),$E$11,$F$11),$E$12,$F$12),$E$13,$F$13),$E$14,$F$14),$E$15,$F$15),$E$16,$F$16),$E$17,$F$17),$E$18,$F$18),$E$19,$F$19),$E$20,$F$20),$E$21,$F$21),$E$22,$F$22),$E$23,$F$23),$E$24,$F$24),$E$25,$F$25),$E$26,$F$26),$E$27,$F$27),$E$28,$F$28),$E$29,$F$29),$E$30,$F$30),$E$31,$F$31),$E$32,$F$32),$E$33,$F$33) | J223: =SUBSTITUTE(I223, "veryfine", "very fine") | K223: =SUBSTITUTE(SUBSTITUTE(SUBSTITUTE(SUBSTITUTE(SUBSTITUTE(SUBSTITUTE(SUBSTITUTE(SUBSTITUTE(SUBSTITUTE(SUBSTITUTE(SUBSTITUTE(SUBSTITUTE(SUBSTITUTE(SUBSTITUTE(SUBSTITUTE(SUBSTITUTE(SUBSTITUTE(SUBSTITUTE(SUBSTITUTE(SUBSTITUTE(SUBSTITUTE(SUBSTITUTE(SUBSTITUTE(SUBSTITUTE(SUBSTITUTE(SUBSTITUTE(SUBSTITUTE(SUBSTITUTE(SUBSTITUTE(SUBSTITUTE(SUBSTITUTE('Input Sheet'!G225,$E$3,$F$3),$E$4,$F$4),$E$5,$F$5),$E$6,$F$6),$E$7,$F$7),$E$8,$F$8),$E$9,$F$9),$E$10,$F$10),$E$11,$F$11),$E$12,$F$12),$E$13,$F$13),$E$14,$F$14),$E$15,$F$15),$E$16,$F$16),$E$17,$F$17),$E$18,$F$18),$E$19,$F$19),$E$20,$F$20),$E$21,$F$21),$E$22,$F$22),$E$23,$F$23),$E$24,$F$24),$E$25,$F$25),$E$26,$F$26),$E$27,$F$27),$E$28,$F$28),$E$29,$F$29),$E$30,$F$30),$E$31,$F$31),$E$32,$F$32),$E$33,$F$33) | L223: =IF('Input Sheet'!F225=0, "NO",CONCATENATE('Input Sheet'!F225, IF('Input Sheet'!F225>0,"% ",""))) -> NO | M223: =SUBSTITUTE(SUBSTITUTE(SUBSTITUTE(SUBSTITUTE(SUBSTITUTE(SUBSTITUTE(SUBSTITUTE(SUBSTITUTE(SUBSTITUTE(SUBSTITUTE(SUBSTITUTE(SUBSTITUTE(SUBSTITUTE(SUBSTITUTE(SUBSTITUTE(SUBSTITUTE(SUBSTITUTE(SUBSTITUTE(SUBSTITUTE(SUBSTITUTE(SUBSTITUTE(SUBSTITUTE(SUBSTITUTE(SUBSTITUTE(SUBSTITUTE(SUBSTITUTE(SUBSTITUTE(SUBSTITUTE(SUBSTITUTE(SUBSTITUTE(SUBSTITUTE('Input Sheet'!J225,$E$3,$F$3),$E$4,$F$4),$E$5,$F$5),$E$6,$F$6),$E$7,$F$7),$E$8,$F$8),$E$9,$F$9),$E$10,$F$10),$E$11,$F$11),$E$12,$F$12),$E$13,$F$13),$E$14,$F$14),$E$15,$F$15),$E$16,$F$16),$E$17,$F$17),$E$18,$F$18),$E$19,$F$19),$E$20,$F$20),$E$21,$F$21),$E$22,$F$22),$E$23,$F$23),$E$24,$F$24),$E$25,$F$25),$E$26,$F$26),$E$27,$F$27),$E$28,$F$28),$E$29,$F$29),$E$30,$F$30),$E$31,$F$31),$E$32,$F$32),$E$33,$F$33) | N223: =CONCATENATE(M223, IF('Input Sheet'!J225="",""," siderite in ")) | P223: =CONCATENATE(O223, IF('Input Sheet'!K225="",""," siderite in "))
A224: =IF('Input Sheet'!C226="","",CONCATENATE("Sample ", 'Input Sheet'!B226, "m: ", N224, H224, "% ", "Siltstone, ", P224, 'Input Sheet'!C226, "% ", J224, " Sandstone, ", L224, K224, " FLUOR in SST. ", "TG ", 'Input Sheet'!I226, "U")) | B224: =IF('Input Sheet'!C226="","",CONCATENATE("Sample ", 'Input Sheet'!B226, "m: ", O224, I224, "% ", "Siltstone, ", Q224, 'Input Sheet'!C226, "% ", K224, " Sandstone ")) | C224: =IF('Input Sheet'!C226="","",CONCATENATE("Sample ", 'Input Sheet'!B226, "m: ", N224,, L224, K224, " FLUOR in SST. ", "TG ", 'Input Sheet'!I226, "U")) | H224: =IF('Input Sheet'!C226="","",100-'Input Sheet'!C226) | I224: =SUBSTITUTE(SUBSTITUTE(SUBSTITUTE(SUBSTITUTE(SUBSTITUTE(SUBSTITUTE(SUBSTITUTE(SUBSTITUTE(SUBSTITUTE(SUBSTITUTE(SUBSTITUTE(SUBSTITUTE(SUBSTITUTE(SUBSTITUTE(SUBSTITUTE(SUBSTITUTE(SUBSTITUTE(SUBSTITUTE(SUBSTITUTE(SUBSTITUTE(SUBSTITUTE(SUBSTITUTE(SUBSTITUTE(SUBSTITUTE(SUBSTITUTE(SUBSTITUTE(SUBSTITUTE(SUBSTITUTE(SUBSTITUTE(SUBSTITUTE(SUBSTITUTE('Input Sheet'!D226,$E$3,$F$3),$E$4,$F$4),$E$5,$F$5),$E$6,$F$6),$E$7,$F$7),$E$8,$F$8),$E$9,$F$9),$E$10,$F$10),$E$11,$F$11),$E$12,$F$12),$E$13,$F$13),$E$14,$F$14),$E$15,$F$15),$E$16,$F$16),$E$17,$F$17),$E$18,$F$18),$E$19,$F$19),$E$20,$F$20),$E$21,$F$21),$E$22,$F$22),$E$23,$F$23),$E$24,$F$24),$E$25,$F$25),$E$26,$F$26),$E$27,$F$27),$E$28,$F$28),$E$29,$F$29),$E$30,$F$30),$E$31,$F$31),$E$32,$F$32),$E$33,$F$33) | J224: =SUBSTITUTE(I224, "veryfine", "very fine") | K224: =SUBSTITUTE(SUBSTITUTE(SUBSTITUTE(SUBSTITUTE(SUBSTITUTE(SUBSTITUTE(SUBSTITUTE(SUBSTITUTE(SUBSTITUTE(SUBSTITUTE(SUBSTITUTE(SUBSTITUTE(SUBSTITUTE(SUBSTITUTE(SUBSTITUTE(SUBSTITUTE(SUBSTITUTE(SUBSTITUTE(SUBSTITUTE(SUBSTITUTE(SUBSTITUTE(SUBSTITUTE(SUBSTITUTE(SUBSTITUTE(SUBSTITUTE(SUBSTITUTE(SUBSTITUTE(SUBSTITUTE(SUBSTITUTE(SUBSTITUTE(SUBSTITUTE('Input Sheet'!G226,$E$3,$F$3),$E$4,$F$4),$E$5,$F$5),$E$6,$F$6),$E$7,$F$7),$E$8,$F$8),$E$9,$F$9),$E$10,$F$10),$E$11,$F$11),$E$12,$F$12),$E$13,$F$13),$E$14,$F$14),$E$15,$F$15),$E$16,$F$16),$E$17,$F$17),$E$18,$F$18),$E$19,$F$19),$E$20,$F$20),$E$21,$F$21),$E$22,$F$22),$E$23,$F$23),$E$24,$F$24),$E$25,$F$25),$E$26,$F$26),$E$27,$F$27),$E$28,$F$28),$E$29,$F$29),$E$30,$F$30),$E$31,$F$31),$E$32,$F$32),$E$33,$F$33) | L224: =IF('Input Sheet'!F226=0, "NO",CONCATENATE('Input Sheet'!F226, IF('Input Sheet'!F226>0,"% ",""))) -> NO | M224: =SUBSTITUTE(SUBSTITUTE(SUBSTITUTE(SUBSTITUTE(SUBSTITUTE(SUBSTITUTE(SUBSTITUTE(SUBSTITUTE(SUBSTITUTE(SUBSTITUTE(SUBSTITUTE(SUBSTITUTE(SUBSTITUTE(SUBSTITUTE(SUBSTITUTE(SUBSTITUTE(SUBSTITUTE(SUBSTITUTE(SUBSTITUTE(SUBSTITUTE(SUBSTITUTE(SUBSTITUTE(SUBSTITUTE(SUBSTITUTE(SUBSTITUTE(SUBSTITUTE(SUBSTITUTE(SUBSTITUTE(SUBSTITUTE(SUBSTITUTE(SUBSTITUTE('Input Sheet'!J226,$E$3,$F$3),$E$4,$F$4),$E$5,$F$5),$E$6,$F$6),$E$7,$F$7),$E$8,$F$8),$E$9,$F$9),$E$10,$F$10),$E$11,$F$11),$E$12,$F$12),$E$13,$F$13),$E$14,$F$14),$E$15,$F$15),$E$16,$F$16),$E$17,$F$17),$E$18,$F$18),$E$19,$F$19),$E$20,$F$20),$E$21,$F$21),$E$22,$F$22),$E$23,$F$23),$E$24,$F$24),$E$25,$F$25),$E$26,$F$26),$E$27,$F$27),$E$28,$F$28),$E$29,$F$29),$E$30,$F$30),$E$31,$F$31),$E$32,$F$32),$E$33,$F$33) | N224: =CONCATENATE(M224, IF('Input Sheet'!J226="",""," siderite in ")) | O224: =SUBSTITUTE(SUBSTITUTE(SUBSTITUTE(SUBSTITUTE(SUBSTITUTE(SUBSTITUTE(SUBSTITUTE(SUBSTITUTE(SUBSTITUTE(SUBSTITUTE(SUBSTITUTE(SUBSTITUTE(SUBSTITUTE(SUBSTITUTE(SUBSTITUTE(SUBSTITUTE(SUBSTITUTE(SUBSTITUTE(SUBSTITUTE(SUBSTITUTE(SUBSTITUTE(SUBSTITUTE(SUBSTITUTE(SUBSTITUTE(SUBSTITUTE(SUBSTITUTE(SUBSTITUTE(SUBSTITUTE(SUBSTITUTE(SUBSTITUTE(SUBSTITUTE('Input Sheet'!K226,$E$3,$F$3),$E$4,$F$4),$E$5,$F$5),$E$6,$F$6),$E$7,$F$7),$E$8,$F$8),$E$9,$F$9),$E$10,$F$10),$E$11,$F$11),$E$12,$F$12),$E$13,$F$13),$E$14,$F$14),$E$15,$F$15),$E$16,$F$16),$E$17,$F$17),$E$18,$F$18),$E$19,$F$19),$E$20,$F$20),$E$21,$F$21),$E$22,$F$22),$E$23,$F$23),$E$24,$F$24),$E$25,$F$25),$E$26,$F$26),$E$27,$F$27),$E$28,$F$28),$E$29,$F$29),$E$30,$F$30),$E$31,$F$31),$E$32,$F$32),$E$33,$F$33) | P224: =CONCATENATE(O224, IF('Input Sheet'!K226="",""," siderite in "))
A225: =IF('Input Sheet'!C227="","",CONCATENATE("Sample ", 'Input Sheet'!B227, "m: ", N225, H225, "% ", "Siltstone, ", P225, 'Input Sheet'!C227, "% ", J225, " Sandstone, ", L225, K225, " FLUOR in SST. ", "TG ", 'Input Sheet'!I227, "U")) | B225: =IF('Input Sheet'!C227="","",CONCATENATE("Sample ", 'Input Sheet'!B227, "m: ", O225, I225, "% ", "Siltstone, ", Q225, 'Input Sheet'!C227, "% ", K225, " Sandstone ")) | C225: =IF('Input Sheet'!C227="","",CONCATENATE("Sample ", 'Input Sheet'!B227, "m: ", N225,, L225, K225, " FLUOR in SST. ", "TG ", 'Input Sheet'!I227, "U")) | H225: =IF('Input Sheet'!C227="","",100-'Input Sheet'!C227) | I225: =SUBSTITUTE(SUBSTITUTE(SUBSTITUTE(SUBSTITUTE(SUBSTITUTE(SUBSTITUTE(SUBSTITUTE(SUBSTITUTE(SUBSTITUTE(SUBSTITUTE(SUBSTITUTE(SUBSTITUTE(SUBSTITUTE(SUBSTITUTE(SUBSTITUTE(SUBSTITUTE(SUBSTITUTE(SUBSTITUTE(SUBSTITUTE(SUBSTITUTE(SUBSTITUTE(SUBSTITUTE(SUBSTITUTE(SUBSTITUTE(SUBSTITUTE(SUBSTITUTE(SUBSTITUTE(SUBSTITUTE(SUBSTITUTE(SUBSTITUTE(SUBSTITUTE('Input Sheet'!D227,$E$3,$F$3),$E$4,$F$4),$E$5,$F$5),$E$6,$F$6),$E$7,$F$7),$E$8,$F$8),$E$9,$F$9),$E$10,$F$10),$E$11,$F$11),$E$12,$F$12),$E$13,$F$13),$E$14,$F$14),$E$15,$F$15),$E$16,$F$16),$E$17,$F$17),$E$18,$F$18),$E$19,$F$19),$E$20,$F$20),$E$21,$F$21),$E$22,$F$22),$E$23,$F$23),$E$24,$F$24),$E$25,$F$25),$E$26,$F$26),$E$27,$F$27),$E$28,$F$28),$E$29,$F$29),$E$30,$F$30),$E$31,$F$31),$E$32,$F$32),$E$33,$F$33) | J225: =SUBSTITUTE(I225, "veryfine", "very fine") | K225: =SUBSTITUTE(SUBSTITUTE(SUBSTITUTE(SUBSTITUTE(SUBSTITUTE(SUBSTITUTE(SUBSTITUTE(SUBSTITUTE(SUBSTITUTE(SUBSTITUTE(SUBSTITUTE(SUBSTITUTE(SUBSTITUTE(SUBSTITUTE(SUBSTITUTE(SUBSTITUTE(SUBSTITUTE(SUBSTITUTE(SUBSTITUTE(SUBSTITUTE(SUBSTITUTE(SUBSTITUTE(SUBSTITUTE(SUBSTITUTE(SUBSTITUTE(SUBSTITUTE(SUBSTITUTE(SUBSTITUTE(SUBSTITUTE(SUBSTITUTE(SUBSTITUTE('Input Sheet'!G227,$E$3,$F$3),$E$4,$F$4),$E$5,$F$5),$E$6,$F$6),$E$7,$F$7),$E$8,$F$8),$E$9,$F$9),$E$10,$F$10),$E$11,$F$11),$E$12,$F$12),$E$13,$F$13),$E$14,$F$14),$E$15,$F$15),$E$16,$F$16),$E$17,$F$17),$E$18,$F$18),$E$19,$F$19),$E$20,$F$20),$E$21,$F$21),$E$22,$F$22),$E$23,$F$23),$E$24,$F$24),$E$25,$F$25),$E$26,$F$26),$E$27,$F$27),$E$28,$F$28),$E$29,$F$29),$E$30,$F$30),$E$31,$F$31),$E$32,$F$32),$E$33,$F$33) | L225: =IF('Input Sheet'!F227=0, "NO",CONCATENATE('Input Sheet'!F227, IF('Input Sheet'!F227>0,"% ",""))) -> NO | M225: =SUBSTITUTE(SUBSTITUTE(SUBSTITUTE(SUBSTITUTE(SUBSTITUTE(SUBSTITUTE(SUBSTITUTE(SUBSTITUTE(SUBSTITUTE(SUBSTITUTE(SUBSTITUTE(SUBSTITUTE(SUBSTITUTE(SUBSTITUTE(SUBSTITUTE(SUBSTITUTE(SUBSTITUTE(SUBSTITUTE(SUBSTITUTE(SUBSTITUTE(SUBSTITUTE(SUBSTITUTE(SUBSTITUTE(SUBSTITUTE(SUBSTITUTE(SUBSTITUTE(SUBSTITUTE(SUBSTITUTE(SUBSTITUTE(SUBSTITUTE(SUBSTITUTE('Input Sheet'!J227,$E$3,$F$3),$E$4,$F$4),$E$5,$F$5),$E$6,$F$6),$E$7,$F$7),$E$8,$F$8),$E$9,$F$9),$E$10,$F$10),$E$11,$F$11),$E$12,$F$12),$E$13,$F$13),$E$14,$F$14),$E$15,$F$15),$E$16,$F$16),$E$17,$F$17),$E$18,$F$18),$E$19,$F$19),$E$20,$F$20),$E$21,$F$21),$E$22,$F$22),$E$23,$F$23),$E$24,$F$24),$E$25,$F$25),$E$26,$F$26),$E$27,$F$27),$E$28,$F$28),$E$29,$F$29),$E$30,$F$30),$E$31,$F$31),$E$32,$F$32),$E$33,$F$33) | N225: =CONCATENATE(M225, IF('Input Sheet'!J227="",""," siderite in ")) | O225: =SUBSTITUTE(SUBSTITUTE(SUBSTITUTE(SUBSTITUTE(SUBSTITUTE(SUBSTITUTE(SUBSTITUTE(SUBSTITUTE(SUBSTITUTE(SUBSTITUTE(SUBSTITUTE(SUBSTITUTE(SUBSTITUTE(SUBSTITUTE(SUBSTITUTE(SUBSTITUTE(SUBSTITUTE(SUBSTITUTE(SUBSTITUTE(SUBSTITUTE(SUBSTITUTE(SUBSTITUTE(SUBSTITUTE(SUBSTITUTE(SUBSTITUTE(SUBSTITUTE(SUBSTITUTE(SUBSTITUTE(SUBSTITUTE(SUBSTITUTE(SUBSTITUTE('Input Sheet'!K227,$E$3,$F$3),$E$4,$F$4),$E$5,$F$5),$E$6,$F$6),$E$7,$F$7),$E$8,$F$8),$E$9,$F$9),$E$10,$F$10),$E$11,$F$11),$E$12,$F$12),$E$13,$F$13),$E$14,$F$14),$E$15,$F$15),$E$16,$F$16),$E$17,$F$17),$E$18,$F$18),$E$19,$F$19),$E$20,$F$20),$E$21,$F$21),$E$22,$F$22),$E$23,$F$23),$E$24,$F$24),$E$25,$F$25),$E$26,$F$26),$E$27,$F$27),$E$28,$F$28),$E$29,$F$29),$E$30,$F$30),$E$31,$F$31),$E$32,$F$32),$E$33,$F$33) | P225: =CONCATENATE(O225, IF('Input Sheet'!K227="",""," siderite in "))
A226: =IF('Input Sheet'!C228="","",CONCATENATE("Sample ", 'Input Sheet'!B228, "m: ", N226, H226, "% ", "Siltstone, ", P226, 'Input Sheet'!C228, "% ", J226, " Sandstone, ", L226, K226, " FLUOR in SST. ", "TG ", 'Input Sheet'!I228, "U")) | B226: =IF('Input Sheet'!C228="","",CONCATENATE("Sample ", 'Input Sheet'!B228, "m: ", O226, I226, "% ", "Siltstone, ", Q226, 'Input Sheet'!C228, "% ", K226, " Sandstone ")) | C226: =IF('Input Sheet'!C228="","",CONCATENATE("Sample ", 'Input Sheet'!B228, "m: ", N226,, L226, K226, " FLUOR in SST. ", "TG ", 'Input Sheet'!I228, "U")) | H226: =IF('Input Sheet'!C228="","",100-'Input Sheet'!C228) | I226: =SUBSTITUTE(SUBSTITUTE(SUBSTITUTE(SUBSTITUTE(SUBSTITUTE(SUBSTITUTE(SUBSTITUTE(SUBSTITUTE(SUBSTITUTE(SUBSTITUTE(SUBSTITUTE(SUBSTITUTE(SUBSTITUTE(SUBSTITUTE(SUBSTITUTE(SUBSTITUTE(SUBSTITUTE(SUBSTITUTE(SUBSTITUTE(SUBSTITUTE(SUBSTITUTE(SUBSTITUTE(SUBSTITUTE(SUBSTITUTE(SUBSTITUTE(SUBSTITUTE(SUBSTITUTE(SUBSTITUTE(SUBSTITUTE(SUBSTITUTE(SUBSTITUTE('Input Sheet'!D228,$E$3,$F$3),$E$4,$F$4),$E$5,$F$5),$E$6,$F$6),$E$7,$F$7),$E$8,$F$8),$E$9,$F$9),$E$10,$F$10),$E$11,$F$11),$E$12,$F$12),$E$13,$F$13),$E$14,$F$14),$E$15,$F$15),$E$16,$F$16),$E$17,$F$17),$E$18,$F$18),$E$19,$F$19),$E$20,$F$20),$E$21,$F$21),$E$22,$F$22),$E$23,$F$23),$E$24,$F$24),$E$25,$F$25),$E$26,$F$26),$E$27,$F$27),$E$28,$F$28),$E$29,$F$29),$E$30,$F$30),$E$31,$F$31),$E$32,$F$32),$E$33,$F$33) | J226: =SUBSTITUTE(I226, "veryfine", "very fine") | K226: =SUBSTITUTE(SUBSTITUTE(SUBSTITUTE(SUBSTITUTE(SUBSTITUTE(SUBSTITUTE(SUBSTITUTE(SUBSTITUTE(SUBSTITUTE(SUBSTITUTE(SUBSTITUTE(SUBSTITUTE(SUBSTITUTE(SUBSTITUTE(SUBSTITUTE(SUBSTITUTE(SUBSTITUTE(SUBSTITUTE(SUBSTITUTE(SUBSTITUTE(SUBSTITUTE(SUBSTITUTE(SUBSTITUTE(SUBSTITUTE(SUBSTITUTE(SUBSTITUTE(SUBSTITUTE(SUBSTITUTE(SUBSTITUTE(SUBSTITUTE(SUBSTITUTE('Input Sheet'!G228,$E$3,$F$3),$E$4,$F$4),$E$5,$F$5),$E$6,$F$6),$E$7,$F$7),$E$8,$F$8),$E$9,$F$9),$E$10,$F$10),$E$11,$F$11),$E$12,$F$12),$E$13,$F$13),$E$14,$F$14),$E$15,$F$15),$E$16,$F$16),$E$17,$F$17),$E$18,$F$18),$E$19,$F$19),$E$20,$F$20),$E$21,$F$21),$E$22,$F$22),$E$23,$F$23),$E$24,$F$24),$E$25,$F$25),$E$26,$F$26),$E$27,$F$27),$E$28,$F$28),$E$29,$F$29),$E$30,$F$30),$E$31,$F$31),$E$32,$F$32),$E$33,$F$33) | L226: =IF('Input Sheet'!F228=0, "NO",CONCATENATE('Input Sheet'!F228, IF('Input Sheet'!F228>0,"% ",""))) -> NO | M226: =SUBSTITUTE(SUBSTITUTE(SUBSTITUTE(SUBSTITUTE(SUBSTITUTE(SUBSTITUTE(SUBSTITUTE(SUBSTITUTE(SUBSTITUTE(SUBSTITUTE(SUBSTITUTE(SUBSTITUTE(SUBSTITUTE(SUBSTITUTE(SUBSTITUTE(SUBSTITUTE(SUBSTITUTE(SUBSTITUTE(SUBSTITUTE(SUBSTITUTE(SUBSTITUTE(SUBSTITUTE(SUBSTITUTE(SUBSTITUTE(SUBSTITUTE(SUBSTITUTE(SUBSTITUTE(SUBSTITUTE(SUBSTITUTE(SUBSTITUTE(SUBSTITUTE('Input Sheet'!J228,$E$3,$F$3),$E$4,$F$4),$E$5,$F$5),$E$6,$F$6),$E$7,$F$7),$E$8,$F$8),$E$9,$F$9),$E$10,$F$10),$E$11,$F$11),$E$12,$F$12),$E$13,$F$13),$E$14,$F$14),$E$15,$F$15),$E$16,$F$16),$E$17,$F$17),$E$18,$F$18),$E$19,$F$19),$E$20,$F$20),$E$21,$F$21),$E$22,$F$22),$E$23,$F$23),$E$24,$F$24),$E$25,$F$25),$E$26,$F$26),$E$27,$F$27),$E$28,$F$28),$E$29,$F$29),$E$30,$F$30),$E$31,$F$31),$E$32,$F$32),$E$33,$F$33) | N226: =CONCATENATE(M226, IF('Input Sheet'!J228="",""," siderite in ")) | O226: =SUBSTITUTE(SUBSTITUTE(SUBSTITUTE(SUBSTITUTE(SUBSTITUTE(SUBSTITUTE(SUBSTITUTE(SUBSTITUTE(SUBSTITUTE(SUBSTITUTE(SUBSTITUTE(SUBSTITUTE(SUBSTITUTE(SUBSTITUTE(SUBSTITUTE(SUBSTITUTE(SUBSTITUTE(SUBSTITUTE(SUBSTITUTE(SUBSTITUTE(SUBSTITUTE(SUBSTITUTE(SUBSTITUTE(SUBSTITUTE(SUBSTITUTE(SUBSTITUTE(SUBSTITUTE(SUBSTITUTE(SUBSTITUTE(SUBSTITUTE(SUBSTITUTE('Input Sheet'!K228,$E$3,$F$3),$E$4,$F$4),$E$5,$F$5),$E$6,$F$6),$E$7,$F$7),$E$8,$F$8),$E$9,$F$9),$E$10,$F$10),$E$11,$F$11),$E$12,$F$12),$E$13,$F$13),$E$14,$F$14),$E$15,$F$15),$E$16,$F$16),$E$17,$F$17),$E$18,$F$18),$E$19,$F$19),$E$20,$F$20),$E$21,$F$21),$E$22,$F$22),$E$23,$F$23),$E$24,$F$24),$E$25,$F$25),$E$26,$F$26),$E$27,$F$27),$E$28,$F$28),$E$29,$F$29),$E$30,$F$30),$E$31,$F$31),$E$32,$F$32),$E$33,$F$33) | P226: =CONCATENATE(O226, IF('Input Sheet'!K228="",""," siderite in "))
A227: =IF('Input Sheet'!C229="","",CONCATENATE("Sample ", 'Input Sheet'!B229, "m: ", N227, H227, "% ", "Siltstone, ", P227, 'Input Sheet'!C229, "% ", J227, " Sandstone, ", L227, K227, " FLUOR in SST. ", "TG ", 'Input Sheet'!I229, "U")) | B227: =IF('Input Sheet'!C229="","",CONCATENATE("Sample ", 'Input Sheet'!B229, "m: ", O227, I227, "% ", "Siltstone, ", Q227, 'Input Sheet'!C229, "% ", K227, " Sandstone ")) | C227: =IF('Input Sheet'!C229="","",CONCATENATE("Sample ", 'Input Sheet'!B229, "m: ", N227,, L227, K227, " FLUOR in SST. ", "TG ", 'Input Sheet'!I229, "U")) | H227: =IF('Input Sheet'!C229="","",100-'Input Sheet'!C229) | I227: =SUBSTITUTE(SUBSTITUTE(SUBSTITUTE(SUBSTITUTE(SUBSTITUTE(SUBSTITUTE(SUBSTITUTE(SUBSTITUTE(SUBSTITUTE(SUBSTITUTE(SUBSTITUTE(SUBSTITUTE(SUBSTITUTE(SUBSTITUTE(SUBSTITUTE(SUBSTITUTE(SUBSTITUTE(SUBSTITUTE(SUBSTITUTE(SUBSTITUTE(SUBSTITUTE(SUBSTITUTE(SUBSTITUTE(SUBSTITUTE(SUBSTITUTE(SUBSTITUTE(SUBSTITUTE(SUBSTITUTE(SUBSTITUTE(SUBSTITUTE(SUBSTITUTE('Input Sheet'!D229,$E$3,$F$3),$E$4,$F$4),$E$5,$F$5),$E$6,$F$6),$E$7,$F$7),$E$8,$F$8),$E$9,$F$9),$E$10,$F$10),$E$11,$F$11),$E$12,$F$12),$E$13,$F$13),$E$14,$F$14),$E$15,$F$15),$E$16,$F$16),$E$17,$F$17),$E$18,$F$18),$E$19,$F$19),$E$20,$F$20),$E$21,$F$21),$E$22,$F$22),$E$23,$F$23),$E$24,$F$24),$E$25,$F$25),$E$26,$F$26),$E$27,$F$27),$E$28,$F$28),$E$29,$F$29),$E$30,$F$30),$E$31,$F$31),$E$32,$F$32),$E$33,$F$33) | J227: =SUBSTITUTE(I227, "veryfine", "very fine") | K227: =SUBSTITUTE(SUBSTITUTE(SUBSTITUTE(SUBSTITUTE(SUBSTITUTE(SUBSTITUTE(SUBSTITUTE(SUBSTITUTE(SUBSTITUTE(SUBSTITUTE(SUBSTITUTE(SUBSTITUTE(SUBSTITUTE(SUBSTITUTE(SUBSTITUTE(SUBSTITUTE(SUBSTITUTE(SUBSTITUTE(SUBSTITUTE(SUBSTITUTE(SUBSTITUTE(SUBSTITUTE(SUBSTITUTE(SUBSTITUTE(SUBSTITUTE(SUBSTITUTE(SUBSTITUTE(SUBSTITUTE(SUBSTITUTE(SUBSTITUTE(SUBSTITUTE('Input Sheet'!G229,$E$3,$F$3),$E$4,$F$4),$E$5,$F$5),$E$6,$F$6),$E$7,$F$7),$E$8,$F$8),$E$9,$F$9),$E$10,$F$10),$E$11,$F$11),$E$12,$F$12),$E$13,$F$13),$E$14,$F$14),$E$15,$F$15),$E$16,$F$16),$E$17,$F$17),$E$18,$F$18),$E$19,$F$19),$E$20,$F$20),$E$21,$F$21),$E$22,$F$22),$E$23,$F$23),$E$24,$F$24),$E$25,$F$25),$E$26,$F$26),$E$27,$F$27),$E$28,$F$28),$E$29,$F$29),$E$30,$F$30),$E$31,$F$31),$E$32,$F$32),$E$33,$F$33) | L227: =IF('Input Sheet'!F229=0, "NO",CONCATENATE('Input Sheet'!F229, IF('Input Sheet'!F229>0,"% ",""))) -> NO | M227: =SUBSTITUTE(SUBSTITUTE(SUBSTITUTE(SUBSTITUTE(SUBSTITUTE(SUBSTITUTE(SUBSTITUTE(SUBSTITUTE(SUBSTITUTE(SUBSTITUTE(SUBSTITUTE(SUBSTITUTE(SUBSTITUTE(SUBSTITUTE(SUBSTITUTE(SUBSTITUTE(SUBSTITUTE(SUBSTITUTE(SUBSTITUTE(SUBSTITUTE(SUBSTITUTE(SUBSTITUTE(SUBSTITUTE(SUBSTITUTE(SUBSTITUTE(SUBSTITUTE(SUBSTITUTE(SUBSTITUTE(SUBSTITUTE(SUBSTITUTE(SUBSTITUTE('Input Sheet'!J229,$E$3,$F$3),$E$4,$F$4),$E$5,$F$5),$E$6,$F$6),$E$7,$F$7),$E$8,$F$8),$E$9,$F$9),$E$10,$F$10),$E$11,$F$11),$E$12,$F$12),$E$13,$F$13),$E$14,$F$14),$E$15,$F$15),$E$16,$F$16),$E$17,$F$17),$E$18,$F$18),$E$19,$F$19),$E$20,$F$20),$E$21,$F$21),$E$22,$F$22),$E$23,$F$23),$E$24,$F$24),$E$25,$F$25),$E$26,$F$26),$E$27,$F$27),$E$28,$F$28),$E$29,$F$29),$E$30,$F$30),$E$31,$F$31),$E$32,$F$32),$E$33,$F$33) | N227: =CONCATENATE(M227, IF('Input Sheet'!J229="",""," siderite in ")) | O227: =SUBSTITUTE(SUBSTITUTE(SUBSTITUTE(SUBSTITUTE(SUBSTITUTE(SUBSTITUTE(SUBSTITUTE(SUBSTITUTE(SUBSTITUTE(SUBSTITUTE(SUBSTITUTE(SUBSTITUTE(SUBSTITUTE(SUBSTITUTE(SUBSTITUTE(SUBSTITUTE(SUBSTITUTE(SUBSTITUTE(SUBSTITUTE(SUBSTITUTE(SUBSTITUTE(SUBSTITUTE(SUBSTITUTE(SUBSTITUTE(SUBSTITUTE(SUBSTITUTE(SUBSTITUTE(SUBSTITUTE(SUBSTITUTE(SUBSTITUTE(SUBSTITUTE('Input Sheet'!K229,$E$3,$F$3),$E$4,$F$4),$E$5,$F$5),$E$6,$F$6),$E$7,$F$7),$E$8,$F$8),$E$9,$F$9),$E$10,$F$10),$E$11,$F$11),$E$12,$F$12),$E$13,$F$13),$E$14,$F$14),$E$15,$F$15),$E$16,$F$16),$E$17,$F$17),$E$18,$F$18),$E$19,$F$19),$E$20,$F$20),$E$21,$F$21),$E$22,$F$22),$E$23,$F$23),$E$24,$F$24),$E$25,$F$25),$E$26,$F$26),$E$27,$F$27),$E$28,$F$28),$E$29,$F$29),$E$30,$F$30),$E$31,$F$31),$E$32,$F$32),$E$33,$F$33) | P227: =CONCATENATE(O227, IF('Input Sheet'!K229="",""," siderite in "))
A228: =IF('Input Sheet'!C230="","",CONCATENATE("Sample ", 'Input Sheet'!B230, "m: ", N228, H228, "% ", "Siltstone, ", P228, 'Input Sheet'!C230, "% ", J228, " Sandstone, ", L228, K228, " FLUOR in SST. ", "TG ", 'Input Sheet'!I230, "U")) | B228: =IF('Input Sheet'!C230="","",CONCATENATE("Sample ", 'Input Sheet'!B230, "m: ", O228, I228, "% ", "Siltstone, ", Q228, 'Input Sheet'!C230, "% ", K228, " Sandstone ")) | C228: =IF('Input Sheet'!C230="","",CONCATENATE("Sample ", 'Input Sheet'!B230, "m: ", N228,, L228, K228, " FLUOR in SST. ", "TG ", 'Input Sheet'!I230, "U")) | H228: =IF('Input Sheet'!C230="","",100-'Input Sheet'!C230) | I228: =SUBSTITUTE(SUBSTITUTE(SUBSTITUTE(SUBSTITUTE(SUBSTITUTE(SUBSTITUTE(SUBSTITUTE(SUBSTITUTE(SUBSTITUTE(SUBSTITUTE(SUBSTITUTE(SUBSTITUTE(SUBSTITUTE(SUBSTITUTE(SUBSTITUTE(SUBSTITUTE(SUBSTITUTE(SUBSTITUTE(SUBSTITUTE(SUBSTITUTE(SUBSTITUTE(SUBSTITUTE(SUBSTITUTE(SUBSTITUTE(SUBSTITUTE(SUBSTITUTE(SUBSTITUTE(SUBSTITUTE(SUBSTITUTE(SUBSTITUTE(SUBSTITUTE('Input Sheet'!D230,$E$3,$F$3),$E$4,$F$4),$E$5,$F$5),$E$6,$F$6),$E$7,$F$7),$E$8,$F$8),$E$9,$F$9),$E$10,$F$10),$E$11,$F$11),$E$12,$F$12),$E$13,$F$13),$E$14,$F$14),$E$15,$F$15),$E$16,$F$16),$E$17,$F$17),$E$18,$F$18),$E$19,$F$19),$E$20,$F$20),$E$21,$F$21),$E$22,$F$22),$E$23,$F$23),$E$24,$F$24),$E$25,$F$25),$E$26,$F$26),$E$27,$F$27),$E$28,$F$28),$E$29,$F$29),$E$30,$F$30),$E$31,$F$31),$E$32,$F$32),$E$33,$F$33) | J228: =SUBSTITUTE(I228, "veryfine", "very fine") | K228: =SUBSTITUTE(SUBSTITUTE(SUBSTITUTE(SUBSTITUTE(SUBSTITUTE(SUBSTITUTE(SUBSTITUTE(SUBSTITUTE(SUBSTITUTE(SUBSTITUTE(SUBSTITUTE(SUBSTITUTE(SUBSTITUTE(SUBSTITUTE(SUBSTITUTE(SUBSTITUTE(SUBSTITUTE(SUBSTITUTE(SUBSTITUTE(SUBSTITUTE(SUBSTITUTE(SUBSTITUTE(SUBSTITUTE(SUBSTITUTE(SUBSTITUTE(SUBSTITUTE(SUBSTITUTE(SUBSTITUTE(SUBSTITUTE(SUBSTITUTE(SUBSTITUTE('Input Sheet'!G230,$E$3,$F$3),$E$4,$F$4),$E$5,$F$5),$E$6,$F$6),$E$7,$F$7),$E$8,$F$8),$E$9,$F$9),$E$10,$F$10),$E$11,$F$11),$E$12,$F$12),$E$13,$F$13),$E$14,$F$14),$E$15,$F$15),$E$16,$F$16),$E$17,$F$17),$E$18,$F$18),$E$19,$F$19),$E$20,$F$20),$E$21,$F$21),$E$22,$F$22),$E$23,$F$23),$E$24,$F$24),$E$25,$F$25),$E$26,$F$26),$E$27,$F$27),$E$28,$F$28),$E$29,$F$29),$E$30,$F$30),$E$31,$F$31),$E$32,$F$32),$E$33,$F$33) | L228: =IF('Input Sheet'!F230=0, "NO",CONCATENATE('Input Sheet'!F230, IF('Input Sheet'!F230>0,"% ",""))) -> NO | M228: =SUBSTITUTE(SUBSTITUTE(SUBSTITUTE(SUBSTITUTE(SUBSTITUTE(SUBSTITUTE(SUBSTITUTE(SUBSTITUTE(SUBSTITUTE(SUBSTITUTE(SUBSTITUTE(SUBSTITUTE(SUBSTITUTE(SUBSTITUTE(SUBSTITUTE(SUBSTITUTE(SUBSTITUTE(SUBSTITUTE(SUBSTITUTE(SUBSTITUTE(SUBSTITUTE(SUBSTITUTE(SUBSTITUTE(SUBSTITUTE(SUBSTITUTE(SUBSTITUTE(SUBSTITUTE(SUBSTITUTE(SUBSTITUTE(SUBSTITUTE(SUBSTITUTE('Input Sheet'!J230,$E$3,$F$3),$E$4,$F$4),$E$5,$F$5),$E$6,$F$6),$E$7,$F$7),$E$8,$F$8),$E$9,$F$9),$E$10,$F$10),$E$11,$F$11),$E$12,$F$12),$E$13,$F$13),$E$14,$F$14),$E$15,$F$15),$E$16,$F$16),$E$17,$F$17),$E$18,$F$18),$E$19,$F$19),$E$20,$F$20),$E$21,$F$21),$E$22,$F$22),$E$23,$F$23),$E$24,$F$24),$E$25,$F$25),$E$26,$F$26),$E$27,$F$27),$E$28,$F$28),$E$29,$F$29),$E$30,$F$30),$E$31,$F$31),$E$32,$F$32),$E$33,$F$33) | N228: =CONCATENATE(M228, IF('Input Sheet'!J230="",""," siderite in ")) | O228: =SUBSTITUTE(SUBSTITUTE(SUBSTITUTE(SUBSTITUTE(SUBSTITUTE(SUBSTITUTE(SUBSTITUTE(SUBSTITUTE(SUBSTITUTE(SUBSTITUTE(SUBSTITUTE(SUBSTITUTE(SUBSTITUTE(SUBSTITUTE(SUBSTITUTE(SUBSTITUTE(SUBSTITUTE(SUBSTITUTE(SUBSTITUTE(SUBSTITUTE(SUBSTITUTE(SUBSTITUTE(SUBSTITUTE(SUBSTITUTE(SUBSTITUTE(SUBSTITUTE(SUBSTITUTE(SUBSTITUTE(SUBSTITUTE(SUBSTITUTE(SUBSTITUTE('Input Sheet'!K230,$E$3,$F$3),$E$4,$F$4),$E$5,$F$5),$E$6,$F$6),$E$7,$F$7),$E$8,$F$8),$E$9,$F$9),$E$10,$F$10),$E$11,$F$11),$E$12,$F$12),$E$13,$F$13),$E$14,$F$14),$E$15,$F$15),$E$16,$F$16),$E$17,$F$17),$E$18,$F$18),$E$19,$F$19),$E$20,$F$20),$E$21,$F$21),$E$22,$F$22),$E$23,$F$23),$E$24,$F$24),$E$25,$F$25),$E$26,$F$26),$E$27,$F$27),$E$28,$F$28),$E$29,$F$29),$E$30,$F$30),$E$31,$F$31),$E$32,$F$32),$E$33,$F$33) | P228: =CONCATENATE(O228, IF('Input Sheet'!K230="",""," siderite in "))
A229: =IF('Input Sheet'!C231="","",CONCATENATE("Sample ", 'Input Sheet'!B231, "m: ", N229, H229, "% ", "Siltstone, ", P229, 'Input Sheet'!C231, "% ", J229, " Sandstone, ", L229, K229, " FLUOR in SST. ", "TG ", 'Input Sheet'!I231, "U")) | B229: =IF('Input Sheet'!C231="","",CONCATENATE("Sample ", 'Input Sheet'!B231, "m: ", O229, I229, "% ", "Siltstone, ", Q229, 'Input Sheet'!C231, "% ", K229, " Sandstone ")) | C229: =IF('Input Sheet'!C231="","",CONCATENATE("Sample ", 'Input Sheet'!B231, "m: ", N229,, L229, K229, " FLUOR in SST. ", "TG ", 'Input Sheet'!I231, "U")) | H229: =IF('Input Sheet'!C231="","",100-'Input Sheet'!C231) | I229: =SUBSTITUTE(SUBSTITUTE(SUBSTITUTE(SUBSTITUTE(SUBSTITUTE(SUBSTITUTE(SUBSTITUTE(SUBSTITUTE(SUBSTITUTE(SUBSTITUTE(SUBSTITUTE(SUBSTITUTE(SUBSTITUTE(SUBSTITUTE(SUBSTITUTE(SUBSTITUTE(SUBSTITUTE(SUBSTITUTE(SUBSTITUTE(SUBSTITUTE(SUBSTITUTE(SUBSTITUTE(SUBSTITUTE(SUBSTITUTE(SUBSTITUTE(SUBSTITUTE(SUBSTITUTE(SUBSTITUTE(SUBSTITUTE(SUBSTITUTE(SUBSTITUTE('Input Sheet'!D231,$E$3,$F$3),$E$4,$F$4),$E$5,$F$5),$E$6,$F$6),$E$7,$F$7),$E$8,$F$8),$E$9,$F$9),$E$10,$F$10),$E$11,$F$11),$E$12,$F$12),$E$13,$F$13),$E$14,$F$14),$E$15,$F$15),$E$16,$F$16),$E$17,$F$17),$E$18,$F$18),$E$19,$F$19),$E$20,$F$20),$E$21,$F$21),$E$22,$F$22),$E$23,$F$23),$E$24,$F$24),$E$25,$F$25),$E$26,$F$26),$E$27,$F$27),$E$28,$F$28),$E$29,$F$29),$E$30,$F$30),$E$31,$F$31),$E$32,$F$32),$E$33,$F$33) | J229: =SUBSTITUTE(I229, "veryfine", "very fine") | K229: =SUBSTITUTE(SUBSTITUTE(SUBSTITUTE(SUBSTITUTE(SUBSTITUTE(SUBSTITUTE(SUBSTITUTE(SUBSTITUTE(SUBSTITUTE(SUBSTITUTE(SUBSTITUTE(SUBSTITUTE(SUBSTITUTE(SUBSTITUTE(SUBSTITUTE(SUBSTITUTE(SUBSTITUTE(SUBSTITUTE(SUBSTITUTE(SUBSTITUTE(SUBSTITUTE(SUBSTITUTE(SUBSTITUTE(SUBSTITUTE(SUBSTITUTE(SUBSTITUTE(SUBSTITUTE(SUBSTITUTE(SUBSTITUTE(SUBSTITUTE(SUBSTITUTE('Input Sheet'!G231,$E$3,$F$3),$E$4,$F$4),$E$5,$F$5),$E$6,$F$6),$E$7,$F$7),$E$8,$F$8),$E$9,$F$9),$E$10,$F$10),$E$11,$F$11),$E$12,$F$12),$E$13,$F$13),$E$14,$F$14),$E$15,$F$15),$E$16,$F$16),$E$17,$F$17),$E$18,$F$18),$E$19,$F$19),$E$20,$F$20),$E$21,$F$21),$E$22,$F$22),$E$23,$F$23),$E$24,$F$24),$E$25,$F$25),$E$26,$F$26),$E$27,$F$27),$E$28,$F$28),$E$29,$F$29),$E$30,$F$30),$E$31,$F$31),$E$32,$F$32),$E$33,$F$33) | L229: =IF('Input Sheet'!F231=0, "NO",CONCATENATE('Input Sheet'!F231, IF('Input Sheet'!F231>0,"% ",""))) -> NO | M229: =SUBSTITUTE(SUBSTITUTE(SUBSTITUTE(SUBSTITUTE(SUBSTITUTE(SUBSTITUTE(SUBSTITUTE(SUBSTITUTE(SUBSTITUTE(SUBSTITUTE(SUBSTITUTE(SUBSTITUTE(SUBSTITUTE(SUBSTITUTE(SUBSTITUTE(SUBSTITUTE(SUBSTITUTE(SUBSTITUTE(SUBSTITUTE(SUBSTITUTE(SUBSTITUTE(SUBSTITUTE(SUBSTITUTE(SUBSTITUTE(SUBSTITUTE(SUBSTITUTE(SUBSTITUTE(SUBSTITUTE(SUBSTITUTE(SUBSTITUTE(SUBSTITUTE('Input Sheet'!J231,$E$3,$F$3),$E$4,$F$4),$E$5,$F$5),$E$6,$F$6),$E$7,$F$7),$E$8,$F$8),$E$9,$F$9),$E$10,$F$10),$E$11,$F$11),$E$12,$F$12),$E$13,$F$13),$E$14,$F$14),$E$15,$F$15),$E$16,$F$16),$E$17,$F$17),$E$18,$F$18),$E$19,$F$19),$E$20,$F$20),$E$21,$F$21),$E$22,$F$22),$E$23,$F$23),$E$24,$F$24),$E$25,$F$25),$E$26,$F$26),$E$27,$F$27),$E$28,$F$28),$E$29,$F$29),$E$30,$F$30),$E$31,$F$31),$E$32,$F$32),$E$33,$F$33) | N229: =CONCATENATE(M229, IF('Input Sheet'!J231="",""," siderite in ")) | O229: =SUBSTITUTE(SUBSTITUTE(SUBSTITUTE(SUBSTITUTE(SUBSTITUTE(SUBSTITUTE(SUBSTITUTE(SUBSTITUTE(SUBSTITUTE(SUBSTITUTE(SUBSTITUTE(SUBSTITUTE(SUBSTITUTE(SUBSTITUTE(SUBSTITUTE(SUBSTITUTE(SUBSTITUTE(SUBSTITUTE(SUBSTITUTE(SUBSTITUTE(SUBSTITUTE(SUBSTITUTE(SUBSTITUTE(SUBSTITUTE(SUBSTITUTE(SUBSTITUTE(SUBSTITUTE(SUBSTITUTE(SUBSTITUTE(SUBSTITUTE(SUBSTITUTE('Input Sheet'!K231,$E$3,$F$3),$E$4,$F$4),$E$5,$F$5),$E$6,$F$6),$E$7,$F$7),$E$8,$F$8),$E$9,$F$9),$E$10,$F$10),$E$11,$F$11),$E$12,$F$12),$E$13,$F$13),$E$14,$F$14),$E$15,$F$15),$E$16,$F$16),$E$17,$F$17),$E$18,$F$18),$E$19,$F$19),$E$20,$F$20),$E$21,$F$21),$E$22,$F$22),$E$23,$F$23),$E$24,$F$24),$E$25,$F$25),$E$26,$F$26),$E$27,$F$27),$E$28,$F$28),$E$29,$F$29),$E$30,$F$30),$E$31,$F$31),$E$32,$F$32),$E$33,$F$33) | P229: =CONCATENATE(O229, IF('Input Sheet'!K231="",""," siderite in "))
A230: =IF('Input Sheet'!C232="","",CONCATENATE("Sample ", 'Input Sheet'!B232, "m: ", N230, H230, "% ", "Siltstone, ", P230, 'Input Sheet'!C232, "% ", J230, " Sandstone, ", L230, K230, " FLUOR in SST. ", "TG ", 'Input Sheet'!I232, "U")) | B230: =IF('Input Sheet'!C232="","",CONCATENATE("Sample ", 'Input Sheet'!B232, "m: ", O230, I230, "% ", "Siltstone, ", Q230, 'Input Sheet'!C232, "% ", K230, " Sandstone ")) | C230: =IF('Input Sheet'!C232="","",CONCATENATE("Sample ", 'Input Sheet'!B232, "m: ", N230,, L230, K230, " FLUOR in SST. ", "TG ", 'Input Sheet'!I232, "U")) | H230: =IF('Input Sheet'!C232="","",100-'Input Sheet'!C232) | I230: =SUBSTITUTE(SUBSTITUTE(SUBSTITUTE(SUBSTITUTE(SUBSTITUTE(SUBSTITUTE(SUBSTITUTE(SUBSTITUTE(SUBSTITUTE(SUBSTITUTE(SUBSTITUTE(SUBSTITUTE(SUBSTITUTE(SUBSTITUTE(SUBSTITUTE(SUBSTITUTE(SUBSTITUTE(SUBSTITUTE(SUBSTITUTE(SUBSTITUTE(SUBSTITUTE(SUBSTITUTE(SUBSTITUTE(SUBSTITUTE(SUBSTITUTE(SUBSTITUTE(SUBSTITUTE(SUBSTITUTE(SUBSTITUTE(SUBSTITUTE(SUBSTITUTE('Input Sheet'!D232,$E$3,$F$3),$E$4,$F$4),$E$5,$F$5),$E$6,$F$6),$E$7,$F$7),$E$8,$F$8),$E$9,$F$9),$E$10,$F$10),$E$11,$F$11),$E$12,$F$12),$E$13,$F$13),$E$14,$F$14),$E$15,$F$15),$E$16,$F$16),$E$17,$F$17),$E$18,$F$18),$E$19,$F$19),$E$20,$F$20),$E$21,$F$21),$E$22,$F$22),$E$23,$F$23),$E$24,$F$24),$E$25,$F$25),$E$26,$F$26),$E$27,$F$27),$E$28,$F$28),$E$29,$F$29),$E$30,$F$30),$E$31,$F$31),$E$32,$F$32),$E$33,$F$33) | J230: =SUBSTITUTE(I230, "veryfine", "very fine") | K230: =SUBSTITUTE(SUBSTITUTE(SUBSTITUTE(SUBSTITUTE(SUBSTITUTE(SUBSTITUTE(SUBSTITUTE(SUBSTITUTE(SUBSTITUTE(SUBSTITUTE(SUBSTITUTE(SUBSTITUTE(SUBSTITUTE(SUBSTITUTE(SUBSTITUTE(SUBSTITUTE(SUBSTITUTE(SUBSTITUTE(SUBSTITUTE(SUBSTITUTE(SUBSTITUTE(SUBSTITUTE(SUBSTITUTE(SUBSTITUTE(SUBSTITUTE(SUBSTITUTE(SUBSTITUTE(SUBSTITUTE(SUBSTITUTE(SUBSTITUTE(SUBSTITUTE('Input Sheet'!G232,$E$3,$F$3),$E$4,$F$4),$E$5,$F$5),$E$6,$F$6),$E$7,$F$7),$E$8,$F$8),$E$9,$F$9),$E$10,$F$10),$E$11,$F$11),$E$12,$F$12),$E$13,$F$13),$E$14,$F$14),$E$15,$F$15),$E$16,$F$16),$E$17,$F$17),$E$18,$F$18),$E$19,$F$19),$E$20,$F$20),$E$21,$F$21),$E$22,$F$22),$E$23,$F$23),$E$24,$F$24),$E$25,$F$25),$E$26,$F$26),$E$27,$F$27),$E$28,$F$28),$E$29,$F$29),$E$30,$F$30),$E$31,$F$31),$E$32,$F$32),$E$33,$F$33) | L230: =IF('Input Sheet'!F232=0, "NO",CONCATENATE('Input Sheet'!F232, IF('Input Sheet'!F232>0,"% ",""))) -> NO | M230: =SUBSTITUTE(SUBSTITUTE(SUBSTITUTE(SUBSTITUTE(SUBSTITUTE(SUBSTITUTE(SUBSTITUTE(SUBSTITUTE(SUBSTITUTE(SUBSTITUTE(SUBSTITUTE(SUBSTITUTE(SUBSTITUTE(SUBSTITUTE(SUBSTITUTE(SUBSTITUTE(SUBSTITUTE(SUBSTITUTE(SUBSTITUTE(SUBSTITUTE(SUBSTITUTE(SUBSTITUTE(SUBSTITUTE(SUBSTITUTE(SUBSTITUTE(SUBSTITUTE(SUBSTITUTE(SUBSTITUTE(SUBSTITUTE(SUBSTITUTE(SUBSTITUTE('Input Sheet'!J232,$E$3,$F$3),$E$4,$F$4),$E$5,$F$5),$E$6,$F$6),$E$7,$F$7),$E$8,$F$8),$E$9,$F$9),$E$10,$F$10),$E$11,$F$11),$E$12,$F$12),$E$13,$F$13),$E$14,$F$14),$E$15,$F$15),$E$16,$F$16),$E$17,$F$17),$E$18,$F$18),$E$19,$F$19),$E$20,$F$20),$E$21,$F$21),$E$22,$F$22),$E$23,$F$23),$E$24,$F$24),$E$25,$F$25),$E$26,$F$26),$E$27,$F$27),$E$28,$F$28),$E$29,$F$29),$E$30,$F$30),$E$31,$F$31),$E$32,$F$32),$E$33,$F$33) | N230: =CONCATENATE(M230, IF('Input Sheet'!J232="",""," siderite in ")) | O230: =SUBSTITUTE(SUBSTITUTE(SUBSTITUTE(SUBSTITUTE(SUBSTITUTE(SUBSTITUTE(SUBSTITUTE(SUBSTITUTE(SUBSTITUTE(SUBSTITUTE(SUBSTITUTE(SUBSTITUTE(SUBSTITUTE(SUBSTITUTE(SUBSTITUTE(SUBSTITUTE(SUBSTITUTE(SUBSTITUTE(SUBSTITUTE(SUBSTITUTE(SUBSTITUTE(SUBSTITUTE(SUBSTITUTE(SUBSTITUTE(SUBSTITUTE(SUBSTITUTE(SUBSTITUTE(SUBSTITUTE(SUBSTITUTE(SUBSTITUTE(SUBSTITUTE('Input Sheet'!K232,$E$3,$F$3),$E$4,$F$4),$E$5,$F$5),$E$6,$F$6),$E$7,$F$7),$E$8,$F$8),$E$9,$F$9),$E$10,$F$10),$E$11,$F$11),$E$12,$F$12),$E$13,$F$13),$E$14,$F$14),$E$15,$F$15),$E$16,$F$16),$E$17,$F$17),$E$18,$F$18),$E$19,$F$19),$E$20,$F$20),$E$21,$F$21),$E$22,$F$22),$E$23,$F$23),$E$24,$F$24),$E$25,$F$25),$E$26,$F$26),$E$27,$F$27),$E$28,$F$28),$E$29,$F$29),$E$30,$F$30),$E$31,$F$31),$E$32,$F$32),$E$33,$F$33) | P230: =CONCATENATE(O230, IF('Input Sheet'!K232="",""," siderite in "))
A231: =IF('Input Sheet'!C233="","",CONCATENATE("Sample ", 'Input Sheet'!B233, "m: ", N231, H231, "% ", "Siltstone, ", P231, 'Input Sheet'!C233, "% ", J231, " Sandstone, ", L231, K231, " FLUOR in SST. ", "TG ", 'Input Sheet'!I233, "U")) | B231: =IF('Input Sheet'!C233="","",CONCATENATE("Sample ", 'Input Sheet'!B233, "m: ", O231, I231, "% ", "Siltstone, ", Q231, 'Input Sheet'!C233, "% ", K231, " Sandstone ")) | C231: =IF('Input Sheet'!C233="","",CONCATENATE("Sample ", 'Input Sheet'!B233, "m: ", N231,, L231, K231, " FLUOR in SST. ", "TG ", 'Input Sheet'!I233, "U")) | H231: =IF('Input Sheet'!C233="","",100-'Input Sheet'!C233) | I231: =SUBSTITUTE(SUBSTITUTE(SUBSTITUTE(SUBSTITUTE(SUBSTITUTE(SUBSTITUTE(SUBSTITUTE(SUBSTITUTE(SUBSTITUTE(SUBSTITUTE(SUBSTITUTE(SUBSTITUTE(SUBSTITUTE(SUBSTITUTE(SUBSTITUTE(SUBSTITUTE(SUBSTITUTE(SUBSTITUTE(SUBSTITUTE(SUBSTITUTE(SUBSTITUTE(SUBSTITUTE(SUBSTITUTE(SUBSTITUTE(SUBSTITUTE(SUBSTITUTE(SUBSTITUTE(SUBSTITUTE(SUBSTITUTE(SUBSTITUTE(SUBSTITUTE('Input Sheet'!D233,$E$3,$F$3),$E$4,$F$4),$E$5,$F$5),$E$6,$F$6),$E$7,$F$7),$E$8,$F$8),$E$9,$F$9),$E$10,$F$10),$E$11,$F$11),$E$12,$F$12),$E$13,$F$13),$E$14,$F$14),$E$15,$F$15),$E$16,$F$16),$E$17,$F$17),$E$18,$F$18),$E$19,$F$19),$E$20,$F$20),$E$21,$F$21),$E$22,$F$22),$E$23,$F$23),$E$24,$F$24),$E$25,$F$25),$E$26,$F$26),$E$27,$F$27),$E$28,$F$28),$E$29,$F$29),$E$30,$F$30),$E$31,$F$31),$E$32,$F$32),$E$33,$F$33) | J231: =SUBSTITUTE(I231, "veryfine", "very fine") | K231: =SUBSTITUTE(SUBSTITUTE(SUBSTITUTE(SUBSTITUTE(SUBSTITUTE(SUBSTITUTE(SUBSTITUTE(SUBSTITUTE(SUBSTITUTE(SUBSTITUTE(SUBSTITUTE(SUBSTITUTE(SUBSTITUTE(SUBSTITUTE(SUBSTITUTE(SUBSTITUTE(SUBSTITUTE(SUBSTITUTE(SUBSTITUTE(SUBSTITUTE(SUBSTITUTE(SUBSTITUTE(SUBSTITUTE(SUBSTITUTE(SUBSTITUTE(SUBSTITUTE(SUBSTITUTE(SUBSTITUTE(SUBSTITUTE(SUBSTITUTE(SUBSTITUTE('Input Sheet'!G233,$E$3,$F$3),$E$4,$F$4),$E$5,$F$5),$E$6,$F$6),$E$7,$F$7),$E$8,$F$8),$E$9,$F$9),$E$10,$F$10),$E$11,$F$11),$E$12,$F$12),$E$13,$F$13),$E$14,$F$14),$E$15,$F$15),$E$16,$F$16),$E$17,$F$17),$E$18,$F$18),$E$19,$F$19),$E$20,$F$20),$E$21,$F$21),$E$22,$F$22),$E$23,$F$23),$E$24,$F$24),$E$25,$F$25),$E$26,$F$26),$E$27,$F$27),$E$28,$F$28),$E$29,$F$29),$E$30,$F$30),$E$31,$F$31),$E$32,$F$32),$E$33,$F$33) | L231: =IF('Input Sheet'!F233=0, "NO",CONCATENATE('Input Sheet'!F233, IF('Input Sheet'!F233>0,"% ",""))) -> NO | M231: =SUBSTITUTE(SUBSTITUTE(SUBSTITUTE(SUBSTITUTE(SUBSTITUTE(SUBSTITUTE(SUBSTITUTE(SUBSTITUTE(SUBSTITUTE(SUBSTITUTE(SUBSTITUTE(SUBSTITUTE(SUBSTITUTE(SUBSTITUTE(SUBSTITUTE(SUBSTITUTE(SUBSTITUTE(SUBSTITUTE(SUBSTITUTE(SUBSTITUTE(SUBSTITUTE(SUBSTITUTE(SUBSTITUTE(SUBSTITUTE(SUBSTITUTE(SUBSTITUTE(SUBSTITUTE(SUBSTITUTE(SUBSTITUTE(SUBSTITUTE(SUBSTITUTE('Input Sheet'!J233,$E$3,$F$3),$E$4,$F$4),$E$5,$F$5),$E$6,$F$6),$E$7,$F$7),$E$8,$F$8),$E$9,$F$9),$E$10,$F$10),$E$11,$F$11),$E$12,$F$12),$E$13,$F$13),$E$14,$F$14),$E$15,$F$15),$E$16,$F$16),$E$17,$F$17),$E$18,$F$18),$E$19,$F$19),$E$20,$F$20),$E$21,$F$21),$E$22,$F$22),$E$23,$F$23),$E$24,$F$24),$E$25,$F$25),$E$26,$F$26),$E$27,$F$27),$E$28,$F$28),$E$29,$F$29),$E$30,$F$30),$E$31,$F$31),$E$32,$F$32),$E$33,$F$33) | N231: =CONCATENATE(M231, IF('Input Sheet'!J233="",""," siderite in ")) | O231: =SUBSTITUTE(SUBSTITUTE(SUBSTITUTE(SUBSTITUTE(SUBSTITUTE(SUBSTITUTE(SUBSTITUTE(SUBSTITUTE(SUBSTITUTE(SUBSTITUTE(SUBSTITUTE(SUBSTITUTE(SUBSTITUTE(SUBSTITUTE(SUBSTITUTE(SUBSTITUTE(SUBSTITUTE(SUBSTITUTE(SUBSTITUTE(SUBSTITUTE(SUBSTITUTE(SUBSTITUTE(SUBSTITUTE(SUBSTITUTE(SUBSTITUTE(SUBSTITUTE(SUBSTITUTE(SUBSTITUTE(SUBSTITUTE(SUBSTITUTE(SUBSTITUTE('Input Sheet'!K233,$E$3,$F$3),$E$4,$F$4),$E$5,$F$5),$E$6,$F$6),$E$7,$F$7),$E$8,$F$8),$E$9,$F$9),$E$10,$F$10),$E$11,$F$11),$E$12,$F$12),$E$13,$F$13),$E$14,$F$14),$E$15,$F$15),$E$16,$F$16),$E$17,$F$17),$E$18,$F$18),$E$19,$F$19),$E$20,$F$20),$E$21,$F$21),$E$22,$F$22),$E$23,$F$23),$E$24,$F$24),$E$25,$F$25),$E$26,$F$26),$E$27,$F$27),$E$28,$F$28),$E$29,$F$29),$E$30,$F$30),$E$31,$F$31),$E$32,$F$32),$E$33,$F$33) | P231: =CONCATENATE(O231, IF('Input Sheet'!K233="",""," siderite in "))
A232: =IF('Input Sheet'!C234="","",CONCATENATE("Sample ", 'Input Sheet'!B234, "m: ", N232, H232, "% ", "Siltstone, ", P232, 'Input Sheet'!C234, "% ", J232, " Sandstone, ", L232, K232, " FLUOR in SST. ", "TG ", 'Input Sheet'!I234, "U")) | B232: =IF('Input Sheet'!C234="","",CONCATENATE("Sample ", 'Input Sheet'!B234, "m: ", O232, I232, "% ", "Siltstone, ", Q232, 'Input Sheet'!C234, "% ", K232, " Sandstone ")) | C232: =IF('Input Sheet'!C234="","",CONCATENATE("Sample ", 'Input Sheet'!B234, "m: ", N232,, L232, K232, " FLUOR in SST. ", "TG ", 'Input Sheet'!I234, "U")) | H232: =IF('Input Sheet'!C234="","",100-'Input Sheet'!C234) | I232: =SUBSTITUTE(SUBSTITUTE(SUBSTITUTE(SUBSTITUTE(SUBSTITUTE(SUBSTITUTE(SUBSTITUTE(SUBSTITUTE(SUBSTITUTE(SUBSTITUTE(SUBSTITUTE(SUBSTITUTE(SUBSTITUTE(SUBSTITUTE(SUBSTITUTE(SUBSTITUTE(SUBSTITUTE(SUBSTITUTE(SUBSTITUTE(SUBSTITUTE(SUBSTITUTE(SUBSTITUTE(SUBSTITUTE(SUBSTITUTE(SUBSTITUTE(SUBSTITUTE(SUBSTITUTE(SUBSTITUTE(SUBSTITUTE(SUBSTITUTE(SUBSTITUTE('Input Sheet'!D234,$E$3,$F$3),$E$4,$F$4),$E$5,$F$5),$E$6,$F$6),$E$7,$F$7),$E$8,$F$8),$E$9,$F$9),$E$10,$F$10),$E$11,$F$11),$E$12,$F$12),$E$13,$F$13),$E$14,$F$14),$E$15,$F$15),$E$16,$F$16),$E$17,$F$17),$E$18,$F$18),$E$19,$F$19),$E$20,$F$20),$E$21,$F$21),$E$22,$F$22),$E$23,$F$23),$E$24,$F$24),$E$25,$F$25),$E$26,$F$26),$E$27,$F$27),$E$28,$F$28),$E$29,$F$29),$E$30,$F$30),$E$31,$F$31),$E$32,$F$32),$E$33,$F$33) | J232: =SUBSTITUTE(I232, "veryfine", "very fine") | K232: =SUBSTITUTE(SUBSTITUTE(SUBSTITUTE(SUBSTITUTE(SUBSTITUTE(SUBSTITUTE(SUBSTITUTE(SUBSTITUTE(SUBSTITUTE(SUBSTITUTE(SUBSTITUTE(SUBSTITUTE(SUBSTITUTE(SUBSTITUTE(SUBSTITUTE(SUBSTITUTE(SUBSTITUTE(SUBSTITUTE(SUBSTITUTE(SUBSTITUTE(SUBSTITUTE(SUBSTITUTE(SUBSTITUTE(SUBSTITUTE(SUBSTITUTE(SUBSTITUTE(SUBSTITUTE(SUBSTITUTE(SUBSTITUTE(SUBSTITUTE(SUBSTITUTE('Input Sheet'!G234,$E$3,$F$3),$E$4,$F$4),$E$5,$F$5),$E$6,$F$6),$E$7,$F$7),$E$8,$F$8),$E$9,$F$9),$E$10,$F$10),$E$11,$F$11),$E$12,$F$12),$E$13,$F$13),$E$14,$F$14),$E$15,$F$15),$E$16,$F$16),$E$17,$F$17),$E$18,$F$18),$E$19,$F$19),$E$20,$F$20),$E$21,$F$21),$E$22,$F$22),$E$23,$F$23),$E$24,$F$24),$E$25,$F$25),$E$26,$F$26),$E$27,$F$27),$E$28,$F$28),$E$29,$F$29),$E$30,$F$30),$E$31,$F$31),$E$32,$F$32),$E$33,$F$33) | L232: =IF('Input Sheet'!F234=0, "NO",CONCATENATE('Input Sheet'!F234, IF('Input Sheet'!F234>0,"% ",""))) -> NO | M232: =SUBSTITUTE(SUBSTITUTE(SUBSTITUTE(SUBSTITUTE(SUBSTITUTE(SUBSTITUTE(SUBSTITUTE(SUBSTITUTE(SUBSTITUTE(SUBSTITUTE(SUBSTITUTE(SUBSTITUTE(SUBSTITUTE(SUBSTITUTE(SUBSTITUTE(SUBSTITUTE(SUBSTITUTE(SUBSTITUTE(SUBSTITUTE(SUBSTITUTE(SUBSTITUTE(SUBSTITUTE(SUBSTITUTE(SUBSTITUTE(SUBSTITUTE(SUBSTITUTE(SUBSTITUTE(SUBSTITUTE(SUBSTITUTE(SUBSTITUTE(SUBSTITUTE('Input Sheet'!J234,$E$3,$F$3),$E$4,$F$4),$E$5,$F$5),$E$6,$F$6),$E$7,$F$7),$E$8,$F$8),$E$9,$F$9),$E$10,$F$10),$E$11,$F$11),$E$12,$F$12),$E$13,$F$13),$E$14,$F$14),$E$15,$F$15),$E$16,$F$16),$E$17,$F$17),$E$18,$F$18),$E$19,$F$19),$E$20,$F$20),$E$21,$F$21),$E$22,$F$22),$E$23,$F$23),$E$24,$F$24),$E$25,$F$25),$E$26,$F$26),$E$27,$F$27),$E$28,$F$28),$E$29,$F$29),$E$30,$F$30),$E$31,$F$31),$E$32,$F$32),$E$33,$F$33) | N232: =CONCATENATE(M232, IF('Input Sheet'!J234="",""," siderite in ")) | O232: =SUBSTITUTE(SUBSTITUTE(SUBSTITUTE(SUBSTITUTE(SUBSTITUTE(SUBSTITUTE(SUBSTITUTE(SUBSTITUTE(SUBSTITUTE(SUBSTITUTE(SUBSTITUTE(SUBSTITUTE(SUBSTITUTE(SUBSTITUTE(SUBSTITUTE(SUBSTITUTE(SUBSTITUTE(SUBSTITUTE(SUBSTITUTE(SUBSTITUTE(SUBSTITUTE(SUBSTITUTE(SUBSTITUTE(SUBSTITUTE(SUBSTITUTE(SUBSTITUTE(SUBSTITUTE(SUBSTITUTE(SUBSTITUTE(SUBSTITUTE(SUBSTITUTE('Input Sheet'!K234,$E$3,$F$3),$E$4,$F$4),$E$5,$F$5),$E$6,$F$6),$E$7,$F$7),$E$8,$F$8),$E$9,$F$9),$E$10,$F$10),$E$11,$F$11),$E$12,$F$12),$E$13,$F$13),$E$14,$F$14),$E$15,$F$15),$E$16,$F$16),$E$17,$F$17),$E$18,$F$18),$E$19,$F$19),$E$20,$F$20),$E$21,$F$21),$E$22,$F$22),$E$23,$F$23),$E$24,$F$24),$E$25,$F$25),$E$26,$F$26),$E$27,$F$27),$E$28,$F$28),$E$29,$F$29),$E$30,$F$30),$E$31,$F$31),$E$32,$F$32),$E$33,$F$33) | P232: =CONCATENATE(O232, IF('Input Sheet'!K234="",""," siderite in "))
