Workbook

Sheet Example Sheet
B1: Sample Descriptions
B3: Depth (mMD) | C3: % Sandstone | D3: Grain Size | E3: Max Grain Size | F3: % Fluor | G3: Brightness | H3: Gas (U) | I3: FeCO3 in SLTST | J3: FeCO3 in SST | K3: Date | L3: Time | O3: Short Hand
B4: 1596 | C4: 50 | D4: vf-f | E4: F | H4: 5 | I4: mnr | K4: 45161 | L4: 0.54166667 | O4: f | P4: fine
B5: 1599 | C5: 60 | D5: vf-f, tr med | E5: M | H5: 5 | I5: mnr | K5: 45161 | L5: 0.54861111 | O5: med | P5: medium
B6: 1602 | C6: 65 | D6: vf-f | E6: F | H6: 5 | I6: mnr | K6: 45161 | L6: 0.55208333 | O6: crs | P6: coarse
B7: 1605 | C7: 50 | D7: vf, occ f | E7: F | H7: 6 | I7: tr | K7: 45161 | L7: 0.5625 | O7: v | P7: very
B8: 1608 | C8: 30 | D8: vf-f | E8: F | H8: 7 | I8: tr | J8: tr | K8: 45161 | L8: 0.58333333 | O8: - | P8: to
B9: 1611 | C9: 40 | D9: vf-f | E9: F | F9: Tr | H9: 7 | I9: tr | J9: tr | K9: 45161 | L9: 0.60416667 | O9: occ | P9: occasional
B10: 1614 | C10: 60 | D10: vf-f | E10: F | F10: 10 | G10: pl-mod bri | H10: 8 | I10: tr | K10: 45161 | L10: 0.625 | O10: mnr | P10: minor
B11: 1617 | C11: 40 | D11: vf-f | E11: F | F11: Tr | G11: pl-mod bri | H11: 7 | I11: tr | J11: mnr | K11: 45161 | L11: 0.64583333 | O11: rr | P11: rare
B12: 1620 | C12: 30 | D12: vf-f | E12: F | F12: 10 | G12: pl-mod bri | H12: 7 | I12: mnr | J12: mnr | K12: 45161 | L12: 0.66666667 | O12: tr | P12: trace
B13: 1623 | C13: 30 | D13: vff-f | E13: F | F13: 10 | G13: pl-mod bri | H13: 5 | I13: mnr | J13: tr | K13: 45161 | L13: 0.6875 | O13: mod | P13: moderately
B14: 1626 | C14: 80 | D14: vf-med, tr crs-v crs | E14: C | F14: 80 | G14: mod bri | H14: 77 | I14: tr | K14: 45161 | L14: 0.70833333 | O14: bri | P14: bright
B15: 1629 | C15: 90 | D15: f-med, tr crs-v crs | E15: C | F15: 100 | G15: mod bri-bri | H15: 100 | K15: 45161 | L15: 0.72916667 | O15: dll | P15: dull
B16: 1632 | C16: 95 | D16: f-med, tr crs-v crs | E16: C | F16: 100 | G16: mod bri-bri | H16: 94 | K16: 45161 | L16: 0.75 | O16: com | P16: common
B17: 1635 | C17: 100 | D17: f-med,tr crs | E17: C | F17: 100 | G17: mod bri-bri | H17: 102 | K17: 45161 | L17: 0.77083333 | O17: i/p | P17: in part
O18: dom | P18: dominantly
O19: pl | P19: pale

Sheet Input Sheet
B1: Sample Descriptions
B3: Depth (mMD) | C3: % Sandstone | D3: Grain Size | E3: Max Grain Size | F3: % Fluor | G3: Brightness | H3: Brightness Code | I3: Gas (U) | J3: FeCO3 in SLTST | K3: FeCO3 in SST | L3: Date | M3: Time | P3: Short Hand | S3: Brightness
A4: Stimpee 7 _OP | B4: 1565 | C4: 15 | D4: vf | E4: VF | F4: 0 | I4: 5 | L4: 45206 | M4: 0.52777778 | P4: f | Q4: fine | R4: =IF(C4="","",IF(OR(L4="",AND(ISNUMBER(R4),C4=R4)),R4,C4)) | S4: bri | T4: 3
A5: Stimpee 7 _OP | B5: 1570 | C5: 20 | D5: vf | E5: VF | F5: 0 | I5: 7 | L5: 45206 | M5: 0.55208333 | P5: med | Q5: medium | R5: =IF(C5="","",IF(OR(L5="",AND(ISNUMBER(R5),C5=R5)),R5,C5)) | S5: mod bri - bri | T5: 2.5
A6: Stimpee 7 _OP | B6: 1575 | C6: 25 | D6: vf | E6: VF | F6: 0 | I6: 8 | L6: 45206 | M6: 0.56597222 | P6: crs | Q6: coarse | R6: =IF(C6="","",IF(OR(L6="",AND(ISNUMBER(R6),C6=R6)),R6,C6)) | S6: mod bri | T6: 2
A7: Stimpee 7 _OP | B7: 1580 | C7: 20 | D7: vf | E7: VF | F7: 0 | I7: 5 | L7: 45206 | M7: 0.58333333 | P7: v | Q7: very | R7: =IF(C7="","",IF(OR(L7="",AND(ISNUMBER(R7),C7=R7)),R7,C7)) | S7: dll - bri | T7: 1.5
A8: Stimpee 7 _OP | B8: 1585 | C8: 15 | D8: vf | E8: VF | F8: 0 | I8: 5 | L8: 45206 | M8: 0.59375 | P8: - | Q8: to | R8: =IF(C8="","",IF(OR(L8="",AND(ISNUMBER(R8),C8=R8)),R8,C8)) | S8: dll - mod bri | T8: 1
A9: Stimpee 7 _OP | B9: 1590 | C9: 15 | D9: vf | E9: VF | F9: 0 | I9: 8 | L9: 45206 | M9: 0.60416667 | P9: occ | Q9: occasional | R9: =IF(C9="","",IF(OR(L9="",AND(ISNUMBER(R9),C9=R9)),R9,C9)) | S9: dll | T9: 0.5
A10: Stimpee 7 _OP | B10: 1595 | C10: 30 | D10: vf-f | E10: F | F10: 0 | I10: 9 | L10: 45206 | M10: 0.62847222 | P10: mnr | Q10: minor | R10: =IF(C10="","",IF(OR(L10="",AND(ISNUMBER(R10),C10=R10)),R10,C10)) | S10: =IF(C10="","",IF(OR(M10="",AND(ISNUMBER(S10),C10=S10)),S10,C10))
A11: Stimpee 7 _OP | B11: 1600 | C11: 50 | D11: vf-f | E11: M | F11: 0 | I11: 11 | L11: 45206 | M11: 0.64236111 | P11: rr | Q11: rare | R11: =IF(C11="","",IF(OR(L11="",AND(ISNUMBER(R11),C11=R11)),R11,C11)) | S11: =IF(C11="","",IF(OR(M11="",AND(ISNUMBER(S11),C11=S11)),S11,C11))
A12: Stimpee 7 _OP | B12: 1605 | C12: 45 | D12: vf-f | E12: M | F12: 0 | I12: 13 | L12: 45206 | M12: 0.64930556 | P12: tr | Q12: trace | R12: =IF(C12="","",IF(OR(L12="",AND(ISNUMBER(R12),C12=R12)),R12,C12)) | S12: =IF(C12="","",IF(OR(M12="",AND(ISNUMBER(S12),C12=S12)),S12,C12))
A13: Stimpee 7 _OP | B13: 1610 | C13: 45 | D13: vf-f | E13: F | F13: 0 | I13: 9 | L13: 45206 | M13: 0.66319444 | P13: mod | Q13: moderately | R13: =IF(C13="","",IF(OR(L13="",AND(ISNUMBER(R13),C13=R13)),R13,C13)) | S13: =IF(C13="","",IF(OR(M13="",AND(ISNUMBER(S13),C13=S13)),S13,C13))
A14: Stimpee 7 _OP | B14: 1615 | C14: 65 | D14: vf-f | E14: C | F14: 15 | G14: mod bri | H14: =_xlfn.XLOOKUP(G14,$S$4:$S$9,$T$4:$T$9,"",0,1) -> 2 | I14: 10 | L14: 45206 | M14: 0.69444444 | P14: bri | Q14: bright | R14: =IF(C14="","",IF(OR(L14="",AND(ISNUMBER(R14),C14=R14)),R14,C14)) | S14: =IF(C14="","",IF(OR(M14="",AND(ISNUMBER(S14),C14=S14)),S14,C14))
A15: Stimpee 7 _OP | B15: 1620 | C15: 70 | D15: vf-f | E15: C | F15: 50 | G15: mod bri | H15: =_xlfn.XLOOKUP(G15,$S$4:$S$9,$T$4:$T$9,"",0,1) -> 2 | I15: 21 | L15: 45206 | M15: 0.72569444 | P15: dll | Q15: dull | R15: =IF(C15="","",IF(OR(L15="",AND(ISNUMBER(R15),C15=R15)),R15,C15)) | S15: =IF(C15="","",IF(OR(M15="",AND(ISNUMBER(S15),C15=S15)),S15,C15))
A16: Stimpee 7 _OP | B16: 1625 | C16: 70 | D16: vf-f | E16: C | F16: 70 | G16: mod bri | H16: =_xlfn.XLOOKUP(G16,$S$4:$S$9,$T$4:$T$9,"",0,1) -> 2 | I16: 25 | L16: 45206 | M16: 0.73958333 | P16: com | Q16: common | R16: =IF(C16="","",IF(OR(L16="",AND(ISNUMBER(R16),C16=R16)),R16,C16)) | S16: =IF(C16="","",IF(OR(M16="",AND(ISNUMBER(S16),C16=S16)),S16,C16))
A17: Stimpee 7 _OP | B17: 1630 | C17: 70 | D17: vf-f | E17: C | F17: 100 | G17: mod bri | H17: =_xlfn.XLOOKUP(G17,$S$4:$S$9,$T$4:$T$9,"",0,1) -> 2 | I17: 22 | L17: 45206 | M17: 0.75347222 | P17: i/p | Q17: in part | R17: =IF(C17="","",IF(OR(L17="",AND(ISNUMBER(R17),C17=R17)),R17,C17)) | S17: =IF(C17="","",IF(OR(M17="",AND(ISNUMBER(S17),C17=S17)),S17,C17))
A18: Stimpee 7 _OP | B18: 1637 | C18: 70 | D18: vf-f | E18: C | F18: 100 | G18: mod bri | H18: =_xlfn.XLOOKUP(G18,$S$4:$S$9,$T$4:$T$9,"",0,1) -> 2 | I18: 17 | L18: 45206 | M18: 0.78125 | P18: dom | Q18: dominantly | R18: =IF(C18="","",IF(OR(L18="",AND(ISNUMBER(R18),C18=R18)),R18,C18)) | S18: =IF(C18="","",IF(OR(M18="",AND(ISNUMBER(S18),C18=S18)),S18,C18))
A19: Stimpee 7 _OP | B19: 1640 | C19: 60 | D19: vf-f | E19: F | F19: 50 | G19: mod bri | H19: =_xlfn.XLOOKUP(G19,$S$4:$S$9,$T$4:$T$9,"",0,1) -> 2 | I19: 13 | L19: 45207 | M19: 0.46527778 | P19: pl | Q19: pale | R19: =IF(C19="","",IF(OR(L19="",AND(ISNUMBER(R19),C19=R19)),R19,C19)) | S19: =IF(C19="","",IF(OR(M19="",AND(ISNUMBER(S19),C19=S19)),S19,C19))
A20: Stimpee 7 _OP | B20: 1645 | C20: 40 | D20: vf-f | E20: F | F20: 50 | G20: mod bri | H20: =_xlfn.XLOOKUP(G20,$S$4:$S$9,$T$4:$T$9,"",0,1) -> 2 | I20: 7 | L20: 45207 | M20: 0.47569444 | R20: =IF(C20="","",IF(OR(L20="",AND(ISNUMBER(R20),C20=R20)),R20,C20)) | S20: =IF(C20="","",IF(OR(M20="",AND(ISNUMBER(S20),C20=S20)),S20,C20))
A21: Stimpee 7 _OP | B21: 1650 | C21: 30 | D21: vf-f | E21: C | F21: 30 | G21: mod bri | H21: =_xlfn.XLOOKUP(G21,$S$4:$S$9,$T$4:$T$9,"",0,1) -> 2 | I21: 18 | L21: 45207 | M21: 0.49652778 | R21: =IF(C21="","",IF(OR(L21="",AND(ISNUMBER(R21),C21=R21)),R21,C21)) | S21: =IF(C21="","",IF(OR(M21="",AND(ISNUMBER(S21),C21=S21)),S21,C21))
A22: Stimpee 7 _OP | B22: 1655 | C22: 30 | D22: vf-f | E22: C | F22: 60 | G22: mod bri | H22: =_xlfn.XLOOKUP(G22,$S$4:$S$9,$T$4:$T$9,"",0,1) -> 2 | I22: 24 | L22: 45207 | M22: 0.51388889 | R22: =IF(C22="","",IF(OR(L22="",AND(ISNUMBER(R22),C22=R22)),R22,C22)) | S22: =IF(C22="","",IF(OR(M22="",AND(ISNUMBER(S22),C22=S22)),S22,C22))
A23: Stimpee 7 _OP | B23: 1660 | C23: 40 | D23: vf-f | E23: C | F23: 60 | G23: mod bri | H23: =_xlfn.XLOOKUP(G23,$S$4:$S$9,$T$4:$T$9,"",0,1) -> 2 | I23: 28 | L23: 45207 | M23: 0.52430556 | R23: =IF(C23="","",IF(OR(L23="",AND(ISNUMBER(R23),C23=R23)),R23,C23)) | S23: =IF(C23="","",IF(OR(M23="",AND(ISNUMBER(S23),C23=S23)),S23,C23))
A24: Stimpee 7 _OP | B24: 1665 | C24: 40 | D24: f-med | E24: C | F24: 60 | G24: mod bri | H24: =_xlfn.XLOOKUP(G24,$S$4:$S$9,$T$4:$T$9,"",0,1) -> 2 | I24: 24 | L24: 45207 | M24: 0.53125 | R24: =IF(C24="","",IF(OR(L24="",AND(ISNUMBER(R24),C24=R24)),R24,C24)) | S24: =IF(C24="","",IF(OR(M24="",AND(ISNUMBER(S24),C24=S24)),S24,C24))
A25: Stimpee 7 _OP | B25: 1670 | C25: 50 | D25: f-med | E25: M | F25: 40 | G25: mod bri | H25: =_xlfn.XLOOKUP(G25,$S$4:$S$9,$T$4:$T$9,"",0,1) -> 2 | I25: 18 | L25: 45207 | M25: 0.54513889 | R25: =IF(C25="","",IF(OR(L25="",AND(ISNUMBER(R25),C25=R25)),R25,C25)) | S25: =IF(C25="","",IF(OR(M25="",AND(ISNUMBER(S25),C25=S25)),S25,C25))
A26: Stimpee 7 _OP | B26: 1675 | C26: 35 | D26: f-med | E26: C | F26: 45 | G26: mod bri | H26: =_xlfn.XLOOKUP(G26,$S$4:$S$9,$T$4:$T$9,"",0,1) -> 2 | I26: 16 | L26: 45207 | M26: 0.56597222 | R26: =IF(C26="","",IF(OR(L26="",AND(ISNUMBER(R26),C26=R26)),R26,C26)) | S26: =IF(C26="","",IF(OR(M26="",AND(ISNUMBER(S26),C26=S26)),S26,C26))
A27: Stimpee 7 _OP | B27: 1680 | C27: 35 | D27: f-med | E27: C | F27: 50 | G27: mod bri | H27: =_xlfn.XLOOKUP(G27,$S$4:$S$9,$T$4:$T$9,"",0,1) -> 2 | I27: 23 | L27: 45207 | M27: 0.57638889 | R27: =IF(C27="","",IF(OR(L27="",AND(ISNUMBER(R27),C27=R27)),R27,C27)) | S27: =IF(C27="","",IF(OR(M27="",AND(ISNUMBER(S27),C27=S27)),S27,C27))
A28: Stimpee 7 _OP | B28: 1685 | C28: 30 | D28: f-med | E28: C | F28: 60 | G28: mod bri | H28: =_xlfn.XLOOKUP(G28,$S$4:$S$9,$T$4:$T$9,"",0,1) -> 2 | I28: 20 | L28: 45207 | M28: 0.59027778 | R28: =IF(C28="","",IF(OR(L28="",AND(ISNUMBER(R28),C28=R28)),R28,C28)) | S28: =IF(C28="","",IF(OR(M28="",AND(ISNUMBER(S28),C28=S28)),S28,C28))
A29: Stimpee 7 _OP | B29: 1690 | C29: 30 | D29: f-med | E29: C | F29: 50 | G29: mod bri | H29: =_xlfn.XLOOKUP(G29,$S$4:$S$9,$T$4:$T$9,"",0,1) -> 2 | I29: 25 | L29: 45207 | M29: 0.60069444 | R29: =IF(C29="","",IF(OR(L29="",AND(ISNUMBER(R29),C29=R29)),R29,C29)) | S29: =IF(C29="","",IF(OR(M29="",AND(ISNUMBER(S29),C29=S29)),S29,C29))
A30: Stimpee 7 _OP | B30: 1695 | C30: 60 | D30: f-med | E30: C | F30: 50 | G30: mod bri | H30: =_xlfn.XLOOKUP(G30,$S$4:$S$9,$T$4:$T$9,"",0,1) -> 2 | I30: 47 | L30: 45207 | M30: 0.61805556 | R30: =IF(C30="","",IF(OR(L30="",AND(ISNUMBER(R30),C30=R30)),R30,C30)) | S30: =IF(C30="","",IF(OR(M30="",AND(ISNUMBER(S30),C30=S30)),S30,C30))
A31: Stimpee 7 _OP | B31: 1700 | C31: 75 | D31: vf-f | E31: M | F31: 60 | G31: mod bri | H31: =_xlfn.XLOOKUP(G31,$S$4:$S$9,$T$4:$T$9,"",0,1) -> 2 | I31: 65 | L31: 45207 | M31: 0.62847222 | R31: =IF(C31="","",IF(OR(L31="",AND(ISNUMBER(R31),C31=R31)),R31,C31)) | S31: =IF(C31="","",IF(OR(M31="",AND(ISNUMBER(S31),C31=S31)),S31,C31))
... A121: Stimpee 7 _OP | B121: 2540 | C121: 95 | D121: vf-f | E121: F | F121: 50 | G121: dll - mod bri | H121: =_xlfn.XLOOKUP(G121,$S$4:$S$9,$T$4:$T$9,"",0,1) -> 1 | I121: 158 | L121: 45209 | M121: 0.46527778 | R121: =IF(C121="","",IF(OR(L121="",AND(ISNUMBER(R121),C121=R121)),R121,C121)) | S121: =IF(C121="","",IF(OR(M121="",AND(ISNUMBER(S121),C121=S121)),S121,C121))
A122: Stimpee 7 _OP | B122: 2550 | C122: 60 | D122: vf-f | E122: C | F122: 10 | G122: dll - mod bri | H122: =_xlfn.XLOOKUP(G122,$S$4:$S$9,$T$4:$T$9,"",0,1) -> 1 | I122: 128 | J122: Y | L122: 45209 | M122: 0.48263889 | R122: =IF(C122="","",IF(OR(L122="",AND(ISNUMBER(R122),C122=R122)),R122,C122)) | S122: =IF(C122="","",IF(OR(M122="",AND(ISNUMBER(S122),C122=S122)),S122,C122))
A123: Stimpee 7 _OP | B123: 2560 | C123: 20 | D123: vf-f | E123: C | F123: 25 | G123: dll - mod bri | H123: =_xlfn.XLOOKUP(G123,$S$4:$S$9,$T$4:$T$9,"",0,1) -> 1 | I123: 119 | J123: Y | L123: 45209 | M123: 0.50347222 | R123: =IF(C123="","",IF(OR(L123="",AND(ISNUMBER(R123),C123=R123)),R123,C123)) | S123: =IF(C123="","",IF(OR(M123="",AND(ISNUMBER(S123),C123=S123)),S123,C123))
A124: Stimpee 7 _OP | B124: 2570 | C124: 20 | D124: vf-f | E124: C | F124: 25 | G124: dll - mod bri | H124: =_xlfn.XLOOKUP(G124,$S$4:$S$9,$T$4:$T$9,"",0,1) -> 1 | I124: 123 | J124: Y | L124: 45209 | M124: 0.52430556 | R124: =IF(C124="","",IF(OR(L124="",AND(ISNUMBER(R124),C124=R124)),R124,C124)) | S124: =IF(C124="","",IF(OR(M124="",AND(ISNUMBER(S124),C124=S124)),S124,C124))
A125: Stimpee 7 _OP | B125: 2580 | C125: 30 | D125: vf-f | E125: M | F125: 25 | G125: dll - mod bri | H125: =_xlfn.XLOOKUP(G125,$S$4:$S$9,$T$4:$T$9,"",0,1) -> 1 | I125: 101 | J125: Y | L125: 45209 | M125: 0.54513889 | R125: =IF(C125="","",IF(OR(L125="",AND(ISNUMBER(R125),C125=R125)),R125,C125)) | S125: =IF(C125="","",IF(OR(M125="",AND(ISNUMBER(S125),C125=S125)),S125,C125))
A126: Stimpee 7 _OP | B126: 2590 | C126: 30 | D126: vf-f | E126: M | F126: 25 | G126: dll - mod bri | H126: =_xlfn.XLOOKUP(G126,$S$4:$S$9,$T$4:$T$9,"",0,1) -> 1 | I126: 89 | J126: Y | L126: 45209 | M126: 0.58333333 | R126: =IF(C126="","",IF(OR(L126="",AND(ISNUMBER(R126),C126=R126)),R126,C126)) | S126: =IF(C126="","",IF(OR(M126="",AND(ISNUMBER(S126),C126=S126)),S126,C126))
A127: Stimpee 7 _OP | B127: 2600 | C127: 40 | D127: vf-f | E127: M | F127: 25 | G127: dll - mod bri | H127: =_xlfn.XLOOKUP(G127,$S$4:$S$9,$T$4:$T$9,"",0,1) -> 1 | I127: 94 | J127: Y | L127: 45209 | M127: 0.59722222 | R127: =IF(C127="","",IF(OR(L127="",AND(ISNUMBER(R127),C127=R127)),R127,C127)) | S127: =IF(C127="","",IF(OR(M127="",AND(ISNUMBER(S127),C127=S127)),S127,C127))
A128: Stimpee 7 _OP | B128: 2610 | C128: 25 | D128: vf-f | E128: M | F128: 20 | G128: dll - mod bri | H128: =_xlfn.XLOOKUP(G128,$S$4:$S$9,$T$4:$T$9,"",0,1) -> 1 | I128: 82 | J128: Y | L128: 45209 | M128: 0.61805556 | R128: =IF(C128="","",IF(OR(L128="",AND(ISNUMBER(R128),C128=R128)),R128,C128)) | S128: =IF(C128="","",IF(OR(M128="",AND(ISNUMBER(S128),C128=S128)),S128,C128))
A129: Stimpee 7 _OP | B129: 2620 | C129: 20 | D129: vf-f | E129: M | F129: 20 | G129: dll - mod bri | H129: =_xlfn.XLOOKUP(G129,$S$4:$S$9,$T$4:$T$9,"",0,1) -> 1 | I129: 89 | J129: Y | L129: 45209 | M129: 0.63194444 | R129: =IF(C129="","",IF(OR(L129="",AND(ISNUMBER(R129),C129=R129)),R129,C129)) | S129: =IF(C129="","",IF(OR(M129="",AND(ISNUMBER(S129),C129=S129)),S129,C129))
A130: Stimpee 7 _OP | B130: 2630 | C130: 40 | D130: vf-f | E130: M | F130: 5 | G130: dll - mod bri | H130: =_xlfn.XLOOKUP(G130,$S$4:$S$9,$T$4:$T$9,"",0,1) -> 1 | I130: 84 | J130: y | L130: 45209 | M130: 0.65625 | R130: =IF(C130="","",IF(OR(L130="",AND(ISNUMBER(R130),C130=R130)),R130,C130)) | S130: =IF(C130="","",IF(OR(M130="",AND(ISNUMBER(S130),C130=S130)),S130,C130))
A131: Stimpee 7 _OP | B131: 2640 | C131: 60 | D131: vf-f | E131: M | F131: 15 | G131: dll - mod bri | H131: =_xlfn.XLOOKUP(G131,$S$4:$S$9,$T$4:$T$9,"",0,1) -> 1 | I131: 100 | J131: y | L131: 45209 | M131: 0.67013889 | R131: =IF(C131="","",IF(OR(L131="",AND(ISNUMBER(R131),C131=R131)),R131,C131)) | S131: =IF(C131="","",IF(OR(M131="",AND(ISNUMBER(S131),C131=S131)),S131,C131))
A132: Stimpee 7 _OP | B132: 2650 | C132: 70 | D132: vf-f | E132: M | F132: 10 | G132: dll - mod bri | H132: =_xlfn.XLOOKUP(G132,$S$4:$S$9,$T$4:$T$9,"",0,1) -> 1 | I132: 82 | J132: y | L132: 45209 | M132: 0.69444444 | R132: =IF(C132="","",IF(OR(L132="",AND(ISNUMBER(R132),C132=R132)),R132,C132)) | S132: =IF(C132="","",IF(OR(M132="",AND(ISNUMBER(S132),C132=S132)),S132,C132))
A133: Stimpee 7 _OP | B133: 2660 | C133: 40 | D133: vf-f | E133: M | F133: 20 | G133: dll - mod bri | H133: =_xlfn.XLOOKUP(G133,$S$4:$S$9,$T$4:$T$9,"",0,1) -> 1 | I133: 85 | J133: N | L133: 45209 | M133: 0.71875 | R133: =IF(C133="","",IF(OR(L133="",AND(ISNUMBER(R133),C133=R133)),R133,C133)) | S133: =IF(C133="","",IF(OR(M133="",AND(ISNUMBER(S133),C133=S133)),S133,C133))
A134: Stimpee 7 _OP | B134: 2670 | C134: 70 | D134: f-med | E134: C | F134: 45 | G134: mod bri | H134: =_xlfn.XLOOKUP(G134,$S$4:$S$9,$T$4:$T$9,"",0,1) -> 2 | I134: 116 | J134: N | L134: 45209 | M134: 0.73611111 | R134: =IF(C134="","",IF(OR(L134="",AND(ISNUMBER(R134),C134=R134)),R134,C134)) | S134: =IF(C134="","",IF(OR(M134="",AND(ISNUMBER(S134),C134=S134)),S134,C134))
A135: Stimpee 7 _OP | B135: 2680 | C135: 90 | D135: f-med | E135: M | F135: 60 | G135: dll - mod bri | H135: =_xlfn.XLOOKUP(G135,$S$4:$S$9,$T$4:$T$9,"",0,1) -> 1 | I135: 228 | L135: 45209 | M135: 0.75486111 | R135: =IF(C135="","",IF(OR(L135="",AND(ISNUMBER(R135),C135=R135)),R135,C135)) | S135: =IF(C135="","",IF(OR(M135="",AND(ISNUMBER(S135),C135=S135)),S135,C135))
A136: Stimpee 7 _OP | B136: 2690 | C136: 100 | D136: f-med | E136: M | F136: 80 | G136: mod bri - bri | H136: =_xlfn.XLOOKUP(G136,$S$4:$S$9,$T$4:$T$9,"",0,1) -> 2.5 | I136: 250 | L136: 45209 | M136: 0.77430556 | R136: =IF(C136="","",IF(OR(L136="",AND(ISNUMBER(R136),C136=R136)),R136,C136)) | S136: =IF(C136="","",IF(OR(M136="",AND(ISNUMBER(S136),C136=S136)),S136,C136))
A137: Stimpee 7 _OP | B137: 2700 | C137: 90 | D137: f-med | E137: M | F137: 80 | G137: mod bri - bri | H137: =_xlfn.XLOOKUP(G137,$S$4:$S$9,$T$4:$T$9,"",0,1) -> 2.5 | I137: 174 | L137: 45209 | M137: 0.79513889 | R137: =IF(C137="","",IF(OR(L137="",AND(ISNUMBER(R137),C137=R137)),R137,C137)) | S137: =IF(C137="","",IF(OR(M137="",AND(ISNUMBER(S137),C137=S137)),S137,C137))
A138: Stimpee 7 _OP | B138: 2710 | C138: 100 | D138: f-med | E138: M | F138: 100 | G138: bri | H138: =_xlfn.XLOOKUP(G138,$S$4:$S$9,$T$4:$T$9,"",0,1) -> 3 | I138: 253 | L138: 45209 | M138: 0.8125 | R138: =IF(C138="","",IF(OR(L138="",AND(ISNUMBER(R138),C138=R138)),R138,C138)) | S138: =IF(C138="","",IF(OR(M138="",AND(ISNUMBER(S138),C138=S138)),S138,C138))
A139: Stimpee 7 _OP | B139: 2720 | C139: 95 | D139: f-med | E139: M | F139: 80 | G139: mod bri - bri | H139: =_xlfn.XLOOKUP(G139,$S$4:$S$9,$T$4:$T$9,"",0,1) -> 2.5 | I139: 285 | L139: 45209 | M139: 0.83333333 | R139: =IF(C139="","",IF(OR(L139="",AND(ISNUMBER(R139),C139=R139)),R139,C139)) | S139: =IF(C139="","",IF(OR(M139="",AND(ISNUMBER(S139),C139=S139)),S139,C139))
A140: Stimpee 7 _OP | B140: 2730 | C140: 100 | D140: f-med | E140: M | F140: 100 | G140: bri | H140: =_xlfn.XLOOKUP(G140,$S$4:$S$9,$T$4:$T$9,"",0,1) -> 3 | I140: 277 | L140: 45209 | M140: 0.85069444 | R140: =IF(C140="","",IF(OR(L140="",AND(ISNUMBER(R140),C140=R140)),R140,C140)) | S140: =IF(C140="","",IF(OR(M140="",AND(ISNUMBER(S140),C140=S140)),S140,C140))
A141: Stimpee 7 _OP | B141: 2740 | C141: 100 | D141: f-med | E141: M | F141: 100 | G141: bri | H141: =_xlfn.XLOOKUP(G141,$S$4:$S$9,$T$4:$T$9,"",0,1) -> 3 | I141: 246 | L141: 45209 | M141: 0.87152778 | R141: =IF(C141="","",IF(OR(L141="",AND(ISNUMBER(R141),C141=R141)),R141,C141)) | S141: =IF(C141="","",IF(OR(M141="",AND(ISNUMBER(S141),C141=S141)),S141,C141))
A142: Stimpee 7 _OP | B142: 2750 | C142: 100 | D142: f-med | E142: M | F142: 100 | G142: bri | H142: =_xlfn.XLOOKUP(G142,$S$4:$S$9,$T$4:$T$9,"",0,1) -> 3 | I142: 249 | L142: 45209 | M142: 0.88888889 | R142: =IF(C142="","",IF(OR(L142="",AND(ISNUMBER(R142),C142=R142)),R142,C142)) | S142: =IF(C142="","",IF(OR(M142="",AND(ISNUMBER(S142),C142=S142)),S142,C142))
A143: Stimpee 7 _OP | B143: 2760 | C143: 90 | D143: f-med | E143: M | F143: 80 | G143: bri | H143: =_xlfn.XLOOKUP(G143,$S$4:$S$9,$T$4:$T$9,"",0,1) -> 3 | I143: 190 | L143: 45209 | M143: 0.91666667 | R143: =IF(C143="","",IF(OR(L143="",AND(ISNUMBER(R143),C143=R143)),R143,C143)) | S143: =IF(C143="","",IF(OR(M143="",AND(ISNUMBER(S143),C143=S143)),S143,C143))
A144: Stimpee 7 _OP | B144: 2770 | C144: 90 | D144: f-med | E144: M | F144: 70 | G144: mod bri - bri | H144: =_xlfn.XLOOKUP(G144,$S$4:$S$9,$T$4:$T$9,"",0,1) -> 2.5 | I144: 191 | L144: 45209 | M144: 0.93055556 | R144: =IF(C144="","",IF(OR(L144="",AND(ISNUMBER(R144),C144=R144)),R144,C144)) | S144: =IF(C144="","",IF(OR(M144="",AND(ISNUMBER(S144),C144=S144)),S144,C144))
A145: Stimpee 7 _OP | B145: 2780 | C145: 90 | D145: f-med | E145: M | F145: 70 | G145: mod bri - bri | H145: =_xlfn.XLOOKUP(G145,$S$4:$S$9,$T$4:$T$9,"",0,1) -> 2.5 | I145: 107 | L145: 45209 | M145: 0.95277778 | R145: =IF(C145="","",IF(OR(L145="",AND(ISNUMBER(R145),C145=R145)),R145,C145)) | S145: =IF(C145="","",IF(OR(M145="",AND(ISNUMBER(S145),C145=S145)),S145,C145))
A146: Stimpee 7 _OP | B146: 2790 | C146: 70 | D146: f | E146: F | F146: 10 | G146: dll | H146: =_xlfn.XLOOKUP(G146,$S$4:$S$9,$T$4:$T$9,"",0,1) -> 0.5 | I146: 96 | L146: 45209 | M146: 0.96527778 | R146: =IF(C146="","",IF(OR(L146="",AND(ISNUMBER(R146),C146=R146)),R146,C146)) | S146: =IF(C146="","",IF(OR(M146="",AND(ISNUMBER(S146),C146=S146)),S146,C146))
... A149: Stimpee 7 _OP | B149: 2820 | C149: 30 | D149: vf-f | E149: F | F149: 5 | G149: dll | H149: =_xlfn.XLOOKUP(G149,$S$4:$S$9,$T$4:$T$9,"",0,1) -> 0.5 | I149: 80 | L149: 45210 | M149: 0.034722222 | R149: =IF(C149="","",IF(OR(L149="",AND(ISNUMBER(R149),C149=R149)),R149,C149)) | S149: =IF(C149="","",IF(OR(M149="",AND(ISNUMBER(S149),C149=S149)),S149,C149))
A150: Stimpee 7 _OP | B150: 2830 | C150: 30 | D150: vf | E150: VF | F150: tr | G150: dll | H150: =_xlfn.XLOOKUP(G150,$S$4:$S$9,$T$4:$T$9,"",0,1) -> 0.5 | I150: 90 | L150: 45210 | M150: 0.05 | R150: =IF(C150="","",IF(OR(L150="",AND(ISNUMBER(R150),C150=R150)),R150,C150)) | S150: =IF(C150="","",IF(OR(M150="",AND(ISNUMBER(S150),C150=S150)),S150,C150))
A151: Stimpee 7 _OP | B151: 2840 | C151: 60 | D151: vf - f | E151: F | F151: tr | G151: dll | H151: =_xlfn.XLOOKUP(G151,$S$4:$S$9,$T$4:$T$9,"",0,1) -> 0.5 | I151: 85 | L151: 45210 | M151: 0.069444444 | R151: =IF(C151="","",IF(OR(L151="",AND(ISNUMBER(R151),C151=R151)),R151,C151)) | S151: =IF(C151="","",IF(OR(M151="",AND(ISNUMBER(S151),C151=S151)),S151,C151))
M152: =IF(AND(C152<>"",C152<>S152),NOW(),IF(C152="","",M152)) | R152: =IF(C152="","",IF(OR(L152="",AND(ISNUMBER(R152),C152=R152)),R152,C152)) | S152: =IF(C152="","",IF(OR(M152="",AND(ISNUMBER(S152),C152=S152)),S152,C152))
M153: =IF(AND(C153<>"",C153<>S153),NOW(),IF(C153="","",M153)) | R153: =IF(C153="","",IF(OR(L153="",AND(ISNUMBER(R153),C153=R153)),R153,C153)) | S153: =IF(C153="","",IF(OR(M153="",AND(ISNUMBER(S153),C153=S153)),S153,C153))
M154: =IF(AND(C154<>"",C154<>S154),NOW(),IF(C154="","",M154)) | R154: =IF(C154="","",IF(OR(L154="",AND(ISNUMBER(R154),C154=R154)),R154,C154)) | S154: =IF(C154="","",IF(OR(M154="",AND(ISNUMBER(S154),C154=S154)),S154,C154))
M155: =IF(AND(C155<>"",C155<>S155),NOW(),IF(C155="","",M155)) | R155: =IF(C155="","",IF(OR(L155="",AND(ISNUMBER(R155),C155=R155)),R155,C155)) | S155: =IF(C155="","",IF(OR(M155="",AND(ISNUMBER(S155),C155=S155)),S155,C155))
M156: =IF(AND(C156<>"",C156<>S156),NOW(),IF(C156="","",M156)) | R156: =IF(C156="","",IF(OR(L156="",AND(ISNUMBER(R156),C156=R156)),R156,C156)) | S156: =IF(C156="","",IF(OR(M156="",AND(ISNUMBER(S156),C156=S156)),S156,C156))
L157: =IF(AND(C157<>"",C157<>R157),TODAY(),IF(C157="","",L157)) | M157: =IF(AND(C157<>"",C157<>S157),NOW(),IF(C157="","",M157)) | R157: =IF(C157="","",IF(OR(L157="",AND(ISNUMBER(R157),C157=R157)),R157,C157)) | S157: =IF(C157="","",IF(OR(M157="",AND(ISNUMBER(S157),C157=S157)),S157,C157))
L158: =IF(AND(C158<>"",C158<>R158),TODAY(),IF(C158="","",L158)) | M158: =IF(AND(C158<>"",C158<>S158),NOW(),IF(C158="","",M158)) | R158: =IF(C158="","",IF(OR(L158="",AND(ISNUMBER(R158),C158=R158)),R158,C158)) | S158: =IF(C158="","",IF(OR(M158="",AND(ISNUMBER(S158),C158=S158)),S158,C158))
L159: =IF(AND(C159<>"",C159<>R159),TODAY(),IF(C159="","",L159)) | M159: =IF(AND(C159<>"",C159<>S159),NOW(),IF(C159="","",M159)) | R159: =IF(C159="","",IF(OR(L159="",AND(ISNUMBER(R159),C159=R159)),R159,C159)) | S159: =IF(C159="","",IF(OR(M159="",AND(ISNUMBER(S159),C159=S159)),S159,C159))
L160: =IF(AND(C160<>"",C160<>R160),TODAY(),IF(C160="","",L160)) | M160: =IF(AND(C160<>"",C160<>S160),NOW(),IF(C160="","",M160)) | R160: =IF(C160="","",IF(OR(L160="",AND(ISNUMBER(R160),C160=R160)),R160,C160)) | S160: =IF(C160="","",IF(OR(M160="",AND(ISNUMBER(S160),C160=S160)),S160,C160))
L161: =IF(AND(C161<>"",C161<>R161),TODAY(),IF(C161="","",L161)) | M161: =IF(AND(C161<>"",C161<>S161),NOW(),IF(C161="","",M161)) | R161: =IF(C161="","",IF(OR(L161="",AND(ISNUMBER(R161),C161=R161)),R161,C161)) | S161: =IF(C161="","",IF(OR(M161="",AND(ISNUMBER(S161),C161=S161)),S161,C161))
L162: =IF(AND(C162<>"",C162<>R162),TODAY(),IF(C162="","",L162)) | M162: =IF(AND(C162<>"",C162<>S162),NOW(),IF(C162="","",M162)) | R162: =IF(C162="","",IF(OR(L162="",AND(ISNUMBER(R162),C162=R162)),R162,C162)) | S162: =IF(C162="","",IF(OR(M162="",AND(ISNUMBER(S162),C162=S162)),S162,C162))
L163: =IF(AND(C163<>"",C163<>R163),TODAY(),IF(C163="","",L163)) | M163: =IF(AND(C163<>"",C163<>S163),NOW(),IF(C163="","",M163)) | R163: =IF(C163="","",IF(OR(L163="",AND(ISNUMBER(R163),C163=R163)),R163,C163)) | S163: =IF(C163="","",IF(OR(M163="",AND(ISNUMBER(S163),C163=S163)),S163,C163))
L164: =IF(AND(C164<>"",C164<>R164),TODAY(),IF(C164="","",L164)) | M164: =IF(AND(C164<>"",C164<>S164),NOW(),IF(C164="","",M164)) | R164: =IF(C164="","",IF(OR(L164="",AND(ISNUMBER(R164),C164=R164)),R164,C164)) | S164: =IF(C164="","",IF(OR(M164="",AND(ISNUMBER(S164),C164=S164)),S164,C164))
L165: =IF(AND(C165<>"",C165<>R165),TODAY(),IF(C165="","",L165)) | M165: =IF(AND(C165<>"",C165<>S165),NOW(),IF(C165="","",M165)) | R165: =IF(C165="","",IF(OR(L165="",AND(ISNUMBER(R165),C165=R165)),R165,C165)) | S165: =IF(C165="","",IF(OR(M165="",AND(ISNUMBER(S165),C165=S165)),S165,C165))
L166: =IF(AND(C166<>"",C166<>R166),TODAY(),IF(C166="","",L166)) | M166: =IF(AND(C166<>"",C166<>S166),NOW(),IF(C166="","",M166)) | R166: =IF(C166="","",IF(OR(L166="",AND(ISNUMBER(R166),C166=R166)),R166,C166)) | S166: =IF(C166="","",IF(OR(M166="",AND(ISNUMBER(S166),C166=S166)),S166,C166))
L167: =IF(AND(C167<>"",C167<>R167),TODAY(),IF(C167="","",L167)) | M167: =IF(AND(C167<>"",C167<>S167),NOW(),IF(C167="","",M167)) | R167: =IF(C167="","",IF(OR(L167="",AND(ISNUMBER(R167),C167=R167)),R167,C167)) | S167: =IF(C167="","",IF(OR(M167="",AND(ISNUMBER(S167),C167=S167)),S167,C167))
L168: =IF(AND(C168<>"",C168<>R168),TODAY(),IF(C168="","",L168)) | M168: =IF(AND(C168<>"",C168<>S168),NOW(),IF(C168="","",M168)) | R168: =IF(C168="","",IF(OR(L168="",AND(ISNUMBER(R168),C168=R168)),R168,C168)) | S168: =IF(C168="","",IF(OR(M168="",AND(ISNUMBER(S168),C168=S168)),S168,C168))
... L253: =IF(AND(C253<>"",C253<>R253),TODAY(),IF(C253="","",L253)) | M253: =IF(AND(C253<>"",C253<>S253),NOW(),IF(C253="","",M253)) | R253: =IF(C253="","",IF(OR(L253="",AND(ISNUMBER(R253),C253=R253)),R253,C253)) | S253: =IF(C253="","",IF(OR(M253="",AND(ISNUMBER(S253),C253=S253)),S253,C253))
E254: C | L254: =IF(AND(C254<>"",C254<>R254),TODAY(),IF(C254="","",L254)) | M254: =IF(AND(C254<>"",C254<>S254),NOW(),IF(C254="","",M254)) | R254: =IF(C254="","",IF(OR(L254="",AND(ISNUMBER(R254),C254=R254)),R254,C254)) | S254: =IF(C254="","",IF(OR(M254="",AND(ISNUMBER(S254),C254=S254)),S254,C254))
E255: C | L255: =IF(AND(C255<>"",C255<>R255),TODAY(),IF(C255="","",L255)) | M255: =IF(AND(C255<>"",C255<>S255),NOW(),IF(C255="","",M255)) | R255: =IF(C255="","",IF(OR(L255="",AND(ISNUMBER(R255),C255=R255)),R255,C255)) | S255: =IF(C255="","",IF(OR(M255="",AND(ISNUMBER(S255),C255=S255)),S255,C255))
E256: C | L256: =IF(AND(C256<>"",C256<>R256),TODAY(),IF(C256="","",L256)) | M256: =IF(AND(C256<>"",C256<>S256),NOW(),IF(C256="","",M256)) | R256: =IF(C256="","",IF(OR(L256="",AND(ISNUMBER(R256),C256=R256)),R256,C256)) | S256: =IF(C256="","",IF(OR(M256="",AND(ISNUMBER(S256),C256=S256)),S256,C256))
E257: C | L257: =IF(AND(C257<>"",C257<>R257),TODAY(),IF(C257="","",L257)) | M257: =IF(AND(C257<>"",C257<>S257),NOW(),IF(C257="","",M257)) | R257: =IF(C257="","",IF(OR(L257="",AND(ISNUMBER(R257),C257=R257)),R257,C257)) | S257: =IF(C257="","",IF(OR(M257="",AND(ISNUMBER(S257),C257=S257)),S257,C257))
E258: C | L258: =IF(AND(C258<>"",C258<>R258),TODAY(),IF(C258="","",L258)) | M258: =IF(AND(C258<>"",C258<>S258),NOW(),IF(C258="","",M258)) | R258: =IF(C258="","",IF(OR(L258="",AND(ISNUMBER(R258),C258=R258)),R258,C258)) | S258: =IF(C258="","",IF(OR(M258="",AND(ISNUMBER(S258),C258=S258)),S258,C258))
E259: C | L259: =IF(AND(C259<>"",C259<>R259),TODAY(),IF(C259="","",L259)) | M259: =IF(AND(C259<>"",C259<>S259),NOW(),IF(C259="","",M259)) | R259: =IF(C259="","",IF(OR(L259="",AND(ISNUMBER(R259),C259=R259)),R259,C259)) | S259: =IF(C259="","",IF(OR(M259="",AND(ISNUMBER(S259),C259=S259)),S259,C259))
E260: C | L260: =IF(AND(C260<>"",C260<>R260),TODAY(),IF(C260="","",L260)) | M260: =IF(AND(C260<>"",C260<>S260),NOW(),IF(C260="","",M260)) | R260: =IF(C260="","",IF(OR(L260="",AND(ISNUMBER(R260),C260=R260)),R260,C260)) | S260: =IF(C260="","",IF(OR(M260="",AND(ISNUMBER(S260),C260=S260)),S260,C260))
E261: C | L261: =IF(AND(C261<>"",C261<>R261),TODAY(),IF(C261="","",L261)) | M261: =IF(AND(C261<>"",C261<>S261),NOW(),IF(C261="","",M261)) | R261: =IF(C261="","",IF(OR(L261="",AND(ISNUMBER(R261),C261=R261)),R261,C261)) | S261: =IF(C261="","",IF(OR(M261="",AND(ISNUMBER(S261),C261=S261)),S261,C261))
E262: C | L262: =IF(AND(C262<>"",C262<>R262),TODAY(),IF(C262="","",L262)) | M262: =IF(AND(C262<>"",C262<>S262),NOW(),IF(C262="","",M262)) | R262: =IF(C262="","",IF(OR(L262="",AND(ISNUMBER(R262),C262=R262)),R262,C262)) | S262: =IF(C262="","",IF(OR(M262="",AND(ISNUMBER(S262),C262=S262)),S262,C262))
E263: C | L263: =IF(AND(C263<>"",C263<>R263),TODAY(),IF(C263="","",L263)) | M263: =IF(AND(C263<>"",C263<>S263),NOW(),IF(C263="","",M263)) | R263: =IF(C263="","",IF(OR(L263="",AND(ISNUMBER(R263),C263=R263)),R263,C263)) | S263: =IF(C263="","",IF(OR(M263="",AND(ISNUMBER(S263),C263=S263)),S263,C263))
E264: C | L264: =IF(AND(C264<>"",C264<>R264),TODAY(),IF(C264="","",L264)) | M264: =IF(AND(C264<>"",C264<>S264),NOW(),IF(C264="","",M264)) | R264: =IF(C264="","",IF(OR(L264="",AND(ISNUMBER(R264),C264=R264)),R264,C264)) | S264: =IF(C264="","",IF(OR(M264="",AND(ISNUMBER(S264),C264=S264)),S264,C264))
E265: C | L265: =IF(AND(C265<>"",C265<>R265),TODAY(),IF(C265="","",L265)) | M265: =IF(AND(C265<>"",C265<>S265),NOW(),IF(C265="","",M265)) | R265: =IF(C265="","",IF(OR(L265="",AND(ISNUMBER(R265),C265=R265)),R265,C265)) | S265: =IF(C265="","",IF(OR(M265="",AND(ISNUMBER(S265),C265=S265)),S265,C265))
... E1500: C | L1500: =IF(AND(C1500<>"",C1500<>R1500),TODAY(),IF(C1500="","",L1500)) | M1500: =IF(AND(C1500<>"",C1500<>S1500),NOW(),IF(C1500="","",M1500)) | R1500: =IF(C1500="","",IF(OR(L1500="",AND(ISNUMBER(R1500),C1500=R1500)),R1500,C1500)) | S1500: =IF(C1500="","",IF(OR(M1500="",AND(ISNUMBER(S1500),C1500=S1500)),S1500,C1500))

Sheet Long Sample Name
A1: Description | B1: Reservoir Description | C1: Show Description
A2: =IF('Input Sheet'!C4="","",CONCATENATE("Sample ", 'Input Sheet'!B4, "m: ", M2, G2, "% ", "Siltstone, ", O2, 'Input Sheet'!C4, "% ", I2, " Sandstone, ", K2, J2, " FLUOR in SST. ", "TG ", 'Input Sheet'!I4, "U")) -> Sample 1565m: 85% Siltstone, 15% very fine Sandstone, NO FLUOR in SST. TG 5U | B2: =IF('Input Sheet'!C4="","",CONCATENATE("Sample ", 'Input Sheet'!B4, "m: ", N2, H2, "% ", "Siltstone, ", P2, 'Input Sheet'!C4, "% ", J2, " Sandstone ")) -> Sample 1565m: veryfine% Siltstone, 15% Sandstone | C2: =IF('Input Sheet'!C4="","",CONCATENATE("Sample ", 'Input Sheet'!B4, "m: ", M2,, K2, J2, " FLUOR in SST. ", "TG ", 'Input Sheet'!I4, "U")) -> Sample 1565m: NO FLUOR in SST. TG 5U | G2: =IF('Input Sheet'!C4="","",100-'Input Sheet'!C4) -> 85 | H2: =SUBSTITUTE(SUBSTITUTE(SUBSTITUTE(SUBSTITUTE(SUBSTITUTE(SUBSTITUTE(SUBSTITUTE(SUBSTITUTE(SUBSTITUTE(SUBSTITUTE(SUBSTITUTE(SUBSTITUTE(SUBSTITUTE(SUBSTITUTE(SUBSTITUTE(SUBSTITUTE(SUBSTITUTE(SUBSTITUTE(SUBSTITUTE(SUBSTITUTE(SUBSTITUTE(SUBSTITUTE(SUBSTITUTE(SUBSTITUTE(SUBSTITUTE(SUBSTITUTE(SUBSTITUTE(SUBSTITUTE(SUBSTITUTE(SUBSTITUTE(SUBSTITUTE('Input Sheet'!D4,$D$3,$E$3),$D$4,$E$4),$D$5,$E$5),$D$6,$E$6),$D$7,$E$7),$D$8,$E$8),$D$9,$E$9),$D$10,$E$10),$D$11,$E$11),$D$12,$E$12),$D$13,$E$13),$D$14,$E$14),$D$15,$E$15),$D$16,$E$16),$D$17,$E$17),$D$18,$E$18),$D$19,$E$19),$D$20,$E$20),$D$21,$E$21),$D$22,$E$22),$D$23,$E$23),$D$24,$E$24),$D$25,$E$25),$D$26,$E$26),$D$27,$E$27),$D$28,$E$28),$D$29,$E$29),$D$30,$E$30),$D$31,$E$31),$D$32,$E$32),$D$33,$E$33) -> veryfine | I2: =SUBSTITUTE(H2, "veryfine", "very fine") -> very fine | J2: =SUBSTITUTE(SUBSTITUTE(SUBSTITUTE(SUBSTITUTE(SUBSTITUTE(SUBSTITUTE(SUBSTITUTE(SUBSTITUTE(SUBSTITUTE(SUBSTITUTE(SUBSTITUTE(SUBSTITUTE(SUBSTITUTE(SUBSTITUTE(SUBSTITUTE(SUBSTITUTE(SUBSTITUTE(SUBSTITUTE(SUBSTITUTE(SUBSTITUTE(SUBSTITUTE(SUBSTITUTE(SUBSTITUTE(SUBSTITUTE(SUBSTITUTE(SUBSTITUTE(SUBSTITUTE(SUBSTITUTE(SUBSTITUTE(SUBSTITUTE(SUBSTITUTE('Input Sheet'!G4,$D$3,$E$3),$D$4,$E$4),$D$5,$E$5),$D$6,$E$6),$D$7,$E$7),$D$8,$E$8),$D$9,$E$9),$D$10,$E$10),$D$11,$E$11),$D$12,$E$12),$D$13,$E$13),$D$14,$E$14),$D$15,$E$15),$D$16,$E$16),$D$17,$E$17),$D$18,$E$18),$D$19,$E$19),$D$20,$E$20),$D$21,$E$21),$D$22,$E$22),$D$23,$E$23),$D$24,$E$24),$D$25,$E$25),$D$26,$E$26),$D$27,$E$27),$D$28,$E$28),$D$29,$E$29),$D$30,$E$30),$D$31,$E$31),$D$32,$E$32),$D$33,$E$33) | K2: =IF('Input Sheet'!F4=0, "NO",CONCATENATE('Input Sheet'!F4, IF('Input Sheet'!F4>0,"% ",""))) -> NO | L2: =SUBSTITUTE(SUBSTITUTE(SUBSTITUTE(SUBSTITUTE(SUBSTITUTE(SUBSTITUTE(SUBSTITUTE(SUBSTITUTE(SUBSTITUTE(SUBSTITUTE(SUBSTITUTE(SUBSTITUTE(SUBSTITUTE(SUBSTITUTE(SUBSTITUTE(SUBSTITUTE(SUBSTITUTE(SUBSTITUTE(SUBSTITUTE(SUBSTITUTE(SUBSTITUTE(SUBSTITUTE(SUBSTITUTE(SUBSTITUTE(SUBSTITUTE(SUBSTITUTE(SUBSTITUTE(SUBSTITUTE(SUBSTITUTE(SUBSTITUTE(SUBSTITUTE('Input Sheet'!J4,$D$3,$E$3),$D$4,$E$4),$D$5,$E$5),$D$6,$E$6),$D$7,$E$7),$D$8,$E$8),$D$9,$E$9),$D$10,$E$10),$D$11,$E$11),$D$12,$E$12),$D$13,$E$13),$D$14,$E$14),$D$15,$E$15),$D$16,$E$16),$D$17,$E$17),$D$18,$E$18),$D$19,$E$19),$D$20,$E$20),$D$21,$E$21),$D$22,$E$22),$D$23,$E$23),$D$24,$E$24),$D$25,$E$25),$D$26,$E$26),$D$27,$E$27),$D$28,$E$28),$D$29,$E$29),$D$30,$E$30),$D$31,$E$31),$D$32,$E$32),$D$33,$E$33) | M2: =CONCATENATE(L2, IF('Input Sheet'!J4="",""," siderite in ")) | N2: =SUBSTITUTE(SUBSTITUTE(SUBSTITUTE(SUBSTITUTE(SUBSTITUTE(SUBSTITUTE(SUBSTITUTE(SUBSTITUTE(SUBSTITUTE(SUBSTITUTE(SUBSTITUTE(SUBSTITUTE(SUBSTITUTE(SUBSTITUTE(SUBSTITUTE(SUBSTITUTE(SUBSTITUTE(SUBSTITUTE(SUBSTITUTE(SUBSTITUTE(SUBSTITUTE(SUBSTITUTE(SUBSTITUTE(SUBSTITUTE(SUBSTITUTE(SUBSTITUTE(SUBSTITUTE(SUBSTITUTE(SUBSTITUTE(SUBSTITUTE(SUBSTITUTE('Input Sheet'!K4,$D$3,$E$3),$D$4,$E$4),$D$5,$E$5),$D$6,$E$6),$D$7,$E$7),$D$8,$E$8),$D$9,$E$9),$D$10,$E$10),$D$11,$E$11),$D$12,$E$12),$D$13,$E$13),$D$14,$E$14),$D$15,$E$15),$D$16,$E$16),$D$17,$E$17),$D$18,$E$18),$D$19,$E$19),$D$20,$E$20),$D$21,$E$21),$D$22,$E$22),$D$23,$E$23),$D$24,$E$24),$D$25,$E$25),$D$26,$E$26),$D$27,$E$27),$D$28,$E$28),$D$29,$E$29),$D$30,$E$30),$D$31,$E$31),$D$32,$E$32),$D$33,$E$33) | O2: =CONCATENATE(N2, IF('Input Sheet'!K4="",""," siderite in "))
A3: =IF('Input Sheet'!C5="","",CONCATENATE("Sample ", 'Input Sheet'!B5, "m: ", M3, G3, "% ", "Siltstone, ", O3, 'Input Sheet'!C5, "% ", I3, " Sandstone, ", K3, J3, " FLUOR in SST. ", "TG ", 'Input Sheet'!I5, "U")) -> Sample 1570m: 80% Siltstone, 20% very fine Sandstone, NO FLUOR in SST. TG 7U | B3: =IF('Input Sheet'!C5="","",CONCATENATE("Sample ", 'Input Sheet'!B5, "m: ", N3, H3, "% ", "Siltstone, ", P3, 'Input Sheet'!C5, "% ", J3, " Sandstone ")) -> Sample 1570m: veryfine% Siltstone, 20% Sandstone | C3: =IF('Input Sheet'!C5="","",CONCATENATE("Sample ", 'Input Sheet'!B5, "m: ", M3,, K3, J3, " FLUOR in SST. ", "TG ", 'Input Sheet'!I5, "U")) -> Sample 1570m: NO FLUOR in SST. TG 7U | G3: =IF('Input Sheet'!C5="","",100-'Input Sheet'!C5) -> 80 | H3: =SUBSTITUTE(SUBSTITUTE(SUBSTITUTE(SUBSTITUTE(SUBSTITUTE(SUBSTITUTE(SUBSTITUTE(SUBSTITUTE(SUBSTITUTE(SUBSTITUTE(SUBSTITUTE(SUBSTITUTE(SUBSTITUTE(SUBSTITUTE(SUBSTITUTE(SUBSTITUTE(SUBSTITUTE(SUBSTITUTE(SUBSTITUTE(SUBSTITUTE(SUBSTITUTE(SUBSTITUTE(SUBSTITUTE(SUBSTITUTE(SUBSTITUTE(SUBSTITUTE(SUBSTITUTE(SUBSTITUTE(SUBSTITUTE(SUBSTITUTE(SUBSTITUTE('Input Sheet'!D5,$D$3,$E$3),$D$4,$E$4),$D$5,$E$5),$D$6,$E$6),$D$7,$E$7),$D$8,$E$8),$D$9,$E$9),$D$10,$E$10),$D$11,$E$11),$D$12,$E$12),$D$13,$E$13),$D$14,$E$14),$D$15,$E$15),$D$16,$E$16),$D$17,$E$17),$D$18,$E$18),$D$19,$E$19),$D$20,$E$20),$D$21,$E$21),$D$22,$E$22),$D$23,$E$23),$D$24,$E$24),$D$25,$E$25),$D$26,$E$26),$D$27,$E$27),$D$28,$E$28),$D$29,$E$29),$D$30,$E$30),$D$31,$E$31),$D$32,$E$32),$D$33,$E$33) -> veryfine | I3: =SUBSTITUTE(H3, "veryfine", "very fine") -> very fine | J3: =SUBSTITUTE(SUBSTITUTE(SUBSTITUTE(SUBSTITUTE(SUBSTITUTE(SUBSTITUTE(SUBSTITUTE(SUBSTITUTE(SUBSTITUTE(SUBSTITUTE(SUBSTITUTE(SUBSTITUTE(SUBSTITUTE(SUBSTITUTE(SUBSTITUTE(SUBSTITUTE(SUBSTITUTE(SUBSTITUTE(SUBSTITUTE(SUBSTITUTE(SUBSTITUTE(SUBSTITUTE(SUBSTITUTE(SUBSTITUTE(SUBSTITUTE(SUBSTITUTE(SUBSTITUTE(SUBSTITUTE(SUBSTITUTE(SUBSTITUTE(SUBSTITUTE('Input Sheet'!G5,$D$3,$E$3),$D$4,$E$4),$D$5,$E$5),$D$6,$E$6),$D$7,$E$7),$D$8,$E$8),$D$9,$E$9),$D$10,$E$10),$D$11,$E$11),$D$12,$E$12),$D$13,$E$13),$D$14,$E$14),$D$15,$E$15),$D$16,$E$16),$D$17,$E$17),$D$18,$E$18),$D$19,$E$19),$D$20,$E$20),$D$21,$E$21),$D$22,$E$22),$D$23,$E$23),$D$24,$E$24),$D$25,$E$25),$D$26,$E$26),$D$27,$E$27),$D$28,$E$28),$D$29,$E$29),$D$30,$E$30),$D$31,$E$31),$D$32,$E$32),$D$33,$E$33) | K3: =IF('Input Sheet'!F5=0, "NO",CONCATENATE('Input Sheet'!F5, IF('Input Sheet'!F5>0,"% ",""))) -> NO | L3: =SUBSTITUTE(SUBSTITUTE(SUBSTITUTE(SUBSTITUTE(SUBSTITUTE(SUBSTITUTE(SUBSTITUTE(SUBSTITUTE(SUBSTITUTE(SUBSTITUTE(SUBSTITUTE(SUBSTITUTE(SUBSTITUTE(SUBSTITUTE(SUBSTITUTE(SUBSTITUTE(SUBSTITUTE(SUBSTITUTE(SUBSTITUTE(SUBSTITUTE(SUBSTITUTE(SUBSTITUTE(SUBSTITUTE(SUBSTITUTE(SUBSTITUTE(SUBSTITUTE(SUBSTITUTE(SUBSTITUTE(SUBSTITUTE(SUBSTITUTE(SUBSTITUTE('Input Sheet'!J5,$D$3,$E$3),$D$4,$E$4),$D$5,$E$5),$D$6,$E$6),$D$7,$E$7),$D$8,$E$8),$D$9,$E$9),$D$10,$E$10),$D$11,$E$11),$D$12,$E$12),$D$13,$E$13),$D$14,$E$14),$D$15,$E$15),$D$16,$E$16),$D$17,$E$17),$D$18,$E$18),$D$19,$E$19),$D$20,$E$20),$D$21,$E$21),$D$22,$E$22),$D$23,$E$23),$D$24,$E$24),$D$25,$E$25),$D$26,$E$26),$D$27,$E$27),$D$28,$E$28),$D$29,$E$29),$D$30,$E$30),$D$31,$E$31),$D$32,$E$32),$D$33,$E$33) | M3: =CONCATENATE(L3, IF('Input Sheet'!J5="",""," siderite in ")) | N3: =SUBSTITUTE(SUBSTITUTE(SUBSTITUTE(SUBSTITUTE(SUBSTITUTE(SUBSTITUTE(SUBSTITUTE(SUBSTITUTE(SUBSTITUTE(SUBSTITUTE(SUBSTITUTE(SUBSTITUTE(SUBSTITUTE(SUBSTITUTE(SUBSTITUTE(SUBSTITUTE(SUBSTITUTE(SUBSTITUTE(SUBSTITUTE(SUBSTITUTE(SUBSTITUTE(SUBSTITUTE(SUBSTITUTE(SUBSTITUTE(SUBSTITUTE(SUBSTITUTE(SUBSTITUTE(SUBSTITUTE(SUBSTITUTE(SUBSTITUTE(SUBSTITUTE('Input Sheet'!K5,$D$3,$E$3),$D$4,$E$4),$D$5,$E$5),$D$6,$E$6),$D$7,$E$7),$D$8,$E$8),$D$9,$E$9),$D$10,$E$10),$D$11,$E$11),$D$12,$E$12),$D$13,$E$13),$D$14,$E$14),$D$15,$E$15),$D$16,$E$16),$D$17,$E$17),$D$18,$E$18),$D$19,$E$19),$D$20,$E$20),$D$21,$E$21),$D$22,$E$22),$D$23,$E$23),$D$24,$E$24),$D$25,$E$25),$D$26,$E$26),$D$27,$E$27),$D$28,$E$28),$D$29,$E$29),$D$30,$E$30),$D$31,$E$31),$D$32,$E$32),$D$33,$E$33) | O3: =CONCATENATE(N3, IF('Input Sheet'!K5="",""," siderite in "))
A4: =IF('Input Sheet'!C6="","",CONCATENATE("Sample ", 'Input Sheet'!B6, "m: ", M4, G4, "% ", "Siltstone, ", O4, 'Input Sheet'!C6, "% ", I4, " Sandstone, ", K4, J4, " FLUOR in SST. ", "TG ", 'Input Sheet'!I6, "U")) -> Sample 1575m: 75% Siltstone, 25% very fine Sandstone, NO FLUOR in SST. TG 8U | B4: =IF('Input Sheet'!C6="","",CONCATENATE("Sample ", 'Input Sheet'!B6, "m: ", N4, H4, "% ", "Siltstone, ", P4, 'Input Sheet'!C6, "% ", J4, " Sandstone ")) -> Sample 1575m: veryfine% Siltstone, 25% Sandstone | C4: =IF('Input Sheet'!C6="","",CONCATENATE("Sample ", 'Input Sheet'!B6, "m: ", M4,, K4, J4, " FLUOR in SST. ", "TG ", 'Input Sheet'!I6, "U")) -> Sample 1575m: NO FLUOR in SST. TG 8U | D4: f | E4: fine | G4: =IF('Input Sheet'!C6="","",100-'Input Sheet'!C6) -> 75 | H4: =SUBSTITUTE(SUBSTITUTE(SUBSTITUTE(SUBSTITUTE(SUBSTITUTE(SUBSTITUTE(SUBSTITUTE(SUBSTITUTE(SUBSTITUTE(SUBSTITUTE(SUBSTITUTE(SUBSTITUTE(SUBSTITUTE(SUBSTITUTE(SUBSTITUTE(SUBSTITUTE(SUBSTITUTE(SUBSTITUTE(SUBSTITUTE(SUBSTITUTE(SUBSTITUTE(SUBSTITUTE(SUBSTITUTE(SUBSTITUTE(SUBSTITUTE(SUBSTITUTE(SUBSTITUTE(SUBSTITUTE(SUBSTITUTE(SUBSTITUTE(SUBSTITUTE('Input Sheet'!D6,$D$3,$E$3),$D$4,$E$4),$D$5,$E$5),$D$6,$E$6),$D$7,$E$7),$D$8,$E$8),$D$9,$E$9),$D$10,$E$10),$D$11,$E$11),$D$12,$E$12),$D$13,$E$13),$D$14,$E$14),$D$15,$E$15),$D$16,$E$16),$D$17,$E$17),$D$18,$E$18),$D$19,$E$19),$D$20,$E$20),$D$21,$E$21),$D$22,$E$22),$D$23,$E$23),$D$24,$E$24),$D$25,$E$25),$D$26,$E$26),$D$27,$E$27),$D$28,$E$28),$D$29,$E$29),$D$30,$E$30),$D$31,$E$31),$D$32,$E$32),$D$33,$E$33) -> veryfine | I4: =SUBSTITUTE(H4, "veryfine", "very fine") -> very fine | J4: =SUBSTITUTE(SUBSTITUTE(SUBSTITUTE(SUBSTITUTE(SUBSTITUTE(SUBSTITUTE(SUBSTITUTE(SUBSTITUTE(SUBSTITUTE(SUBSTITUTE(SUBSTITUTE(SUBSTITUTE(SUBSTITUTE(SUBSTITUTE(SUBSTITUTE(SUBSTITUTE(SUBSTITUTE(SUBSTITUTE(SUBSTITUTE(SUBSTITUTE(SUBSTITUTE(SUBSTITUTE(SUBSTITUTE(SUBSTITUTE(SUBSTITUTE(SUBSTITUTE(SUBSTITUTE(SUBSTITUTE(SUBSTITUTE(SUBSTITUTE(SUBSTITUTE('Input Sheet'!G6,$D$3,$E$3),$D$4,$E$4),$D$5,$E$5),$D$6,$E$6),$D$7,$E$7),$D$8,$E$8),$D$9,$E$9),$D$10,$E$10),$D$11,$E$11),$D$12,$E$12),$D$13,$E$13),$D$14,$E$14),$D$15,$E$15),$D$16,$E$16),$D$17,$E$17),$D$18,$E$18),$D$19,$E$19),$D$20,$E$20),$D$21,$E$21),$D$22,$E$22),$D$23,$E$23),$D$24,$E$24),$D$25,$E$25),$D$26,$E$26),$D$27,$E$27),$D$28,$E$28),$D$29,$E$29),$D$30,$E$30),$D$31,$E$31),$D$32,$E$32),$D$33,$E$33) | K4: =IF('Input Sheet'!F6=0, "NO",CONCATENATE('Input Sheet'!F6, IF('Input Sheet'!F6>0,"% ",""))) -> NO | L4: =SUBSTITUTE(SUBSTITUTE(SUBSTITUTE(SUBSTITUTE(SUBSTITUTE(SUBSTITUTE(SUBSTITUTE(SUBSTITUTE(SUBSTITUTE(SUBSTITUTE(SUBSTITUTE(SUBSTITUTE(SUBSTITUTE(SUBSTITUTE(SUBSTITUTE(SUBSTITUTE(SUBSTITUTE(SUBSTITUTE(SUBSTITUTE(SUBSTITUTE(SUBSTITUTE(SUBSTITUTE(SUBSTITUTE(SUBSTITUTE(SUBSTITUTE(SUBSTITUTE(SUBSTITUTE(SUBSTITUTE(SUBSTITUTE(SUBSTITUTE(SUBSTITUTE('Input Sheet'!J6,$D$3,$E$3),$D$4,$E$4),$D$5,$E$5),$D$6,$E$6),$D$7,$E$7),$D$8,$E$8),$D$9,$E$9),$D$10,$E$10),$D$11,$E$11),$D$12,$E$12),$D$13,$E$13),$D$14,$E$14),$D$15,$E$15),$D$16,$E$16),$D$17,$E$17),$D$18,$E$18),$D$19,$E$19),$D$20,$E$20),$D$21,$E$21),$D$22,$E$22),$D$23,$E$23),$D$24,$E$24),$D$25,$E$25),$D$26,$E$26),$D$27,$E$27),$D$28,$E$28),$D$29,$E$29),$D$30,$E$30),$D$31,$E$31),$D$32,$E$32),$D$33,$E$33) | M4: =CONCATENATE(L4, IF('Input Sheet'!J6="",""," siderite in ")) | N4: =SUBSTITUTE(SUBSTITUTE(SUBSTITUTE(SUBSTITUTE(SUBSTITUTE(SUBSTITUTE(SUBSTITUTE(SUBSTITUTE(SUBSTITUTE(SUBSTITUTE(SUBSTITUTE(SUBSTITUTE(SUBSTITUTE(SUBSTITUTE(SUBSTITUTE(SUBSTITUTE(SUBSTITUTE(SUBSTITUTE(SUBSTITUTE(SUBSTITUTE(SUBSTITUTE(SUBSTITUTE(SUBSTITUTE(SUBSTITUTE(SUBSTITUTE(SUBSTITUTE(SUBSTITUTE(SUBSTITUTE(SUBSTITUTE(SUBSTITUTE(SUBSTITUTE('Input Sheet'!K6,$D$3,$E$3),$D$4,$E$4),$D$5,$E$5),$D$6,$E$6),$D$7,$E$7),$D$8,$E$8),$D$9,$E$9),$D$10,$E$10),$D$11,$E$11),$D$12,$E$12),$D$13,$E$13),$D$14,$E$14),$D$15,$E$15),$D$16,$E$16),$D$17,$E$17),$D$18,$E$18),$D$19,$E$19),$D$20,$E$20),$D$21,$E$21),$D$22,$E$22),$D$23,$E$23),$D$24,$E$24),$D$25,$E$25),$D$26,$E$26),$D$27,$E$27),$D$28,$E$28),$D$29,$E$29),$D$30,$E$30),$D$31,$E$31),$D$32,$E$32),$D$33,$E$33) | O4: =CONCATENATE(N4, IF('Input Sheet'!K6="",""," siderite in "))
A5: =IF('Input Sheet'!C7="","",CONCATENATE("Sample ", 'Input Sheet'!B7, "m: ", M5, G5, "% ", "Siltstone, ", O5, 'Input Sheet'!C7, "% ", I5, " Sandstone, ", K5, J5, " FLUOR in SST. ", "TG ", 'Input Sheet'!I7, "U")) -> Sample 1580m: 80% Siltstone, 20% very fine Sandstone, NO FLUOR in SST. TG 5U | B5: =IF('Input Sheet'!C7="","",CONCATENATE("Sample ", 'Input Sheet'!B7, "m: ", N5, H5, "% ", "Siltstone, ", P5, 'Input Sheet'!C7, "% ", J5, " Sandstone ")) -> Sample 1580m: veryfine% Siltstone, 20% Sandstone | C5: =IF('Input Sheet'!C7="","",CONCATENATE("Sample ", 'Input Sheet'!B7, "m: ", M5,, K5, J5, " FLUOR in SST. ", "TG ", 'Input Sheet'!I7, "U")) -> Sample 1580m: NO FLUOR in SST. TG 5U | D5: med | E5: medium | G5: =IF('Input Sheet'!C7="","",100-'Input Sheet'!C7) -> 80 | H5: =SUBSTITUTE(SUBSTITUTE(SUBSTITUTE(SUBSTITUTE(SUBSTITUTE(SUBSTITUTE(SUBSTITUTE(SUBSTITUTE(SUBSTITUTE(SUBSTITUTE(SUBSTITUTE(SUBSTITUTE(SUBSTITUTE(SUBSTITUTE(SUBSTITUTE(SUBSTITUTE(SUBSTITUTE(SUBSTITUTE(SUBSTITUTE(SUBSTITUTE(SUBSTITUTE(SUBSTITUTE(SUBSTITUTE(SUBSTITUTE(SUBSTITUTE(SUBSTITUTE(SUBSTITUTE(SUBSTITUTE(SUBSTITUTE(SUBSTITUTE(SUBSTITUTE('Input Sheet'!D7,$D$3,$E$3),$D$4,$E$4),$D$5,$E$5),$D$6,$E$6),$D$7,$E$7),$D$8,$E$8),$D$9,$E$9),$D$10,$E$10),$D$11,$E$11),$D$12,$E$12),$D$13,$E$13),$D$14,$E$14),$D$15,$E$15),$D$16,$E$16),$D$17,$E$17),$D$18,$E$18),$D$19,$E$19),$D$20,$E$20),$D$21,$E$21),$D$22,$E$22),$D$23,$E$23),$D$24,$E$24),$D$25,$E$25),$D$26,$E$26),$D$27,$E$27),$D$28,$E$28),$D$29,$E$29),$D$30,$E$30),$D$31,$E$31),$D$32,$E$32),$D$33,$E$33) -> veryfine | I5: =SUBSTITUTE(H5, "veryfine", "very fine") -> very fine | J5: =SUBSTITUTE(SUBSTITUTE(SUBSTITUTE(SUBSTITUTE(SUBSTITUTE(SUBSTITUTE(SUBSTITUTE(SUBSTITUTE(SUBSTITUTE(SUBSTITUTE(SUBSTITUTE(SUBSTITUTE(SUBSTITUTE(SUBSTITUTE(SUBSTITUTE(SUBSTITUTE(SUBSTITUTE(SUBSTITUTE(SUBSTITUTE(SUBSTITUTE(SUBSTITUTE(SUBSTITUTE(SUBSTITUTE(SUBSTITUTE(SUBSTITUTE(SUBSTITUTE(SUBSTITUTE(SUBSTITUTE(SUBSTITUTE(SUBSTITUTE(SUBSTITUTE('Input Sheet'!G7,$D$3,$E$3),$D$4,$E$4),$D$5,$E$5),$D$6,$E$6),$D$7,$E$7),$D$8,$E$8),$D$9,$E$9),$D$10,$E$10),$D$11,$E$11),$D$12,$E$12),$D$13,$E$13),$D$14,$E$14),$D$15,$E$15),$D$16,$E$16),$D$17,$E$17),$D$18,$E$18),$D$19,$E$19),$D$20,$E$20),$D$21,$E$21),$D$22,$E$22),$D$23,$E$23),$D$24,$E$24),$D$25,$E$25),$D$26,$E$26),$D$27,$E$27),$D$28,$E$28),$D$29,$E$29),$D$30,$E$30),$D$31,$E$31),$D$32,$E$32),$D$33,$E$33) | K5: =IF('Input Sheet'!F7=0, "NO",CONCATENATE('Input Sheet'!F7, IF('Input Sheet'!F7>0,"% ",""))) -> NO | L5: =SUBSTITUTE(SUBSTITUTE(SUBSTITUTE(SUBSTITUTE(SUBSTITUTE(SUBSTITUTE(SUBSTITUTE(SUBSTITUTE(SUBSTITUTE(SUBSTITUTE(SUBSTITUTE(SUBSTITUTE(SUBSTITUTE(SUBSTITUTE(SUBSTITUTE(SUBSTITUTE(SUBSTITUTE(SUBSTITUTE(SUBSTITUTE(SUBSTITUTE(SUBSTITUTE(SUBSTITUTE(SUBSTITUTE(SUBSTITUTE(SUBSTITUTE(SUBSTITUTE(SUBSTITUTE(SUBSTITUTE(SUBSTITUTE(SUBSTITUTE(SUBSTITUTE('Input Sheet'!J7,$D$3,$E$3),$D$4,$E$4),$D$5,$E$5),$D$6,$E$6),$D$7,$E$7),$D$8,$E$8),$D$9,$E$9),$D$10,$E$10),$D$11,$E$11),$D$12,$E$12),$D$13,$E$13),$D$14,$E$14),$D$15,$E$15),$D$16,$E$16),$D$17,$E$17),$D$18,$E$18),$D$19,$E$19),$D$20,$E$20),$D$21,$E$21),$D$22,$E$22),$D$23,$E$23),$D$24,$E$24),$D$25,$E$25),$D$26,$E$26),$D$27,$E$27),$D$28,$E$28),$D$29,$E$29),$D$30,$E$30),$D$31,$E$31),$D$32,$E$32),$D$33,$E$33) | M5: =CONCATENATE(L5, IF('Input Sheet'!J7="",""," siderite in ")) | N5: =SUBSTITUTE(SUBSTITUTE(SUBSTITUTE(SUBSTITUTE(SUBSTITUTE(SUBSTITUTE(SUBSTITUTE(SUBSTITUTE(SUBSTITUTE(SUBSTITUTE(SUBSTITUTE(SUBSTITUTE(SUBSTITUTE(SUBSTITUTE(SUBSTITUTE(SUBSTITUTE(SUBSTITUTE(SUBSTITUTE(SUBSTITUTE(SUBSTITUTE(SUBSTITUTE(SUBSTITUTE(SUBSTITUTE(SUBSTITUTE(SUBSTITUTE(SUBSTITUTE(SUBSTITUTE(SUBSTITUTE(SUBSTITUTE(SUBSTITUTE(SUBSTITUTE('Input Sheet'!K7,$D$3,$E$3),$D$4,$E$4),$D$5,$E$5),$D$6,$E$6),$D$7,$E$7),$D$8,$E$8),$D$9,$E$9),$D$10,$E$10),$D$11,$E$11),$D$12,$E$12),$D$13,$E$13),$D$14,$E$14),$D$15,$E$15),$D$16,$E$16),$D$17,$E$17),$D$18,$E$18),$D$19,$E$19),$D$20,$E$20),$D$21,$E$21),$D$22,$E$22),$D$23,$E$23),$D$24,$E$24),$D$25,$E$25),$D$26,$E$26),$D$27,$E$27),$D$28,$E$28),$D$29,$E$29),$D$30,$E$30),$D$31,$E$31),$D$32,$E$32),$D$33,$E$33) | O5: =CONCATENATE(N5, IF('Input Sheet'!K7="",""," siderite in "))
A6: =IF('Input Sheet'!C8="","",CONCATENATE("Sample ", 'Input Sheet'!B8, "m: ", M6, G6, "% ", "Siltstone, ", O6, 'Input Sheet'!C8, "% ", I6, " Sandstone, ", K6, J6, " FLUOR in SST. ", "TG ", 'Input Sheet'!I8, "U")) -> Sample 1585m: 85% Siltstone, 15% very fine Sandstone, NO FLUOR in SST. TG 5U | B6: =IF('Input Sheet'!C8="","",CONCATENATE("Sample ", 'Input Sheet'!B8, "m: ", N6, H6, "% ", "Siltstone, ", P6, 'Input Sheet'!C8, "% ", J6, " Sandstone ")) -> Sample 1585m: veryfine% Siltstone, 15% Sandstone | C6: =IF('Input Sheet'!C8="","",CONCATENATE("Sample ", 'Input Sheet'!B8, "m: ", M6,, K6, J6, " FLUOR in SST. ", "TG ", 'Input Sheet'!I8, "U")) -> Sample 1585m: NO FLUOR in SST. TG 5U | D6: crs | E6: coarse | G6: =IF('Input Sheet'!C8="","",100-'Input Sheet'!C8) -> 85 | H6: =SUBSTITUTE(SUBSTITUTE(SUBSTITUTE(SUBSTITUTE(SUBSTITUTE(SUBSTITUTE(SUBSTITUTE(SUBSTITUTE(SUBSTITUTE(SUBSTITUTE(SUBSTITUTE(SUBSTITUTE(SUBSTITUTE(SUBSTITUTE(SUBSTITUTE(SUBSTITUTE(SUBSTITUTE(SUBSTITUTE(SUBSTITUTE(SUBSTITUTE(SUBSTITUTE(SUBSTITUTE(SUBSTITUTE(SUBSTITUTE(SUBSTITUTE(SUBSTITUTE(SUBSTITUTE(SUBSTITUTE(SUBSTITUTE(SUBSTITUTE(SUBSTITUTE('Input Sheet'!D8,$D$3,$E$3),$D$4,$E$4),$D$5,$E$5),$D$6,$E$6),$D$7,$E$7),$D$8,$E$8),$D$9,$E$9),$D$10,$E$10),$D$11,$E$11),$D$12,$E$12),$D$13,$E$13),$D$14,$E$14),$D$15,$E$15),$D$16,$E$16),$D$17,$E$17),$D$18,$E$18),$D$19,$E$19),$D$20,$E$20),$D$21,$E$21),$D$22,$E$22),$D$23,$E$23),$D$24,$E$24),$D$25,$E$25),$D$26,$E$26),$D$27,$E$27),$D$28,$E$28),$D$29,$E$29),$D$30,$E$30),$D$31,$E$31),$D$32,$E$32),$D$33,$E$33) -> veryfine | I6: =SUBSTITUTE(H6, "veryfine", "very fine") -> very fine | J6: =SUBSTITUTE(SUBSTITUTE(SUBSTITUTE(SUBSTITUTE(SUBSTITUTE(SUBSTITUTE(SUBSTITUTE(SUBSTITUTE(SUBSTITUTE(SUBSTITUTE(SUBSTITUTE(SUBSTITUTE(SUBSTITUTE(SUBSTITUTE(SUBSTITUTE(SUBSTITUTE(SUBSTITUTE(SUBSTITUTE(SUBSTITUTE(SUBSTITUTE(SUBSTITUTE(SUBSTITUTE(SUBSTITUTE(SUBSTITUTE(SUBSTITUTE(SUBSTITUTE(SUBSTITUTE(SUBSTITUTE(SUBSTITUTE(SUBSTITUTE(SUBSTITUTE('Input Sheet'!G8,$D$3,$E$3),$D$4,$E$4),$D$5,$E$5),$D$6,$E$6),$D$7,$E$7),$D$8,$E$8),$D$9,$E$9),$D$10,$E$10),$D$11,$E$11),$D$12,$E$12),$D$13,$E$13),$D$14,$E$14),$D$15,$E$15),$D$16,$E$16),$D$17,$E$17),$D$18,$E$18),$D$19,$E$19),$D$20,$E$20),$D$21,$E$21),$D$22,$E$22),$D$23,$E$23),$D$24,$E$24),$D$25,$E$25),$D$26,$E$26),$D$27,$E$27),$D$28,$E$28),$D$29,$E$29),$D$30,$E$30),$D$31,$E$31),$D$32,$E$32),$D$33,$E$33) | K6: =IF('Input Sheet'!F8=0, "NO",CONCATENATE('Input Sheet'!F8, IF('Input Sheet'!F8>0,"% ",""))) -> NO | L6: =SUBSTITUTE(SUBSTITUTE(SUBSTITUTE(SUBSTITUTE(SUBSTITUTE(SUBSTITUTE(SUBSTITUTE(SUBSTITUTE(SUBSTITUTE(SUBSTITUTE(SUBSTITUTE(SUBSTITUTE(SUBSTITUTE(SUBSTITUTE(SUBSTITUTE(SUBSTITUTE(SUBSTITUTE(SUBSTITUTE(SUBSTITUTE(SUBSTITUTE(SUBSTITUTE(SUBSTITUTE(SUBSTITUTE(SUBSTITUTE(SUBSTITUTE(SUBSTITUTE(SUBSTITUTE(SUBSTITUTE(SUBSTITUTE(SUBSTITUTE(SUBSTITUTE('Input Sheet'!J8,$D$3,$E$3),$D$4,$E$4),$D$5,$E$5),$D$6,$E$6),$D$7,$E$7),$D$8,$E$8),$D$9,$E$9),$D$10,$E$10),$D$11,$E$11),$D$12,$E$12),$D$13,$E$13),$D$14,$E$14),$D$15,$E$15),$D$16,$E$16),$D$17,$E$17),$D$18,$E$18),$D$19,$E$19),$D$20,$E$20),$D$21,$E$21),$D$22,$E$22),$D$23,$E$23),$D$24,$E$24),$D$25,$E$25),$D$26,$E$26),$D$27,$E$27),$D$28,$E$28),$D$29,$E$29),$D$30,$E$30),$D$31,$E$31),$D$32,$E$32),$D$33,$E$33) | M6: =CONCATENATE(L6, IF('Input Sheet'!J8="",""," siderite in ")) | N6: =SUBSTITUTE(SUBSTITUTE(SUBSTITUTE(SUBSTITUTE(SUBSTITUTE(SUBSTITUTE(SUBSTITUTE(SUBSTITUTE(SUBSTITUTE(SUBSTITUTE(SUBSTITUTE(SUBSTITUTE(SUBSTITUTE(SUBSTITUTE(SUBSTITUTE(SUBSTITUTE(SUBSTITUTE(SUBSTITUTE(SUBSTITUTE(SUBSTITUTE(SUBSTITUTE(SUBSTITUTE(SUBSTITUTE(SUBSTITUTE(SUBSTITUTE(SUBSTITUTE(SUBSTITUTE(SUBSTITUTE(SUBSTITUTE(SUBSTITUTE(SUBSTITUTE('Input Sheet'!K8,$D$3,$E$3),$D$4,$E$4),$D$5,$E$5),$D$6,$E$6),$D$7,$E$7),$D$8,$E$8),$D$9,$E$9),$D$10,$E$10),$D$11,$E$11),$D$12,$E$12),$D$13,$E$13),$D$14,$E$14),$D$15,$E$15),$D$16,$E$16),$D$17,$E$17),$D$18,$E$18),$D$19,$E$19),$D$20,$E$20),$D$21,$E$21),$D$22,$E$22),$D$23,$E$23),$D$24,$E$24),$D$25,$E$25),$D$26,$E$26),$D$27,$E$27),$D$28,$E$28),$D$29,$E$29),$D$30,$E$30),$D$31,$E$31),$D$32,$E$32),$D$33,$E$33) | O6: =CONCATENATE(N6, IF('Input Sheet'!K8="",""," siderite in "))
A7: =IF('Input Sheet'!C9="","",CONCATENATE("Sample ", 'Input Sheet'!B9, "m: ", M7, G7, "% ", "Siltstone, ", O7, 'Input Sheet'!C9, "% ", I7, " Sandstone, ", K7, J7, " FLUOR in SST. ", "TG ", 'Input Sheet'!I9, "U")) -> Sample 1590m: 85% Siltstone, 15% very fine Sandstone, NO FLUOR in SST. TG 8U | B7: =IF('Input Sheet'!C9="","",CONCATENATE("Sample ", 'Input Sheet'!B9, "m: ", N7, H7, "% ", "Siltstone, ", P7, 'Input Sheet'!C9, "% ", J7, " Sandstone ")) -> Sample 1590m: veryfine% Siltstone, 15% Sandstone | C7: =IF('Input Sheet'!C9="","",CONCATENATE("Sample ", 'Input Sheet'!B9, "m: ", M7,, K7, J7, " FLUOR in SST. ", "TG ", 'Input Sheet'!I9, "U")) -> Sample 1590m: NO FLUOR in SST. TG 8U | D7: v | E7: very | G7: =IF('Input Sheet'!C9="","",100-'Input Sheet'!C9) -> 85 | H7: =SUBSTITUTE(SUBSTITUTE(SUBSTITUTE(SUBSTITUTE(SUBSTITUTE(SUBSTITUTE(SUBSTITUTE(SUBSTITUTE(SUBSTITUTE(SUBSTITUTE(SUBSTITUTE(SUBSTITUTE(SUBSTITUTE(SUBSTITUTE(SUBSTITUTE(SUBSTITUTE(SUBSTITUTE(SUBSTITUTE(SUBSTITUTE(SUBSTITUTE(SUBSTITUTE(SUBSTITUTE(SUBSTITUTE(SUBSTITUTE(SUBSTITUTE(SUBSTITUTE(SUBSTITUTE(SUBSTITUTE(SUBSTITUTE(SUBSTITUTE(SUBSTITUTE('Input Sheet'!D9,$D$3,$E$3),$D$4,$E$4),$D$5,$E$5),$D$6,$E$6),$D$7,$E$7),$D$8,$E$8),$D$9,$E$9),$D$10,$E$10),$D$11,$E$11),$D$12,$E$12),$D$13,$E$13),$D$14,$E$14),$D$15,$E$15),$D$16,$E$16),$D$17,$E$17),$D$18,$E$18),$D$19,$E$19),$D$20,$E$20),$D$21,$E$21),$D$22,$E$22),$D$23,$E$23),$D$24,$E$24),$D$25,$E$25),$D$26,$E$26),$D$27,$E$27),$D$28,$E$28),$D$29,$E$29),$D$30,$E$30),$D$31,$E$31),$D$32,$E$32),$D$33,$E$33) -> veryfine | I7: =SUBSTITUTE(H7, "veryfine", "very fine") -> very fine | J7: =SUBSTITUTE(SUBSTITUTE(SUBSTITUTE(SUBSTITUTE(SUBSTITUTE(SUBSTITUTE(SUBSTITUTE(SUBSTITUTE(SUBSTITUTE(SUBSTITUTE(SUBSTITUTE(SUBSTITUTE(SUBSTITUTE(SUBSTITUTE(SUBSTITUTE(SUBSTITUTE(SUBSTITUTE(SUBSTITUTE(SUBSTITUTE(SUBSTITUTE(SUBSTITUTE(SUBSTITUTE(SUBSTITUTE(SUBSTITUTE(SUBSTITUTE(SUBSTITUTE(SUBSTITUTE(SUBSTITUTE(SUBSTITUTE(SUBSTITUTE(SUBSTITUTE('Input Sheet'!G9,$D$3,$E$3),$D$4,$E$4),$D$5,$E$5),$D$6,$E$6),$D$7,$E$7),$D$8,$E$8),$D$9,$E$9),$D$10,$E$10),$D$11,$E$11),$D$12,$E$12),$D$13,$E$13),$D$14,$E$14),$D$15,$E$15),$D$16,$E$16),$D$17,$E$17),$D$18,$E$18),$D$19,$E$19),$D$20,$E$20),$D$21,$E$21),$D$22,$E$22),$D$23,$E$23),$D$24,$E$24),$D$25,$E$25),$D$26,$E$26),$D$27,$E$27),$D$28,$E$28),$D$29,$E$29),$D$30,$E$30),$D$31,$E$31),$D$32,$E$32),$D$33,$E$33) | K7: =IF('Input Sheet'!F9=0, "NO",CONCATENATE('Input Sheet'!F9, IF('Input Sheet'!F9>0,"% ",""))) -> NO | L7: =SUBSTITUTE(SUBSTITUTE(SUBSTITUTE(SUBSTITUTE(SUBSTITUTE(SUBSTITUTE(SUBSTITUTE(SUBSTITUTE(SUBSTITUTE(SUBSTITUTE(SUBSTITUTE(SUBSTITUTE(SUBSTITUTE(SUBSTITUTE(SUBSTITUTE(SUBSTITUTE(SUBSTITUTE(SUBSTITUTE(SUBSTITUTE(SUBSTITUTE(SUBSTITUTE(SUBSTITUTE(SUBSTITUTE(SUBSTITUTE(SUBSTITUTE(SUBSTITUTE(SUBSTITUTE(SUBSTITUTE(SUBSTITUTE(SUBSTITUTE(SUBSTITUTE('Input Sheet'!J9,$D$3,$E$3),$D$4,$E$4),$D$5,$E$5),$D$6,$E$6),$D$7,$E$7),$D$8,$E$8),$D$9,$E$9),$D$10,$E$10),$D$11,$E$11),$D$12,$E$12),$D$13,$E$13),$D$14,$E$14),$D$15,$E$15),$D$16,$E$16),$D$17,$E$17),$D$18,$E$18),$D$19,$E$19),$D$20,$E$20),$D$21,$E$21),$D$22,$E$22),$D$23,$E$23),$D$24,$E$24),$D$25,$E$25),$D$26,$E$26),$D$27,$E$27),$D$28,$E$28),$D$29,$E$29),$D$30,$E$30),$D$31,$E$31),$D$32,$E$32),$D$33,$E$33) | M7: =CONCATENATE(L7, IF('Input Sheet'!J9="",""," siderite in ")) | N7: =SUBSTITUTE(SUBSTITUTE(SUBSTITUTE(SUBSTITUTE(SUBSTITUTE(SUBSTITUTE(SUBSTITUTE(SUBSTITUTE(SUBSTITUTE(SUBSTITUTE(SUBSTITUTE(SUBSTITUTE(SUBSTITUTE(SUBSTITUTE(SUBSTITUTE(SUBSTITUTE(SUBSTITUTE(SUBSTITUTE(SUBSTITUTE(SUBSTITUTE(SUBSTITUTE(SUBSTITUTE(SUBSTITUTE(SUBSTITUTE(SUBSTITUTE(SUBSTITUTE(SUBSTITUTE(SUBSTITUTE(SUBSTITUTE(SUBSTITUTE(SUBSTITUTE('Input Sheet'!K9,$D$3,$E$3),$D$4,$E$4),$D$5,$E$5),$D$6,$E$6),$D$7,$E$7),$D$8,$E$8),$D$9,$E$9),$D$10,$E$10),$D$11,$E$11),$D$12,$E$12),$D$13,$E$13),$D$14,$E$14),$D$15,$E$15),$D$16,$E$16),$D$17,$E$17),$D$18,$E$18),$D$19,$E$19),$D$20,$E$20),$D$21,$E$21),$D$22,$E$22),$D$23,$E$23),$D$24,$E$24),$D$25,$E$25),$D$26,$E$26),$D$27,$E$27),$D$28,$E$28),$D$29,$E$29),$D$30,$E$30),$D$31,$E$31),$D$32,$E$32),$D$33,$E$33) | O7: =CONCATENATE(N7, IF('Input Sheet'!K9="",""," siderite in "))
A8: =IF('Input Sheet'!C10="","",CONCATENATE("Sample ", 'Input Sheet'!B10, "m: ", M8, G8, "% ", "Siltstone, ", O8, 'Input Sheet'!C10, "% ", I8, " Sandstone, ", K8, J8, " FLUOR in SST. ", "TG ", 'Input Sheet'!I10, "U")) -> Sample 1595m: 70% Siltstone, 30% very fine to fine Sandstone, NO FLUOR in SST. TG 9U | B8: =IF('Input Sheet'!C10="","",CONCATENATE("Sample ", 'Input Sheet'!B10, "m: ", N8, H8, "% ", "Siltstone, ", P8, 'Input Sheet'!C10, "% ", J8, " Sandstone ")) -> Sample 1595m: veryfine to fine% Siltstone, 30% Sandstone | C8: =IF('Input Sheet'!C10="","",CONCATENATE("Sample ", 'Input Sheet'!B10, "m: ", M8,, K8, J8, " FLUOR in SST. ", "TG ", 'Input Sheet'!I10, "U")) -> Sample 1595m: NO FLUOR in SST. TG 9U | D8: - | E8: to | G8: =IF('Input Sheet'!C10="","",100-'Input Sheet'!C10) -> 70 | H8: =SUBSTITUTE(SUBSTITUTE(SUBSTITUTE(SUBSTITUTE(SUBSTITUTE(SUBSTITUTE(SUBSTITUTE(SUBSTITUTE(SUBSTITUTE(SUBSTITUTE(SUBSTITUTE(SUBSTITUTE(SUBSTITUTE(SUBSTITUTE(SUBSTITUTE(SUBSTITUTE(SUBSTITUTE(SUBSTITUTE(SUBSTITUTE(SUBSTITUTE(SUBSTITUTE(SUBSTITUTE(SUBSTITUTE(SUBSTITUTE(SUBSTITUTE(SUBSTITUTE(SUBSTITUTE(SUBSTITUTE(SUBSTITUTE(SUBSTITUTE(SUBSTITUTE('Input Sheet'!D10,$D$3,$E$3),$D$4,$E$4),$D$5,$E$5),$D$6,$E$6),$D$7,$E$7),$D$8,$E$8),$D$9,$E$9),$D$10,$E$10),$D$11,$E$11),$D$12,$E$12),$D$13,$E$13),$D$14,$E$14),$D$15,$E$15),$D$16,$E$16),$D$17,$E$17),$D$18,$E$18),$D$19,$E$19),$D$20,$E$20),$D$21,$E$21),$D$22,$E$22),$D$23,$E$23),$D$24,$E$24),$D$25,$E$25),$D$26,$E$26),$D$27,$E$27),$D$28,$E$28),$D$29,$E$29),$D$30,$E$30),$D$31,$E$31),$D$32,$E$32),$D$33,$E$33) -> veryfine to fine | I8: =SUBSTITUTE(H8, "veryfine", "very fine") -> very fine to fine | J8: =SUBSTITUTE(SUBSTITUTE(SUBSTITUTE(SUBSTITUTE(SUBSTITUTE(SUBSTITUTE(SUBSTITUTE(SUBSTITUTE(SUBSTITUTE(SUBSTITUTE(SUBSTITUTE(SUBSTITUTE(SUBSTITUTE(SUBSTITUTE(SUBSTITUTE(SUBSTITUTE(SUBSTITUTE(SUBSTITUTE(SUBSTITUTE(SUBSTITUTE(SUBSTITUTE(SUBSTITUTE(SUBSTITUTE(SUBSTITUTE(SUBSTITUTE(SUBSTITUTE(SUBSTITUTE(SUBSTITUTE(SUBSTITUTE(SUBSTITUTE(SUBSTITUTE('Input Sheet'!G10,$D$3,$E$3),$D$4,$E$4),$D$5,$E$5),$D$6,$E$6),$D$7,$E$7),$D$8,$E$8),$D$9,$E$9),$D$10,$E$10),$D$11,$E$11),$D$12,$E$12),$D$13,$E$13),$D$14,$E$14),$D$15,$E$15),$D$16,$E$16),$D$17,$E$17),$D$18,$E$18),$D$19,$E$19),$D$20,$E$20),$D$21,$E$21),$D$22,$E$22),$D$23,$E$23),$D$24,$E$24),$D$25,$E$25),$D$26,$E$26),$D$27,$E$27),$D$28,$E$28),$D$29,$E$29),$D$30,$E$30),$D$31,$E$31),$D$32,$E$32),$D$33,$E$33) | K8: =IF('Input Sheet'!F10=0, "NO",CONCATENATE('Input Sheet'!F10, IF('Input Sheet'!F10>0,"% ",""))) -> NO | L8: =SUBSTITUTE(SUBSTITUTE(SUBSTITUTE(SUBSTITUTE(SUBSTITUTE(SUBSTITUTE(SUBSTITUTE(SUBSTITUTE(SUBSTITUTE(SUBSTITUTE(SUBSTITUTE(SUBSTITUTE(SUBSTITUTE(SUBSTITUTE(SUBSTITUTE(SUBSTITUTE(SUBSTITUTE(SUBSTITUTE(SUBSTITUTE(SUBSTITUTE(SUBSTITUTE(SUBSTITUTE(SUBSTITUTE(SUBSTITUTE(SUBSTITUTE(SUBSTITUTE(SUBSTITUTE(SUBSTITUTE(SUBSTITUTE(SUBSTITUTE(SUBSTITUTE('Input Sheet'!J10,$D$3,$E$3),$D$4,$E$4),$D$5,$E$5),$D$6,$E$6),$D$7,$E$7),$D$8,$E$8),$D$9,$E$9),$D$10,$E$10),$D$11,$E$11),$D$12,$E$12),$D$13,$E$13),$D$14,$E$14),$D$15,$E$15),$D$16,$E$16),$D$17,$E$17),$D$18,$E$18),$D$19,$E$19),$D$20,$E$20),$D$21,$E$21),$D$22,$E$22),$D$23,$E$23),$D$24,$E$24),$D$25,$E$25),$D$26,$E$26),$D$27,$E$27),$D$28,$E$28),$D$29,$E$29),$D$30,$E$30),$D$31,$E$31),$D$32,$E$32),$D$33,$E$33) | M8: =CONCATENATE(L8, IF('Input Sheet'!J10="",""," siderite in ")) | N8: =SUBSTITUTE(SUBSTITUTE(SUBSTITUTE(SUBSTITUTE(SUBSTITUTE(SUBSTITUTE(SUBSTITUTE(SUBSTITUTE(SUBSTITUTE(SUBSTITUTE(SUBSTITUTE(SUBSTITUTE(SUBSTITUTE(SUBSTITUTE(SUBSTITUTE(SUBSTITUTE(SUBSTITUTE(SUBSTITUTE(SUBSTITUTE(SUBSTITUTE(SUBSTITUTE(SUBSTITUTE(SUBSTITUTE(SUBSTITUTE(SUBSTITUTE(SUBSTITUTE(SUBSTITUTE(SUBSTITUTE(SUBSTITUTE(SUBSTITUTE(SUBSTITUTE('Input Sheet'!K10,$D$3,$E$3),$D$4,$E$4),$D$5,$E$5),$D$6,$E$6),$D$7,$E$7),$D$8,$E$8),$D$9,$E$9),$D$10,$E$10),$D$11,$E$11),$D$12,$E$12),$D$13,$E$13),$D$14,$E$14),$D$15,$E$15),$D$16,$E$16),$D$17,$E$17),$D$18,$E$18),$D$19,$E$19),$D$20,$E$20),$D$21,$E$21),$D$22,$E$22),$D$23,$E$23),$D$24,$E$24),$D$25,$E$25),$D$26,$E$26),$D$27,$E$27),$D$28,$E$28),$D$29,$E$29),$D$30,$E$30),$D$31,$E$31),$D$32,$E$32),$D$33,$E$33) | O8: =CONCATENATE(N8, IF('Input Sheet'!K10="",""," siderite in "))
A9: =IF('Input Sheet'!C11="","",CONCATENATE("Sample ", 'Input Sheet'!B11, "m: ", M9, G9, "% ", "Siltstone, ", O9, 'Input Sheet'!C11, "% ", I9, " Sandstone, ", K9, J9, " FLUOR in SST. ", "TG ", 'Input Sheet'!I11, "U")) -> Sample 1600m: 50% Siltstone, 50% very fine to fine Sandstone, NO FLUOR in SST. TG 11U | B9: =IF('Input Sheet'!C11="","",CONCATENATE("Sample ", 'Input Sheet'!B11, "m: ", N9, H9, "% ", "Siltstone, ", P9, 'Input Sheet'!C11, "% ", J9, " Sandstone ")) -> Sample 1600m: veryfine to fine% Siltstone, 50% Sandstone | C9: =IF('Input Sheet'!C11="","",CONCATENATE("Sample ", 'Input Sheet'!B11, "m: ", M9,, K9, J9, " FLUOR in SST. ", "TG ", 'Input Sheet'!I11, "U")) -> Sample 1600m: NO FLUOR in SST. TG 11U | D9: occ | E9: occasional | G9: =IF('Input Sheet'!C11="","",100-'Input Sheet'!C11) -> 50 | H9: =SUBSTITUTE(SUBSTITUTE(SUBSTITUTE(SUBSTITUTE(SUBSTITUTE(SUBSTITUTE(SUBSTITUTE(SUBSTITUTE(SUBSTITUTE(SUBSTITUTE(SUBSTITUTE(SUBSTITUTE(SUBSTITUTE(SUBSTITUTE(SUBSTITUTE(SUBSTITUTE(SUBSTITUTE(SUBSTITUTE(SUBSTITUTE(SUBSTITUTE(SUBSTITUTE(SUBSTITUTE(SUBSTITUTE(SUBSTITUTE(SUBSTITUTE(SUBSTITUTE(SUBSTITUTE(SUBSTITUTE(SUBSTITUTE(SUBSTITUTE(SUBSTITUTE('Input Sheet'!D11,$D$3,$E$3),$D$4,$E$4),$D$5,$E$5),$D$6,$E$6),$D$7,$E$7),$D$8,$E$8),$D$9,$E$9),$D$10,$E$10),$D$11,$E$11),$D$12,$E$12),$D$13,$E$13),$D$14,$E$14),$D$15,$E$15),$D$16,$E$16),$D$17,$E$17),$D$18,$E$18),$D$19,$E$19),$D$20,$E$20),$D$21,$E$21),$D$22,$E$22),$D$23,$E$23),$D$24,$E$24),$D$25,$E$25),$D$26,$E$26),$D$27,$E$27),$D$28,$E$28),$D$29,$E$29),$D$30,$E$30),$D$31,$E$31),$D$32,$E$32),$D$33,$E$33) -> veryfine to fine | I9: =SUBSTITUTE(H9, "veryfine", "very fine") -> very fine to fine | J9: =SUBSTITUTE(SUBSTITUTE(SUBSTITUTE(SUBSTITUTE(SUBSTITUTE(SUBSTITUTE(SUBSTITUTE(SUBSTITUTE(SUBSTITUTE(SUBSTITUTE(SUBSTITUTE(SUBSTITUTE(SUBSTITUTE(SUBSTITUTE(SUBSTITUTE(SUBSTITUTE(SUBSTITUTE(SUBSTITUTE(SUBSTITUTE(SUBSTITUTE(SUBSTITUTE(SUBSTITUTE(SUBSTITUTE(SUBSTITUTE(SUBSTITUTE(SUBSTITUTE(SUBSTITUTE(SUBSTITUTE(SUBSTITUTE(SUBSTITUTE(SUBSTITUTE('Input Sheet'!G11,$D$3,$E$3),$D$4,$E$4),$D$5,$E$5),$D$6,$E$6),$D$7,$E$7),$D$8,$E$8),$D$9,$E$9),$D$10,$E$10),$D$11,$E$11),$D$12,$E$12),$D$13,$E$13),$D$14,$E$14),$D$15,$E$15),$D$16,$E$16),$D$17,$E$17),$D$18,$E$18),$D$19,$E$19),$D$20,$E$20),$D$21,$E$21),$D$22,$E$22),$D$23,$E$23),$D$24,$E$24),$D$25,$E$25),$D$26,$E$26),$D$27,$E$27),$D$28,$E$28),$D$29,$E$29),$D$30,$E$30),$D$31,$E$31),$D$32,$E$32),$D$33,$E$33) | K9: =IF('Input Sheet'!F11=0, "NO",CONCATENATE('Input Sheet'!F11, IF('Input Sheet'!F11>0,"% ",""))) -> NO | L9: =SUBSTITUTE(SUBSTITUTE(SUBSTITUTE(SUBSTITUTE(SUBSTITUTE(SUBSTITUTE(SUBSTITUTE(SUBSTITUTE(SUBSTITUTE(SUBSTITUTE(SUBSTITUTE(SUBSTITUTE(SUBSTITUTE(SUBSTITUTE(SUBSTITUTE(SUBSTITUTE(SUBSTITUTE(SUBSTITUTE(SUBSTITUTE(SUBSTITUTE(SUBSTITUTE(SUBSTITUTE(SUBSTITUTE(SUBSTITUTE(SUBSTITUTE(SUBSTITUTE(SUBSTITUTE(SUBSTITUTE(SUBSTITUTE(SUBSTITUTE(SUBSTITUTE('Input Sheet'!J11,$D$3,$E$3),$D$4,$E$4),$D$5,$E$5),$D$6,$E$6),$D$7,$E$7),$D$8,$E$8),$D$9,$E$9),$D$10,$E$10),$D$11,$E$11),$D$12,$E$12),$D$13,$E$13),$D$14,$E$14),$D$15,$E$15),$D$16,$E$16),$D$17,$E$17),$D$18,$E$18),$D$19,$E$19),$D$20,$E$20),$D$21,$E$21),$D$22,$E$22),$D$23,$E$23),$D$24,$E$24),$D$25,$E$25),$D$26,$E$26),$D$27,$E$27),$D$28,$E$28),$D$29,$E$29),$D$30,$E$30),$D$31,$E$31),$D$32,$E$32),$D$33,$E$33) | M9: =CONCATENATE(L9, IF('Input Sheet'!J11="",""," siderite in ")) | N9: =SUBSTITUTE(SUBSTITUTE(SUBSTITUTE(SUBSTITUTE(SUBSTITUTE(SUBSTITUTE(SUBSTITUTE(SUBSTITUTE(SUBSTITUTE(SUBSTITUTE(SUBSTITUTE(SUBSTITUTE(SUBSTITUTE(SUBSTITUTE(SUBSTITUTE(SUBSTITUTE(SUBSTITUTE(SUBSTITUTE(SUBSTITUTE(SUBSTITUTE(SUBSTITUTE(SUBSTITUTE(SUBSTITUTE(SUBSTITUTE(SUBSTITUTE(SUBSTITUTE(SUBSTITUTE(SUBSTITUTE(SUBSTITUTE(SUBSTITUTE(SUBSTITUTE('Input Sheet'!K11,$D$3,$E$3),$D$4,$E$4),$D$5,$E$5),$D$6,$E$6),$D$7,$E$7),$D$8,$E$8),$D$9,$E$9),$D$10,$E$10),$D$11,$E$11),$D$12,$E$12),$D$13,$E$13),$D$14,$E$14),$D$15,$E$15),$D$16,$E$16),$D$17,$E$17),$D$18,$E$18),$D$19,$E$19),$D$20,$E$20),$D$21,$E$21),$D$22,$E$22),$D$23,$E$23),$D$24,$E$24),$D$25,$E$25),$D$26,$E$26),$D$27,$E$27),$D$28,$E$28),$D$29,$E$29),$D$30,$E$30),$D$31,$E$31),$D$32,$E$32),$D$33,$E$33) | O9: =CONCATENATE(N9, IF('Input Sheet'!K11="",""," siderite in "))
A10: =IF('Input Sheet'!C12="","",CONCATENATE("Sample ", 'Input Sheet'!B12, "m: ", M10, G10, "% ", "Siltstone, ", O10, 'Input Sheet'!C12, "% ", I10, " Sandstone, ", K10, J10, " FLUOR in SST. ", "TG ", 'Input Sheet'!I12, "U")) -> Sample 1605m: 55% Siltstone, 45% very fine to fine Sandstone, NO FLUOR in SST. TG 13U | B10: =IF('Input Sheet'!C12="","",CONCATENATE("Sample ", 'Input Sheet'!B12, "m: ", N10, H10, "% ", "Siltstone, ", P10, 'Input Sheet'!C12, "% ", J10, " Sandstone ")) -> Sample 1605m: veryfine to fine% Siltstone, 45% Sandstone | C10: =IF('Input Sheet'!C12="","",CONCATENATE("Sample ", 'Input Sheet'!B12, "m: ", M10,, K10, J10, " FLUOR in SST. ", "TG ", 'Input Sheet'!I12, "U")) -> Sample 1605m: NO FLUOR in SST. TG 13U | D10: mnr | E10: minor | G10: =IF('Input Sheet'!C12="","",100-'Input Sheet'!C12) -> 55 | H10: =SUBSTITUTE(SUBSTITUTE(SUBSTITUTE(SUBSTITUTE(SUBSTITUTE(SUBSTITUTE(SUBSTITUTE(SUBSTITUTE(SUBSTITUTE(SUBSTITUTE(SUBSTITUTE(SUBSTITUTE(SUBSTITUTE(SUBSTITUTE(SUBSTITUTE(SUBSTITUTE(SUBSTITUTE(SUBSTITUTE(SUBSTITUTE(SUBSTITUTE(SUBSTITUTE(SUBSTITUTE(SUBSTITUTE(SUBSTITUTE(SUBSTITUTE(SUBSTITUTE(SUBSTITUTE(SUBSTITUTE(SUBSTITUTE(SUBSTITUTE(SUBSTITUTE('Input Sheet'!D12,$D$3,$E$3),$D$4,$E$4),$D$5,$E$5),$D$6,$E$6),$D$7,$E$7),$D$8,$E$8),$D$9,$E$9),$D$10,$E$10),$D$11,$E$11),$D$12,$E$12),$D$13,$E$13),$D$14,$E$14),$D$15,$E$15),$D$16,$E$16),$D$17,$E$17),$D$18,$E$18),$D$19,$E$19),$D$20,$E$20),$D$21,$E$21),$D$22,$E$22),$D$23,$E$23),$D$24,$E$24),$D$25,$E$25),$D$26,$E$26),$D$27,$E$27),$D$28,$E$28),$D$29,$E$29),$D$30,$E$30),$D$31,$E$31),$D$32,$E$32),$D$33,$E$33) -> veryfine to fine | I10: =SUBSTITUTE(H10, "veryfine", "very fine") -> very fine to fine | J10: =SUBSTITUTE(SUBSTITUTE(SUBSTITUTE(SUBSTITUTE(SUBSTITUTE(SUBSTITUTE(SUBSTITUTE(SUBSTITUTE(SUBSTITUTE(SUBSTITUTE(SUBSTITUTE(SUBSTITUTE(SUBSTITUTE(SUBSTITUTE(SUBSTITUTE(SUBSTITUTE(SUBSTITUTE(SUBSTITUTE(SUBSTITUTE(SUBSTITUTE(SUBSTITUTE(SUBSTITUTE(SUBSTITUTE(SUBSTITUTE(SUBSTITUTE(SUBSTITUTE(SUBSTITUTE(SUBSTITUTE(SUBSTITUTE(SUBSTITUTE(SUBSTITUTE('Input Sheet'!G12,$D$3,$E$3),$D$4,$E$4),$D$5,$E$5),$D$6,$E$6),$D$7,$E$7),$D$8,$E$8),$D$9,$E$9),$D$10,$E$10),$D$11,$E$11),$D$12,$E$12),$D$13,$E$13),$D$14,$E$14),$D$15,$E$15),$D$16,$E$16),$D$17,$E$17),$D$18,$E$18),$D$19,$E$19),$D$20,$E$20),$D$21,$E$21),$D$22,$E$22),$D$23,$E$23),$D$24,$E$24),$D$25,$E$25),$D$26,$E$26),$D$27,$E$27),$D$28,$E$28),$D$29,$E$29),$D$30,$E$30),$D$31,$E$31),$D$32,$E$32),$D$33,$E$33) | K10: =IF('Input Sheet'!F12=0, "NO",CONCATENATE('Input Sheet'!F12, IF('Input Sheet'!F12>0,"% ",""))) -> NO | L10: =SUBSTITUTE(SUBSTITUTE(SUBSTITUTE(SUBSTITUTE(SUBSTITUTE(SUBSTITUTE(SUBSTITUTE(SUBSTITUTE(SUBSTITUTE(SUBSTITUTE(SUBSTITUTE(SUBSTITUTE(SUBSTITUTE(SUBSTITUTE(SUBSTITUTE(SUBSTITUTE(SUBSTITUTE(SUBSTITUTE(SUBSTITUTE(SUBSTITUTE(SUBSTITUTE(SUBSTITUTE(SUBSTITUTE(SUBSTITUTE(SUBSTITUTE(SUBSTITUTE(SUBSTITUTE(SUBSTITUTE(SUBSTITUTE(SUBSTITUTE(SUBSTITUTE('Input Sheet'!J12,$D$3,$E$3),$D$4,$E$4),$D$5,$E$5),$D$6,$E$6),$D$7,$E$7),$D$8,$E$8),$D$9,$E$9),$D$10,$E$10),$D$11,$E$11),$D$12,$E$12),$D$13,$E$13),$D$14,$E$14),$D$15,$E$15),$D$16,$E$16),$D$17,$E$17),$D$18,$E$18),$D$19,$E$19),$D$20,$E$20),$D$21,$E$21),$D$22,$E$22),$D$23,$E$23),$D$24,$E$24),$D$25,$E$25),$D$26,$E$26),$D$27,$E$27),$D$28,$E$28),$D$29,$E$29),$D$30,$E$30),$D$31,$E$31),$D$32,$E$32),$D$33,$E$33) | M10: =CONCATENATE(L10, IF('Input Sheet'!J12="",""," siderite in ")) | N10: =SUBSTITUTE(SUBSTITUTE(SUBSTITUTE(SUBSTITUTE(SUBSTITUTE(SUBSTITUTE(SUBSTITUTE(SUBSTITUTE(SUBSTITUTE(SUBSTITUTE(SUBSTITUTE(SUBSTITUTE(SUBSTITUTE(SUBSTITUTE(SUBSTITUTE(SUBSTITUTE(SUBSTITUTE(SUBSTITUTE(SUBSTITUTE(SUBSTITUTE(SUBSTITUTE(SUBSTITUTE(SUBSTITUTE(SUBSTITUTE(SUBSTITUTE(SUBSTITUTE(SUBSTITUTE(SUBSTITUTE(SUBSTITUTE(SUBSTITUTE(SUBSTITUTE('Input Sheet'!K12,$D$3,$E$3),$D$4,$E$4),$D$5,$E$5),$D$6,$E$6),$D$7,$E$7),$D$8,$E$8),$D$9,$E$9),$D$10,$E$10),$D$11,$E$11),$D$12,$E$12),$D$13,$E$13),$D$14,$E$14),$D$15,$E$15),$D$16,$E$16),$D$17,$E$17),$D$18,$E$18),$D$19,$E$19),$D$20,$E$20),$D$21,$E$21),$D$22,$E$22),$D$23,$E$23),$D$24,$E$24),$D$25,$E$25),$D$26,$E$26),$D$27,$E$27),$D$28,$E$28),$D$29,$E$29),$D$30,$E$30),$D$31,$E$31),$D$32,$E$32),$D$33,$E$33) | O10: =CONCATENATE(N10, IF('Input Sheet'!K12="",""," siderite in "))
A11: =IF('Input Sheet'!C13="","",CONCATENATE("Sample ", 'Input Sheet'!B13, "m: ", M11, G11, "% ", "Siltstone, ", O11, 'Input Sheet'!C13, "% ", I11, " Sandstone, ", K11, J11, " FLUOR in SST. ", "TG ", 'Input Sheet'!I13, "U")) -> Sample 1610m: 55% Siltstone, 45% very fine to fine Sandstone, NO FLUOR in SST. TG 9U | B11: =IF('Input Sheet'!C13="","",CONCATENATE("Sample ", 'Input Sheet'!B13, "m: ", N11, H11, "% ", "Siltstone, ", P11, 'Input Sheet'!C13, "% ", J11, " Sandstone ")) -> Sample 1610m: veryfine to fine% Siltstone, 45% Sandstone | C11: =IF('Input Sheet'!C13="","",CONCATENATE("Sample ", 'Input Sheet'!B13, "m: ", M11,, K11, J11, " FLUOR in SST. ", "TG ", 'Input Sheet'!I13, "U")) -> Sample 1610m: NO FLUOR in SST. TG 9U | D11: rr | E11: rare | G11: =IF('Input Sheet'!C13="","",100-'Input Sheet'!C13) -> 55 | H11: =SUBSTITUTE(SUBSTITUTE(SUBSTITUTE(SUBSTITUTE(SUBSTITUTE(SUBSTITUTE(SUBSTITUTE(SUBSTITUTE(SUBSTITUTE(SUBSTITUTE(SUBSTITUTE(SUBSTITUTE(SUBSTITUTE(SUBSTITUTE(SUBSTITUTE(SUBSTITUTE(SUBSTITUTE(SUBSTITUTE(SUBSTITUTE(SUBSTITUTE(SUBSTITUTE(SUBSTITUTE(SUBSTITUTE(SUBSTITUTE(SUBSTITUTE(SUBSTITUTE(SUBSTITUTE(SUBSTITUTE(SUBSTITUTE(SUBSTITUTE(SUBSTITUTE('Input Sheet'!D13,$D$3,$E$3),$D$4,$E$4),$D$5,$E$5),$D$6,$E$6),$D$7,$E$7),$D$8,$E$8),$D$9,$E$9),$D$10,$E$10),$D$11,$E$11),$D$12,$E$12),$D$13,$E$13),$D$14,$E$14),$D$15,$E$15),$D$16,$E$16),$D$17,$E$17),$D$18,$E$18),$D$19,$E$19),$D$20,$E$20),$D$21,$E$21),$D$22,$E$22),$D$23,$E$23),$D$24,$E$24),$D$25,$E$25),$D$26,$E$26),$D$27,$E$27),$D$28,$E$28),$D$29,$E$29),$D$30,$E$30),$D$31,$E$31),$D$32,$E$32),$D$33,$E$33) -> veryfine to fine | I11: =SUBSTITUTE(H11, "veryfine", "very fine") -> very fine to fine | J11: =SUBSTITUTE(SUBSTITUTE(SUBSTITUTE(SUBSTITUTE(SUBSTITUTE(SUBSTITUTE(SUBSTITUTE(SUBSTITUTE(SUBSTITUTE(SUBSTITUTE(SUBSTITUTE(SUBSTITUTE(SUBSTITUTE(SUBSTITUTE(SUBSTITUTE(SUBSTITUTE(SUBSTITUTE(SUBSTITUTE(SUBSTITUTE(SUBSTITUTE(SUBSTITUTE(SUBSTITUTE(SUBSTITUTE(SUBSTITUTE(SUBSTITUTE(SUBSTITUTE(SUBSTITUTE(SUBSTITUTE(SUBSTITUTE(SUBSTITUTE(SUBSTITUTE('Input Sheet'!G13,$D$3,$E$3),$D$4,$E$4),$D$5,$E$5),$D$6,$E$6),$D$7,$E$7),$D$8,$E$8),$D$9,$E$9),$D$10,$E$10),$D$11,$E$11),$D$12,$E$12),$D$13,$E$13),$D$14,$E$14),$D$15,$E$15),$D$16,$E$16),$D$17,$E$17),$D$18,$E$18),$D$19,$E$19),$D$20,$E$20),$D$21,$E$21),$D$22,$E$22),$D$23,$E$23),$D$24,$E$24),$D$25,$E$25),$D$26,$E$26),$D$27,$E$27),$D$28,$E$28),$D$29,$E$29),$D$30,$E$30),$D$31,$E$31),$D$32,$E$32),$D$33,$E$33) | K11: =IF('Input Sheet'!F13=0, "NO",CONCATENATE('Input Sheet'!F13, IF('Input Sheet'!F13>0,"% ",""))) -> NO | L11: =SUBSTITUTE(SUBSTITUTE(SUBSTITUTE(SUBSTITUTE(SUBSTITUTE(SUBSTITUTE(SUBSTITUTE(SUBSTITUTE(SUBSTITUTE(SUBSTITUTE(SUBSTITUTE(SUBSTITUTE(SUBSTITUTE(SUBSTITUTE(SUBSTITUTE(SUBSTITUTE(SUBSTITUTE(SUBSTITUTE(SUBSTITUTE(SUBSTITUTE(SUBSTITUTE(SUBSTITUTE(SUBSTITUTE(SUBSTITUTE(SUBSTITUTE(SUBSTITUTE(SUBSTITUTE(SUBSTITUTE(SUBSTITUTE(SUBSTITUTE(SUBSTITUTE('Input Sheet'!J13,$D$3,$E$3),$D$4,$E$4),$D$5,$E$5),$D$6,$E$6),$D$7,$E$7),$D$8,$E$8),$D$9,$E$9),$D$10,$E$10),$D$11,$E$11),$D$12,$E$12),$D$13,$E$13),$D$14,$E$14),$D$15,$E$15),$D$16,$E$16),$D$17,$E$17),$D$18,$E$18),$D$19,$E$19),$D$20,$E$20),$D$21,$E$21),$D$22,$E$22),$D$23,$E$23),$D$24,$E$24),$D$25,$E$25),$D$26,$E$26),$D$27,$E$27),$D$28,$E$28),$D$29,$E$29),$D$30,$E$30),$D$31,$E$31),$D$32,$E$32),$D$33,$E$33) | M11: =CONCATENATE(L11, IF('Input Sheet'!J13="",""," siderite in ")) | N11: =SUBSTITUTE(SUBSTITUTE(SUBSTITUTE(SUBSTITUTE(SUBSTITUTE(SUBSTITUTE(SUBSTITUTE(SUBSTITUTE(SUBSTITUTE(SUBSTITUTE(SUBSTITUTE(SUBSTITUTE(SUBSTITUTE(SUBSTITUTE(SUBSTITUTE(SUBSTITUTE(SUBSTITUTE(SUBSTITUTE(SUBSTITUTE(SUBSTITUTE(SUBSTITUTE(SUBSTITUTE(SUBSTITUTE(SUBSTITUTE(SUBSTITUTE(SUBSTITUTE(SUBSTITUTE(SUBSTITUTE(SUBSTITUTE(SUBSTITUTE(SUBSTITUTE('Input Sheet'!K13,$D$3,$E$3),$D$4,$E$4),$D$5,$E$5),$D$6,$E$6),$D$7,$E$7),$D$8,$E$8),$D$9,$E$9),$D$10,$E$10),$D$11,$E$11),$D$12,$E$12),$D$13,$E$13),$D$14,$E$14),$D$15,$E$15),$D$16,$E$16),$D$17,$E$17),$D$18,$E$18),$D$19,$E$19),$D$20,$E$20),$D$21,$E$21),$D$22,$E$22),$D$23,$E$23),$D$24,$E$24),$D$25,$E$25),$D$26,$E$26),$D$27,$E$27),$D$28,$E$28),$D$29,$E$29),$D$30,$E$30),$D$31,$E$31),$D$32,$E$32),$D$33,$E$33) | O11: =CONCATENATE(N11, IF('Input Sheet'!K13="",""," siderite in "))
A12: =IF('Input Sheet'!C14="","",CONCATENATE("Sample ", 'Input Sheet'!B14, "m: ", M12, G12, "% ", "Siltstone, ", O12, 'Input Sheet'!C14, "% ", I12, " Sandstone, ", K12, J12, " FLUOR in SST. ", "TG ", 'Input Sheet'!I14, "U")) -> Sample 1615m: 35% Siltstone, 65% very fine to fine Sandstone, 15% moderately bright FLUOR in SST. TG 10U | B12: =IF('Input Sheet'!C14="","",CONCATENATE("Sample ", 'Input Sheet'!B14, "m: ", N12, H12, "% ", "Siltstone, ", P12, 'Input Sheet'!C14, "% ", J12, " Sandstone ")) -> Sample 1615m: veryfine to fine% Siltstone, 65% moderately bright Sandstone | C12: =IF('Input Sheet'!C14="","",CONCATENATE("Sample ", 'Input Sheet'!B14, "m: ", M12,, K12, J12, " FLUOR in SST. ", "TG ", 'Input Sheet'!I14, "U")) -> Sample 1615m: 15% moderately bright FLUOR in SST. TG 10U | D12: tr | E12: trace | G12: =IF('Input Sheet'!C14="","",100-'Input Sheet'!C14) -> 35 | H12: =SUBSTITUTE(SUBSTITUTE(SUBSTITUTE(SUBSTITUTE(SUBSTITUTE(SUBSTITUTE(SUBSTITUTE(SUBSTITUTE(SUBSTITUTE(SUBSTITUTE(SUBSTITUTE(SUBSTITUTE(SUBSTITUTE(SUBSTITUTE(SUBSTITUTE(SUBSTITUTE(SUBSTITUTE(SUBSTITUTE(SUBSTITUTE(SUBSTITUTE(SUBSTITUTE(SUBSTITUTE(SUBSTITUTE(SUBSTITUTE(SUBSTITUTE(SUBSTITUTE(SUBSTITUTE(SUBSTITUTE(SUBSTITUTE(SUBSTITUTE(SUBSTITUTE('Input Sheet'!D14,$D$3,$E$3),$D$4,$E$4),$D$5,$E$5),$D$6,$E$6),$D$7,$E$7),$D$8,$E$8),$D$9,$E$9),$D$10,$E$10),$D$11,$E$11),$D$12,$E$12),$D$13,$E$13),$D$14,$E$14),$D$15,$E$15),$D$16,$E$16),$D$17,$E$17),$D$18,$E$18),$D$19,$E$19),$D$20,$E$20),$D$21,$E$21),$D$22,$E$22),$D$23,$E$23),$D$24,$E$24),$D$25,$E$25),$D$26,$E$26),$D$27,$E$27),$D$28,$E$28),$D$29,$E$29),$D$30,$E$30),$D$31,$E$31),$D$32,$E$32),$D$33,$E$33) -> veryfine to fine | I12: =SUBSTITUTE(H12, "veryfine", "very fine") -> very fine to fine | J12: =SUBSTITUTE(SUBSTITUTE(SUBSTITUTE(SUBSTITUTE(SUBSTITUTE(SUBSTITUTE(SUBSTITUTE(SUBSTITUTE(SUBSTITUTE(SUBSTITUTE(SUBSTITUTE(SUBSTITUTE(SUBSTITUTE(SUBSTITUTE(SUBSTITUTE(SUBSTITUTE(SUBSTITUTE(SUBSTITUTE(SUBSTITUTE(SUBSTITUTE(SUBSTITUTE(SUBSTITUTE(SUBSTITUTE(SUBSTITUTE(SUBSTITUTE(SUBSTITUTE(SUBSTITUTE(SUBSTITUTE(SUBSTITUTE(SUBSTITUTE(SUBSTITUTE('Input Sheet'!G14,$D$3,$E$3),$D$4,$E$4),$D$5,$E$5),$D$6,$E$6),$D$7,$E$7),$D$8,$E$8),$D$9,$E$9),$D$10,$E$10),$D$11,$E$11),$D$12,$E$12),$D$13,$E$13),$D$14,$E$14),$D$15,$E$15),$D$16,$E$16),$D$17,$E$17),$D$18,$E$18),$D$19,$E$19),$D$20,$E$20),$D$21,$E$21),$D$22,$E$22),$D$23,$E$23),$D$24,$E$24),$D$25,$E$25),$D$26,$E$26),$D$27,$E$27),$D$28,$E$28),$D$29,$E$29),$D$30,$E$30),$D$31,$E$31),$D$32,$E$32),$D$33,$E$33) -> moderately bright | K12: =IF('Input Sheet'!F14=0, "NO",CONCATENATE('Input Sheet'!F14, IF('Input Sheet'!F14>0,"% ",""))) -> 15% | L12: =SUBSTITUTE(SUBSTITUTE(SUBSTITUTE(SUBSTITUTE(SUBSTITUTE(SUBSTITUTE(SUBSTITUTE(SUBSTITUTE(SUBSTITUTE(SUBSTITUTE(SUBSTITUTE(SUBSTITUTE(SUBSTITUTE(SUBSTITUTE(SUBSTITUTE(SUBSTITUTE(SUBSTITUTE(SUBSTITUTE(SUBSTITUTE(SUBSTITUTE(SUBSTITUTE(SUBSTITUTE(SUBSTITUTE(SUBSTITUTE(SUBSTITUTE(SUBSTITUTE(SUBSTITUTE(SUBSTITUTE(SUBSTITUTE(SUBSTITUTE(SUBSTITUTE('Input Sheet'!J14,$D$3,$E$3),$D$4,$E$4),$D$5,$E$5),$D$6,$E$6),$D$7,$E$7),$D$8,$E$8),$D$9,$E$9),$D$10,$E$10),$D$11,$E$11),$D$12,$E$12),$D$13,$E$13),$D$14,$E$14),$D$15,$E$15),$D$16,$E$16),$D$17,$E$17),$D$18,$E$18),$D$19,$E$19),$D$20,$E$20),$D$21,$E$21),$D$22,$E$22),$D$23,$E$23),$D$24,$E$24),$D$25,$E$25),$D$26,$E$26),$D$27,$E$27),$D$28,$E$28),$D$29,$E$29),$D$30,$E$30),$D$31,$E$31),$D$32,$E$32),$D$33,$E$33) | M12: =CONCATENATE(L12, IF('Input Sheet'!J14="",""," siderite in ")) | N12: =SUBSTITUTE(SUBSTITUTE(SUBSTITUTE(SUBSTITUTE(SUBSTITUTE(SUBSTITUTE(SUBSTITUTE(SUBSTITUTE(SUBSTITUTE(SUBSTITUTE(SUBSTITUTE(SUBSTITUTE(SUBSTITUTE(SUBSTITUTE(SUBSTITUTE(SUBSTITUTE(SUBSTITUTE(SUBSTITUTE(SUBSTITUTE(SUBSTITUTE(SUBSTITUTE(SUBSTITUTE(SUBSTITUTE(SUBSTITUTE(SUBSTITUTE(SUBSTITUTE(SUBSTITUTE(SUBSTITUTE(SUBSTITUTE(SUBSTITUTE(SUBSTITUTE('Input Sheet'!K14,$D$3,$E$3),$D$4,$E$4),$D$5,$E$5),$D$6,$E$6),$D$7,$E$7),$D$8,$E$8),$D$9,$E$9),$D$10,$E$10),$D$11,$E$11),$D$12,$E$12),$D$13,$E$13),$D$14,$E$14),$D$15,$E$15),$D$16,$E$16),$D$17,$E$17),$D$18,$E$18),$D$19,$E$19),$D$20,$E$20),$D$21,$E$21),$D$22,$E$22),$D$23,$E$23),$D$24,$E$24),$D$25,$E$25),$D$26,$E$26),$D$27,$E$27),$D$28,$E$28),$D$29,$E$29),$D$30,$E$30),$D$31,$E$31),$D$32,$E$32),$D$33,$E$33) | O12: =CONCATENATE(N12, IF('Input Sheet'!K14="",""," siderite in "))
A13: =IF('Input Sheet'!C15="","",CONCATENATE("Sample ", 'Input Sheet'!B15, "m: ", M13, G13, "% ", "Siltstone, ", O13, 'Input Sheet'!C15, "% ", I13, " Sandstone, ", K13, J13, " FLUOR in SST. ", "TG ", 'Input Sheet'!I15, "U")) -> Sample 1620m: 30% Siltstone, 70% very fine to fine Sandstone, 50% moderately bright FLUOR in SST. TG 21U | B13: =IF('Input Sheet'!C15="","",CONCATENATE("Sample ", 'Input Sheet'!B15, "m: ", N13, H13, "% ", "Siltstone, ", P13, 'Input Sheet'!C15, "% ", J13, " Sandstone ")) -> Sample 1620m: veryfine to fine% Siltstone, 70% moderately bright Sandstone | C13: =IF('Input Sheet'!C15="","",CONCATENATE("Sample ", 'Input Sheet'!B15, "m: ", M13,, K13, J13, " FLUOR in SST. ", "TG ", 'Input Sheet'!I15, "U")) -> Sample 1620m: 50% moderately bright FLUOR in SST. TG 21U | D13: mod | E13: moderately | G13: =IF('Input Sheet'!C15="","",100-'Input Sheet'!C15) -> 30 | H13: =SUBSTITUTE(SUBSTITUTE(SUBSTITUTE(SUBSTITUTE(SUBSTITUTE(SUBSTITUTE(SUBSTITUTE(SUBSTITUTE(SUBSTITUTE(SUBSTITUTE(SUBSTITUTE(SUBSTITUTE(SUBSTITUTE(SUBSTITUTE(SUBSTITUTE(SUBSTITUTE(SUBSTITUTE(SUBSTITUTE(SUBSTITUTE(SUBSTITUTE(SUBSTITUTE(SUBSTITUTE(SUBSTITUTE(SUBSTITUTE(SUBSTITUTE(SUBSTITUTE(SUBSTITUTE(SUBSTITUTE(SUBSTITUTE(SUBSTITUTE(SUBSTITUTE('Input Sheet'!D15,$D$3,$E$3),$D$4,$E$4),$D$5,$E$5),$D$6,$E$6),$D$7,$E$7),$D$8,$E$8),$D$9,$E$9),$D$10,$E$10),$D$11,$E$11),$D$12,$E$12),$D$13,$E$13),$D$14,$E$14),$D$15,$E$15),$D$16,$E$16),$D$17,$E$17),$D$18,$E$18),$D$19,$E$19),$D$20,$E$20),$D$21,$E$21),$D$22,$E$22),$D$23,$E$23),$D$24,$E$24),$D$25,$E$25),$D$26,$E$26),$D$27,$E$27),$D$28,$E$28),$D$29,$E$29),$D$30,$E$30),$D$31,$E$31),$D$32,$E$32),$D$33,$E$33) -> veryfine to fine | I13: =SUBSTITUTE(H13, "veryfine", "very fine") -> very fine to fine | J13: =SUBSTITUTE(SUBSTITUTE(SUBSTITUTE(SUBSTITUTE(SUBSTITUTE(SUBSTITUTE(SUBSTITUTE(SUBSTITUTE(SUBSTITUTE(SUBSTITUTE(SUBSTITUTE(SUBSTITUTE(SUBSTITUTE(SUBSTITUTE(SUBSTITUTE(SUBSTITUTE(SUBSTITUTE(SUBSTITUTE(SUBSTITUTE(SUBSTITUTE(SUBSTITUTE(SUBSTITUTE(SUBSTITUTE(SUBSTITUTE(SUBSTITUTE(SUBSTITUTE(SUBSTITUTE(SUBSTITUTE(SUBSTITUTE(SUBSTITUTE(SUBSTITUTE('Input Sheet'!G15,$D$3,$E$3),$D$4,$E$4),$D$5,$E$5),$D$6,$E$6),$D$7,$E$7),$D$8,$E$8),$D$9,$E$9),$D$10,$E$10),$D$11,$E$11),$D$12,$E$12),$D$13,$E$13),$D$14,$E$14),$D$15,$E$15),$D$16,$E$16),$D$17,$E$17),$D$18,$E$18),$D$19,$E$19),$D$20,$E$20),$D$21,$E$21),$D$22,$E$22),$D$23,$E$23),$D$24,$E$24),$D$25,$E$25),$D$26,$E$26),$D$27,$E$27),$D$28,$E$28),$D$29,$E$29),$D$30,$E$30),$D$31,$E$31),$D$32,$E$32),$D$33,$E$33) -> moderately bright | K13: =IF('Input Sheet'!F15=0, "NO",CONCATENATE('Input Sheet'!F15, IF('Input Sheet'!F15>0,"% ",""))) -> 50% | L13: =SUBSTITUTE(SUBSTITUTE(SUBSTITUTE(SUBSTITUTE(SUBSTITUTE(SUBSTITUTE(SUBSTITUTE(SUBSTITUTE(SUBSTITUTE(SUBSTITUTE(SUBSTITUTE(SUBSTITUTE(SUBSTITUTE(SUBSTITUTE(SUBSTITUTE(SUBSTITUTE(SUBSTITUTE(SUBSTITUTE(SUBSTITUTE(SUBSTITUTE(SUBSTITUTE(SUBSTITUTE(SUBSTITUTE(SUBSTITUTE(SUBSTITUTE(SUBSTITUTE(SUBSTITUTE(SUBSTITUTE(SUBSTITUTE(SUBSTITUTE(SUBSTITUTE('Input Sheet'!J15,$D$3,$E$3),$D$4,$E$4),$D$5,$E$5),$D$6,$E$6),$D$7,$E$7),$D$8,$E$8),$D$9,$E$9),$D$10,$E$10),$D$11,$E$11),$D$12,$E$12),$D$13,$E$13),$D$14,$E$14),$D$15,$E$15),$D$16,$E$16),$D$17,$E$17),$D$18,$E$18),$D$19,$E$19),$D$20,$E$20),$D$21,$E$21),$D$22,$E$22),$D$23,$E$23),$D$24,$E$24),$D$25,$E$25),$D$26,$E$26),$D$27,$E$27),$D$28,$E$28),$D$29,$E$29),$D$30,$E$30),$D$31,$E$31),$D$32,$E$32),$D$33,$E$33) | M13: =CONCATENATE(L13, IF('Input Sheet'!J15="",""," siderite in ")) | N13: =SUBSTITUTE(SUBSTITUTE(SUBSTITUTE(SUBSTITUTE(SUBSTITUTE(SUBSTITUTE(SUBSTITUTE(SUBSTITUTE(SUBSTITUTE(SUBSTITUTE(SUBSTITUTE(SUBSTITUTE(SUBSTITUTE(SUBSTITUTE(SUBSTITUTE(SUBSTITUTE(SUBSTITUTE(SUBSTITUTE(SUBSTITUTE(SUBSTITUTE(SUBSTITUTE(SUBSTITUTE(SUBSTITUTE(SUBSTITUTE(SUBSTITUTE(SUBSTITUTE(SUBSTITUTE(SUBSTITUTE(SUBSTITUTE(SUBSTITUTE(SUBSTITUTE('Input Sheet'!K15,$D$3,$E$3),$D$4,$E$4),$D$5,$E$5),$D$6,$E$6),$D$7,$E$7),$D$8,$E$8),$D$9,$E$9),$D$10,$E$10),$D$11,$E$11),$D$12,$E$12),$D$13,$E$13),$D$14,$E$14),$D$15,$E$15),$D$16,$E$16),$D$17,$E$17),$D$18,$E$18),$D$19,$E$19),$D$20,$E$20),$D$21,$E$21),$D$22,$E$22),$D$23,$E$23),$D$24,$E$24),$D$25,$E$25),$D$26,$E$26),$D$27,$E$27),$D$28,$E$28),$D$29,$E$29),$D$30,$E$30),$D$31,$E$31),$D$32,$E$32),$D$33,$E$33) | O13: =CONCATENATE(N13, IF('Input Sheet'!K15="",""," siderite in "))
A14: =IF('Input Sheet'!C16="","",CONCATENATE("Sample ", 'Input Sheet'!B16, "m: ", M14, G14, "% ", "Siltstone, ", O14, 'Input Sheet'!C16, "% ", I14, " Sandstone, ", K14, J14, " FLUOR in SST. ", "TG ", 'Input Sheet'!I16, "U")) -> Sample 1625m: 30% Siltstone, 70% very fine to fine Sandstone, 70% moderately bright FLUOR in SST. TG 25U | B14: =IF('Input Sheet'!C16="","",CONCATENATE("Sample ", 'Input Sheet'!B16, "m: ", N14, H14, "% ", "Siltstone, ", P14, 'Input Sheet'!C16, "% ", J14, " Sandstone ")) -> Sample 1625m: veryfine to fine% Siltstone, 70% moderately bright Sandstone | C14: =IF('Input Sheet'!C16="","",CONCATENATE("Sample ", 'Input Sheet'!B16, "m: ", M14,, K14, J14, " FLUOR in SST. ", "TG ", 'Input Sheet'!I16, "U")) -> Sample 1625m: 70% moderately bright FLUOR in SST. TG 25U | D14: bri | E14: bright | G14: =IF('Input Sheet'!C16="","",100-'Input Sheet'!C16) -> 30 | H14: =SUBSTITUTE(SUBSTITUTE(SUBSTITUTE(SUBSTITUTE(SUBSTITUTE(SUBSTITUTE(SUBSTITUTE(SUBSTITUTE(SUBSTITUTE(SUBSTITUTE(SUBSTITUTE(SUBSTITUTE(SUBSTITUTE(SUBSTITUTE(SUBSTITUTE(SUBSTITUTE(SUBSTITUTE(SUBSTITUTE(SUBSTITUTE(SUBSTITUTE(SUBSTITUTE(SUBSTITUTE(SUBSTITUTE(SUBSTITUTE(SUBSTITUTE(SUBSTITUTE(SUBSTITUTE(SUBSTITUTE(SUBSTITUTE(SUBSTITUTE(SUBSTITUTE('Input Sheet'!D16,$D$3,$E$3),$D$4,$E$4),$D$5,$E$5),$D$6,$E$6),$D$7,$E$7),$D$8,$E$8),$D$9,$E$9),$D$10,$E$10),$D$11,$E$11),$D$12,$E$12),$D$13,$E$13),$D$14,$E$14),$D$15,$E$15),$D$16,$E$16),$D$17,$E$17),$D$18,$E$18),$D$19,$E$19),$D$20,$E$20),$D$21,$E$21),$D$22,$E$22),$D$23,$E$23),$D$24,$E$24),$D$25,$E$25),$D$26,$E$26),$D$27,$E$27),$D$28,$E$28),$D$29,$E$29),$D$30,$E$30),$D$31,$E$31),$D$32,$E$32),$D$33,$E$33) -> veryfine to fine | I14: =SUBSTITUTE(H14, "veryfine", "very fine") -> very fine to fine | J14: =SUBSTITUTE(SUBSTITUTE(SUBSTITUTE(SUBSTITUTE(SUBSTITUTE(SUBSTITUTE(SUBSTITUTE(SUBSTITUTE(SUBSTITUTE(SUBSTITUTE(SUBSTITUTE(SUBSTITUTE(SUBSTITUTE(SUBSTITUTE(SUBSTITUTE(SUBSTITUTE(SUBSTITUTE(SUBSTITUTE(SUBSTITUTE(SUBSTITUTE(SUBSTITUTE(SUBSTITUTE(SUBSTITUTE(SUBSTITUTE(SUBSTITUTE(SUBSTITUTE(SUBSTITUTE(SUBSTITUTE(SUBSTITUTE(SUBSTITUTE(SUBSTITUTE('Input Sheet'!G16,$D$3,$E$3),$D$4,$E$4),$D$5,$E$5),$D$6,$E$6),$D$7,$E$7),$D$8,$E$8),$D$9,$E$9),$D$10,$E$10),$D$11,$E$11),$D$12,$E$12),$D$13,$E$13),$D$14,$E$14),$D$15,$E$15),$D$16,$E$16),$D$17,$E$17),$D$18,$E$18),$D$19,$E$19),$D$20,$E$20),$D$21,$E$21),$D$22,$E$22),$D$23,$E$23),$D$24,$E$24),$D$25,$E$25),$D$26,$E$26),$D$27,$E$27),$D$28,$E$28),$D$29,$E$29),$D$30,$E$30),$D$31,$E$31),$D$32,$E$32),$D$33,$E$33) -> moderately bright | K14: =IF('Input Sheet'!F16=0, "NO",CONCATENATE('Input Sheet'!F16, IF('Input Sheet'!F16>0,"% ",""))) -> 70% | L14: =SUBSTITUTE(SUBSTITUTE(SUBSTITUTE(SUBSTITUTE(SUBSTITUTE(SUBSTITUTE(SUBSTITUTE(SUBSTITUTE(SUBSTITUTE(SUBSTITUTE(SUBSTITUTE(SUBSTITUTE(SUBSTITUTE(SUBSTITUTE(SUBSTITUTE(SUBSTITUTE(SUBSTITUTE(SUBSTITUTE(SUBSTITUTE(SUBSTITUTE(SUBSTITUTE(SUBSTITUTE(SUBSTITUTE(SUBSTITUTE(SUBSTITUTE(SUBSTITUTE(SUBSTITUTE(SUBSTITUTE(SUBSTITUTE(SUBSTITUTE(SUBSTITUTE('Input Sheet'!J16,$D$3,$E$3),$D$4,$E$4),$D$5,$E$5),$D$6,$E$6),$D$7,$E$7),$D$8,$E$8),$D$9,$E$9),$D$10,$E$10),$D$11,$E$11),$D$12,$E$12),$D$13,$E$13),$D$14,$E$14),$D$15,$E$15),$D$16,$E$16),$D$17,$E$17),$D$18,$E$18),$D$19,$E$19),$D$20,$E$20),$D$21,$E$21),$D$22,$E$22),$D$23,$E$23),$D$24,$E$24),$D$25,$E$25),$D$26,$E$26),$D$27,$E$27),$D$28,$E$28),$D$29,$E$29),$D$30,$E$30),$D$31,$E$31),$D$32,$E$32),$D$33,$E$33) | M14: =CONCATENATE(L14, IF('Input Sheet'!J16="",""," siderite in ")) | N14: =SUBSTITUTE(SUBSTITUTE(SUBSTITUTE(SUBSTITUTE(SUBSTITUTE(SUBSTITUTE(SUBSTITUTE(SUBSTITUTE(SUBSTITUTE(SUBSTITUTE(SUBSTITUTE(SUBSTITUTE(SUBSTITUTE(SUBSTITUTE(SUBSTITUTE(SUBSTITUTE(SUBSTITUTE(SUBSTITUTE(SUBSTITUTE(SUBSTITUTE(SUBSTITUTE(SUBSTITUTE(SUBSTITUTE(SUBSTITUTE(SUBSTITUTE(SUBSTITUTE(SUBSTITUTE(SUBSTITUTE(SUBSTITUTE(SUBSTITUTE(SUBSTITUTE('Input Sheet'!K16,$D$3,$E$3),$D$4,$E$4),$D$5,$E$5),$D$6,$E$6),$D$7,$E$7),$D$8,$E$8),$D$9,$E$9),$D$10,$E$10),$D$11,$E$11),$D$12,$E$12),$D$13,$E$13),$D$14,$E$14),$D$15,$E$15),$D$16,$E$16),$D$17,$E$17),$D$18,$E$18),$D$19,$E$19),$D$20,$E$20),$D$21,$E$21),$D$22,$E$22),$D$23,$E$23),$D$24,$E$24),$D$25,$E$25),$D$26,$E$26),$D$27,$E$27),$D$28,$E$28),$D$29,$E$29),$D$30,$E$30),$D$31,$E$31),$D$32,$E$32),$D$33,$E$33) | O14: =CONCATENATE(N14, IF('Input Sheet'!K16="",""," siderite in "))
A15: =IF('Input Sheet'!C17="","",CONCATENATE("Sample ", 'Input Sheet'!B17, "m: ", M15, G15, "% ", "Siltstone, ", O15, 'Input Sheet'!C17, "% ", I15, " Sandstone, ", K15, J15, " FLUOR in SST. ", "TG ", 'Input Sheet'!I17, "U")) -> Sample 1630m: 30% Siltstone, 70% very fine to fine Sandstone, 100% moderately bright FLUOR in SST. TG 22U | B15: =IF('Input Sheet'!C17="","",CONCATENATE("Sample ", 'Input Sheet'!B17, "m: ", N15, H15, "% ", "Siltstone, ", P15, 'Input Sheet'!C17, "% ", J15, " Sandstone ")) -> Sample 1630m: veryfine to fine% Siltstone, 70% moderately bright Sandstone | C15: =IF('Input Sheet'!C17="","",CONCATENATE("Sample ", 'Input Sheet'!B17, "m: ", M15,, K15, J15, " FLUOR in SST. ", "TG ", 'Input Sheet'!I17, "U")) -> Sample 1630m: 100% moderately bright FLUOR in SST. TG 22U | D15: dll | E15: dull | G15: =IF('Input Sheet'!C17="","",100-'Input Sheet'!C17) -> 30 | H15: =SUBSTITUTE(SUBSTITUTE(SUBSTITUTE(SUBSTITUTE(SUBSTITUTE(SUBSTITUTE(SUBSTITUTE(SUBSTITUTE(SUBSTITUTE(SUBSTITUTE(SUBSTITUTE(SUBSTITUTE(SUBSTITUTE(SUBSTITUTE(SUBSTITUTE(SUBSTITUTE(SUBSTITUTE(SUBSTITUTE(SUBSTITUTE(SUBSTITUTE(SUBSTITUTE(SUBSTITUTE(SUBSTITUTE(SUBSTITUTE(SUBSTITUTE(SUBSTITUTE(SUBSTITUTE(SUBSTITUTE(SUBSTITUTE(SUBSTITUTE(SUBSTITUTE('Input Sheet'!D17,$D$3,$E$3),$D$4,$E$4),$D$5,$E$5),$D$6,$E$6),$D$7,$E$7),$D$8,$E$8),$D$9,$E$9),$D$10,$E$10),$D$11,$E$11),$D$12,$E$12),$D$13,$E$13),$D$14,$E$14),$D$15,$E$15),$D$16,$E$16),$D$17,$E$17),$D$18,$E$18),$D$19,$E$19),$D$20,$E$20),$D$21,$E$21),$D$22,$E$22),$D$23,$E$23),$D$24,$E$24),$D$25,$E$25),$D$26,$E$26),$D$27,$E$27),$D$28,$E$28),$D$29,$E$29),$D$30,$E$30),$D$31,$E$31),$D$32,$E$32),$D$33,$E$33) -> veryfine to fine | I15: =SUBSTITUTE(H15, "veryfine", "very fine") -> very fine to fine | J15: =SUBSTITUTE(SUBSTITUTE(SUBSTITUTE(SUBSTITUTE(SUBSTITUTE(SUBSTITUTE(SUBSTITUTE(SUBSTITUTE(SUBSTITUTE(SUBSTITUTE(SUBSTITUTE(SUBSTITUTE(SUBSTITUTE(SUBSTITUTE(SUBSTITUTE(SUBSTITUTE(SUBSTITUTE(SUBSTITUTE(SUBSTITUTE(SUBSTITUTE(SUBSTITUTE(SUBSTITUTE(SUBSTITUTE(SUBSTITUTE(SUBSTITUTE(SUBSTITUTE(SUBSTITUTE(SUBSTITUTE(SUBSTITUTE(SUBSTITUTE(SUBSTITUTE('Input Sheet'!G17,$D$3,$E$3),$D$4,$E$4),$D$5,$E$5),$D$6,$E$6),$D$7,$E$7),$D$8,$E$8),$D$9,$E$9),$D$10,$E$10),$D$11,$E$11),$D$12,$E$12),$D$13,$E$13),$D$14,$E$14),$D$15,$E$15),$D$16,$E$16),$D$17,$E$17),$D$18,$E$18),$D$19,$E$19),$D$20,$E$20),$D$21,$E$21),$D$22,$E$22),$D$23,$E$23),$D$24,$E$24),$D$25,$E$25),$D$26,$E$26),$D$27,$E$27),$D$28,$E$28),$D$29,$E$29),$D$30,$E$30),$D$31,$E$31),$D$32,$E$32),$D$33,$E$33) -> moderately bright | K15: =IF('Input Sheet'!F17=0, "NO",CONCATENATE('Input Sheet'!F17, IF('Input Sheet'!F17>0,"% ",""))) -> 100% | L15: =SUBSTITUTE(SUBSTITUTE(SUBSTITUTE(SUBSTITUTE(SUBSTITUTE(SUBSTITUTE(SUBSTITUTE(SUBSTITUTE(SUBSTITUTE(SUBSTITUTE(SUBSTITUTE(SUBSTITUTE(SUBSTITUTE(SUBSTITUTE(SUBSTITUTE(SUBSTITUTE(SUBSTITUTE(SUBSTITUTE(SUBSTITUTE(SUBSTITUTE(SUBSTITUTE(SUBSTITUTE(SUBSTITUTE(SUBSTITUTE(SUBSTITUTE(SUBSTITUTE(SUBSTITUTE(SUBSTITUTE(SUBSTITUTE(SUBSTITUTE(SUBSTITUTE('Input Sheet'!J17,$D$3,$E$3),$D$4,$E$4),$D$5,$E$5),$D$6,$E$6),$D$7,$E$7),$D$8,$E$8),$D$9,$E$9),$D$10,$E$10),$D$11,$E$11),$D$12,$E$12),$D$13,$E$13),$D$14,$E$14),$D$15,$E$15),$D$16,$E$16),$D$17,$E$17),$D$18,$E$18),$D$19,$E$19),$D$20,$E$20),$D$21,$E$21),$D$22,$E$22),$D$23,$E$23),$D$24,$E$24),$D$25,$E$25),$D$26,$E$26),$D$27,$E$27),$D$28,$E$28),$D$29,$E$29),$D$30,$E$30),$D$31,$E$31),$D$32,$E$32),$D$33,$E$33) | M15: =CONCATENATE(L15, IF('Input Sheet'!J17="",""," siderite in ")) | N15: =SUBSTITUTE(SUBSTITUTE(SUBSTITUTE(SUBSTITUTE(SUBSTITUTE(SUBSTITUTE(SUBSTITUTE(SUBSTITUTE(SUBSTITUTE(SUBSTITUTE(SUBSTITUTE(SUBSTITUTE(SUBSTITUTE(SUBSTITUTE(SUBSTITUTE(SUBSTITUTE(SUBSTITUTE(SUBSTITUTE(SUBSTITUTE(SUBSTITUTE(SUBSTITUTE(SUBSTITUTE(SUBSTITUTE(SUBSTITUTE(SUBSTITUTE(SUBSTITUTE(SUBSTITUTE(SUBSTITUTE(SUBSTITUTE(SUBSTITUTE(SUBSTITUTE('Input Sheet'!K17,$D$3,$E$3),$D$4,$E$4),$D$5,$E$5),$D$6,$E$6),$D$7,$E$7),$D$8,$E$8),$D$9,$E$9),$D$10,$E$10),$D$11,$E$11),$D$12,$E$12),$D$13,$E$13),$D$14,$E$14),$D$15,$E$15),$D$16,$E$16),$D$17,$E$17),$D$18,$E$18),$D$19,$E$19),$D$20,$E$20),$D$21,$E$21),$D$22,$E$22),$D$23,$E$23),$D$24,$E$24),$D$25,$E$25),$D$26,$E$26),$D$27,$E$27),$D$28,$E$28),$D$29,$E$29),$D$30,$E$30),$D$31,$E$31),$D$32,$E$32),$D$33,$E$33) | O15: =CONCATENATE(N15, IF('Input Sheet'!K17="",""," siderite in "))
... A19: =IF('Input Sheet'!C21="","",CONCATENATE("Sample ", 'Input Sheet'!B21, "m: ", M19, G19, "% ", "Siltstone, ", O19, 'Input Sheet'!C21, "% ", I19, " Sandstone, ", K19, J19, " FLUOR in SST. ", "TG ", 'Input Sheet'!I21, "U")) -> Sample 1650m: 70% Siltstone, 30% very fine to fine Sandstone, 30% moderately bright FLUOR in SST. TG 18U | B19: =IF('Input Sheet'!C21="","",CONCATENATE("Sample ", 'Input Sheet'!B21, "m: ", N19, H19, "% ", "Siltstone, ", P19, 'Input Sheet'!C21, "% ", J19, " Sandstone ")) -> Sample 1650m: veryfine to fine% Siltstone, 30% moderately bright Sandstone | C19: =IF('Input Sheet'!C21="","",CONCATENATE("Sample ", 'Input Sheet'!B21, "m: ", M19,, K19, J19, " FLUOR in SST. ", "TG ", 'Input Sheet'!I21, "U")) -> Sample 1650m: 30% moderately bright FLUOR in SST. TG 18U | D19: pl | E19: pale | G19: =IF('Input Sheet'!C21="","",100-'Input Sheet'!C21) -> 70 | H19: =SUBSTITUTE(SUBSTITUTE(SUBSTITUTE(SUBSTITUTE(SUBSTITUTE(SUBSTITUTE(SUBSTITUTE(SUBSTITUTE(SUBSTITUTE(SUBSTITUTE(SUBSTITUTE(SUBSTITUTE(SUBSTITUTE(SUBSTITUTE(SUBSTITUTE(SUBSTITUTE(SUBSTITUTE(SUBSTITUTE(SUBSTITUTE(SUBSTITUTE(SUBSTITUTE(SUBSTITUTE(SUBSTITUTE(SUBSTITUTE(SUBSTITUTE(SUBSTITUTE(SUBSTITUTE(SUBSTITUTE(SUBSTITUTE(SUBSTITUTE(SUBSTITUTE('Input Sheet'!D21,$D$3,$E$3),$D$4,$E$4),$D$5,$E$5),$D$6,$E$6),$D$7,$E$7),$D$8,$E$8),$D$9,$E$9),$D$10,$E$10),$D$11,$E$11),$D$12,$E$12),$D$13,$E$13),$D$14,$E$14),$D$15,$E$15),$D$16,$E$16),$D$17,$E$17),$D$18,$E$18),$D$19,$E$19),$D$20,$E$20),$D$21,$E$21),$D$22,$E$22),$D$23,$E$23),$D$24,$E$24),$D$25,$E$25),$D$26,$E$26),$D$27,$E$27),$D$28,$E$28),$D$29,$E$29),$D$30,$E$30),$D$31,$E$31),$D$32,$E$32),$D$33,$E$33) -> veryfine to fine | I19: =SUBSTITUTE(H19, "veryfine", "very fine") -> very fine to fine | J19: =SUBSTITUTE(SUBSTITUTE(SUBSTITUTE(SUBSTITUTE(SUBSTITUTE(SUBSTITUTE(SUBSTITUTE(SUBSTITUTE(SUBSTITUTE(SUBSTITUTE(SUBSTITUTE(SUBSTITUTE(SUBSTITUTE(SUBSTITUTE(SUBSTITUTE(SUBSTITUTE(SUBSTITUTE(SUBSTITUTE(SUBSTITUTE(SUBSTITUTE(SUBSTITUTE(SUBSTITUTE(SUBSTITUTE(SUBSTITUTE(SUBSTITUTE(SUBSTITUTE(SUBSTITUTE(SUBSTITUTE(SUBSTITUTE(SUBSTITUTE(SUBSTITUTE('Input Sheet'!G21,$D$3,$E$3),$D$4,$E$4),$D$5,$E$5),$D$6,$E$6),$D$7,$E$7),$D$8,$E$8),$D$9,$E$9),$D$10,$E$10),$D$11,$E$11),$D$12,$E$12),$D$13,$E$13),$D$14,$E$14),$D$15,$E$15),$D$16,$E$16),$D$17,$E$17),$D$18,$E$18),$D$19,$E$19),$D$20,$E$20),$D$21,$E$21),$D$22,$E$22),$D$23,$E$23),$D$24,$E$24),$D$25,$E$25),$D$26,$E$26),$D$27,$E$27),$D$28,$E$28),$D$29,$E$29),$D$30,$E$30),$D$31,$E$31),$D$32,$E$32),$D$33,$E$33) -> moderately bright | K19: =IF('Input Sheet'!F21=0, "NO",CONCATENATE('Input Sheet'!F21, IF('Input Sheet'!F21>0,"% ",""))) -> 30% | L19: =SUBSTITUTE(SUBSTITUTE(SUBSTITUTE(SUBSTITUTE(SUBSTITUTE(SUBSTITUTE(SUBSTITUTE(SUBSTITUTE(SUBSTITUTE(SUBSTITUTE(SUBSTITUTE(SUBSTITUTE(SUBSTITUTE(SUBSTITUTE(SUBSTITUTE(SUBSTITUTE(SUBSTITUTE(SUBSTITUTE(SUBSTITUTE(SUBSTITUTE(SUBSTITUTE(SUBSTITUTE(SUBSTITUTE(SUBSTITUTE(SUBSTITUTE(SUBSTITUTE(SUBSTITUTE(SUBSTITUTE(SUBSTITUTE(SUBSTITUTE(SUBSTITUTE('Input Sheet'!J21,$D$3,$E$3),$D$4,$E$4),$D$5,$E$5),$D$6,$E$6),$D$7,$E$7),$D$8,$E$8),$D$9,$E$9),$D$10,$E$10),$D$11,$E$11),$D$12,$E$12),$D$13,$E$13),$D$14,$E$14),$D$15,$E$15),$D$16,$E$16),$D$17,$E$17),$D$18,$E$18),$D$19,$E$19),$D$20,$E$20),$D$21,$E$21),$D$22,$E$22),$D$23,$E$23),$D$24,$E$24),$D$25,$E$25),$D$26,$E$26),$D$27,$E$27),$D$28,$E$28),$D$29,$E$29),$D$30,$E$30),$D$31,$E$31),$D$32,$E$32),$D$33,$E$33) | M19: =CONCATENATE(L19, IF('Input Sheet'!J21="",""," siderite in ")) | N19: =SUBSTITUTE(SUBSTITUTE(SUBSTITUTE(SUBSTITUTE(SUBSTITUTE(SUBSTITUTE(SUBSTITUTE(SUBSTITUTE(SUBSTITUTE(SUBSTITUTE(SUBSTITUTE(SUBSTITUTE(SUBSTITUTE(SUBSTITUTE(SUBSTITUTE(SUBSTITUTE(SUBSTITUTE(SUBSTITUTE(SUBSTITUTE(SUBSTITUTE(SUBSTITUTE(SUBSTITUTE(SUBSTITUTE(SUBSTITUTE(SUBSTITUTE(SUBSTITUTE(SUBSTITUTE(SUBSTITUTE(SUBSTITUTE(SUBSTITUTE(SUBSTITUTE('Input Sheet'!K21,$D$3,$E$3),$D$4,$E$4),$D$5,$E$5),$D$6,$E$6),$D$7,$E$7),$D$8,$E$8),$D$9,$E$9),$D$10,$E$10),$D$11,$E$11),$D$12,$E$12),$D$13,$E$13),$D$14,$E$14),$D$15,$E$15),$D$16,$E$16),$D$17,$E$17),$D$18,$E$18),$D$19,$E$19),$D$20,$E$20),$D$21,$E$21),$D$22,$E$22),$D$23,$E$23),$D$24,$E$24),$D$25,$E$25),$D$26,$E$26),$D$27,$E$27),$D$28,$E$28),$D$29,$E$29),$D$30,$E$30),$D$31,$E$31),$D$32,$E$32),$D$33,$E$33) | O19: =CONCATENATE(N19, IF('Input Sheet'!K21="",""," siderite in "))
A20: =IF('Input Sheet'!C22="","",CONCATENATE("Sample ", 'Input Sheet'!B22, "m: ", M20, G20, "% ", "Siltstone, ", O20, 'Input Sheet'!C22, "% ", I20, " Sandstone, ", K20, J20, " FLUOR in SST. ", "TG ", 'Input Sheet'!I22, "U")) -> Sample 1655m: 70% Siltstone, 30% very fine to fine Sandstone, 60% moderately bright FLUOR in SST. TG 24U | B20: =IF('Input Sheet'!C22="","",CONCATENATE("Sample ", 'Input Sheet'!B22, "m: ", N20, H20, "% ", "Siltstone, ", P20, 'Input Sheet'!C22, "% ", J20, " Sandstone ")) -> Sample 1655m: veryfine to fine% Siltstone, 30% moderately bright Sandstone | C20: =IF('Input Sheet'!C22="","",CONCATENATE("Sample ", 'Input Sheet'!B22, "m: ", M20,, K20, J20, " FLUOR in SST. ", "TG ", 'Input Sheet'!I22, "U")) -> Sample 1655m: 60% moderately bright FLUOR in SST. TG 24U | G20: =IF('Input Sheet'!C22="","",100-'Input Sheet'!C22) -> 70 | H20: =SUBSTITUTE(SUBSTITUTE(SUBSTITUTE(SUBSTITUTE(SUBSTITUTE(SUBSTITUTE(SUBSTITUTE(SUBSTITUTE(SUBSTITUTE(SUBSTITUTE(SUBSTITUTE(SUBSTITUTE(SUBSTITUTE(SUBSTITUTE(SUBSTITUTE(SUBSTITUTE(SUBSTITUTE(SUBSTITUTE(SUBSTITUTE(SUBSTITUTE(SUBSTITUTE(SUBSTITUTE(SUBSTITUTE(SUBSTITUTE(SUBSTITUTE(SUBSTITUTE(SUBSTITUTE(SUBSTITUTE(SUBSTITUTE(SUBSTITUTE(SUBSTITUTE('Input Sheet'!D22,$D$3,$E$3),$D$4,$E$4),$D$5,$E$5),$D$6,$E$6),$D$7,$E$7),$D$8,$E$8),$D$9,$E$9),$D$10,$E$10),$D$11,$E$11),$D$12,$E$12),$D$13,$E$13),$D$14,$E$14),$D$15,$E$15),$D$16,$E$16),$D$17,$E$17),$D$18,$E$18),$D$19,$E$19),$D$20,$E$20),$D$21,$E$21),$D$22,$E$22),$D$23,$E$23),$D$24,$E$24),$D$25,$E$25),$D$26,$E$26),$D$27,$E$27),$D$28,$E$28),$D$29,$E$29),$D$30,$E$30),$D$31,$E$31),$D$32,$E$32),$D$33,$E$33) -> veryfine to fine | I20: =SUBSTITUTE(H20, "veryfine", "very fine") -> very fine to fine | J20: =SUBSTITUTE(SUBSTITUTE(SUBSTITUTE(SUBSTITUTE(SUBSTITUTE(SUBSTITUTE(SUBSTITUTE(SUBSTITUTE(SUBSTITUTE(SUBSTITUTE(SUBSTITUTE(SUBSTITUTE(SUBSTITUTE(SUBSTITUTE(SUBSTITUTE(SUBSTITUTE(SUBSTITUTE(SUBSTITUTE(SUBSTITUTE(SUBSTITUTE(SUBSTITUTE(SUBSTITUTE(SUBSTITUTE(SUBSTITUTE(SUBSTITUTE(SUBSTITUTE(SUBSTITUTE(SUBSTITUTE(SUBSTITUTE(SUBSTITUTE(SUBSTITUTE('Input Sheet'!G22,$D$3,$E$3),$D$4,$E$4),$D$5,$E$5),$D$6,$E$6),$D$7,$E$7),$D$8,$E$8),$D$9,$E$9),$D$10,$E$10),$D$11,$E$11),$D$12,$E$12),$D$13,$E$13),$D$14,$E$14),$D$15,$E$15),$D$16,$E$16),$D$17,$E$17),$D$18,$E$18),$D$19,$E$19),$D$20,$E$20),$D$21,$E$21),$D$22,$E$22),$D$23,$E$23),$D$24,$E$24),$D$25,$E$25),$D$26,$E$26),$D$27,$E$27),$D$28,$E$28),$D$29,$E$29),$D$30,$E$30),$D$31,$E$31),$D$32,$E$32),$D$33,$E$33) -> moderately bright | K20: =IF('Input Sheet'!F22=0, "NO",CONCATENATE('Input Sheet'!F22, IF('Input Sheet'!F22>0,"% ",""))) -> 60% | L20: =SUBSTITUTE(SUBSTITUTE(SUBSTITUTE(SUBSTITUTE(SUBSTITUTE(SUBSTITUTE(SUBSTITUTE(SUBSTITUTE(SUBSTITUTE(SUBSTITUTE(SUBSTITUTE(SUBSTITUTE(SUBSTITUTE(SUBSTITUTE(SUBSTITUTE(SUBSTITUTE(SUBSTITUTE(SUBSTITUTE(SUBSTITUTE(SUBSTITUTE(SUBSTITUTE(SUBSTITUTE(SUBSTITUTE(SUBSTITUTE(SUBSTITUTE(SUBSTITUTE(SUBSTITUTE(SUBSTITUTE(SUBSTITUTE(SUBSTITUTE(SUBSTITUTE('Input Sheet'!J22,$D$3,$E$3),$D$4,$E$4),$D$5,$E$5),$D$6,$E$6),$D$7,$E$7),$D$8,$E$8),$D$9,$E$9),$D$10,$E$10),$D$11,$E$11),$D$12,$E$12),$D$13,$E$13),$D$14,$E$14),$D$15,$E$15),$D$16,$E$16),$D$17,$E$17),$D$18,$E$18),$D$19,$E$19),$D$20,$E$20),$D$21,$E$21),$D$22,$E$22),$D$23,$E$23),$D$24,$E$24),$D$25,$E$25),$D$26,$E$26),$D$27,$E$27),$D$28,$E$28),$D$29,$E$29),$D$30,$E$30),$D$31,$E$31),$D$32,$E$32),$D$33,$E$33) | M20: =CONCATENATE(L20, IF('Input Sheet'!J22="",""," siderite in ")) | N20: =SUBSTITUTE(SUBSTITUTE(SUBSTITUTE(SUBSTITUTE(SUBSTITUTE(SUBSTITUTE(SUBSTITUTE(SUBSTITUTE(SUBSTITUTE(SUBSTITUTE(SUBSTITUTE(SUBSTITUTE(SUBSTITUTE(SUBSTITUTE(SUBSTITUTE(SUBSTITUTE(SUBSTITUTE(SUBSTITUTE(SUBSTITUTE(SUBSTITUTE(SUBSTITUTE(SUBSTITUTE(SUBSTITUTE(SUBSTITUTE(SUBSTITUTE(SUBSTITUTE(SUBSTITUTE(SUBSTITUTE(SUBSTITUTE(SUBSTITUTE(SUBSTITUTE('Input Sheet'!K22,$D$3,$E$3),$D$4,$E$4),$D$5,$E$5),$D$6,$E$6),$D$7,$E$7),$D$8,$E$8),$D$9,$E$9),$D$10,$E$10),$D$11,$E$11),$D$12,$E$12),$D$13,$E$13),$D$14,$E$14),$D$15,$E$15),$D$16,$E$16),$D$17,$E$17),$D$18,$E$18),$D$19,$E$19),$D$20,$E$20),$D$21,$E$21),$D$22,$E$22),$D$23,$E$23),$D$24,$E$24),$D$25,$E$25),$D$26,$E$26),$D$27,$E$27),$D$28,$E$28),$D$29,$E$29),$D$30,$E$30),$D$31,$E$31),$D$32,$E$32),$D$33,$E$33) | O20: =CONCATENATE(N20, IF('Input Sheet'!K22="",""," siderite in "))
A21: =IF('Input Sheet'!C23="","",CONCATENATE("Sample ", 'Input Sheet'!B23, "m: ", M21, G21, "% ", "Siltstone, ", O21, 'Input Sheet'!C23, "% ", I21, " Sandstone, ", K21, J21, " FLUOR in SST. ", "TG ", 'Input Sheet'!I23, "U")) -> Sample 1660m: 60% Siltstone, 40% very fine to fine Sandstone, 60% moderately bright FLUOR in SST. TG 28U | B21: =IF('Input Sheet'!C23="","",CONCATENATE("Sample ", 'Input Sheet'!B23, "m: ", N21, H21, "% ", "Siltstone, ", P21, 'Input Sheet'!C23, "% ", J21, " Sandstone ")) -> Sample 1660m: veryfine to fine% Siltstone, 40% moderately bright Sandstone | C21: =IF('Input Sheet'!C23="","",CONCATENATE("Sample ", 'Input Sheet'!B23, "m: ", M21,, K21, J21, " FLUOR in SST. ", "TG ", 'Input Sheet'!I23, "U")) -> Sample 1660m: 60% moderately bright FLUOR in SST. TG 28U | G21: =IF('Input Sheet'!C23="","",100-'Input Sheet'!C23) -> 60 | H21: =SUBSTITUTE(SUBSTITUTE(SUBSTITUTE(SUBSTITUTE(SUBSTITUTE(SUBSTITUTE(SUBSTITUTE(SUBSTITUTE(SUBSTITUTE(SUBSTITUTE(SUBSTITUTE(SUBSTITUTE(SUBSTITUTE(SUBSTITUTE(SUBSTITUTE(SUBSTITUTE(SUBSTITUTE(SUBSTITUTE(SUBSTITUTE(SUBSTITUTE(SUBSTITUTE(SUBSTITUTE(SUBSTITUTE(SUBSTITUTE(SUBSTITUTE(SUBSTITUTE(SUBSTITUTE(SUBSTITUTE(SUBSTITUTE(SUBSTITUTE(SUBSTITUTE('Input Sheet'!D23,$D$3,$E$3),$D$4,$E$4),$D$5,$E$5),$D$6,$E$6),$D$7,$E$7),$D$8,$E$8),$D$9,$E$9),$D$10,$E$10),$D$11,$E$11),$D$12,$E$12),$D$13,$E$13),$D$14,$E$14),$D$15,$E$15),$D$16,$E$16),$D$17,$E$17),$D$18,$E$18),$D$19,$E$19),$D$20,$E$20),$D$21,$E$21),$D$22,$E$22),$D$23,$E$23),$D$24,$E$24),$D$25,$E$25),$D$26,$E$26),$D$27,$E$27),$D$28,$E$28),$D$29,$E$29),$D$30,$E$30),$D$31,$E$31),$D$32,$E$32),$D$33,$E$33) -> veryfine to fine | I21: =SUBSTITUTE(H21, "veryfine", "very fine") -> very fine to fine | J21: =SUBSTITUTE(SUBSTITUTE(SUBSTITUTE(SUBSTITUTE(SUBSTITUTE(SUBSTITUTE(SUBSTITUTE(SUBSTITUTE(SUBSTITUTE(SUBSTITUTE(SUBSTITUTE(SUBSTITUTE(SUBSTITUTE(SUBSTITUTE(SUBSTITUTE(SUBSTITUTE(SUBSTITUTE(SUBSTITUTE(SUBSTITUTE(SUBSTITUTE(SUBSTITUTE(SUBSTITUTE(SUBSTITUTE(SUBSTITUTE(SUBSTITUTE(SUBSTITUTE(SUBSTITUTE(SUBSTITUTE(SUBSTITUTE(SUBSTITUTE(SUBSTITUTE('Input Sheet'!G23,$D$3,$E$3),$D$4,$E$4),$D$5,$E$5),$D$6,$E$6),$D$7,$E$7),$D$8,$E$8),$D$9,$E$9),$D$10,$E$10),$D$11,$E$11),$D$12,$E$12),$D$13,$E$13),$D$14,$E$14),$D$15,$E$15),$D$16,$E$16),$D$17,$E$17),$D$18,$E$18),$D$19,$E$19),$D$20,$E$20),$D$21,$E$21),$D$22,$E$22),$D$23,$E$23),$D$24,$E$24),$D$25,$E$25),$D$26,$E$26),$D$27,$E$27),$D$28,$E$28),$D$29,$E$29),$D$30,$E$30),$D$31,$E$31),$D$32,$E$32),$D$33,$E$33) -> moderately bright | K21: =IF('Input Sheet'!F22=0, "NO",CONCATENATE('Input Sheet'!F22, IF('Input Sheet'!F22>0,"% ",""))) -> 60% | L21: =SUBSTITUTE(SUBSTITUTE(SUBSTITUTE(SUBSTITUTE(SUBSTITUTE(SUBSTITUTE(SUBSTITUTE(SUBSTITUTE(SUBSTITUTE(SUBSTITUTE(SUBSTITUTE(SUBSTITUTE(SUBSTITUTE(SUBSTITUTE(SUBSTITUTE(SUBSTITUTE(SUBSTITUTE(SUBSTITUTE(SUBSTITUTE(SUBSTITUTE(SUBSTITUTE(SUBSTITUTE(SUBSTITUTE(SUBSTITUTE(SUBSTITUTE(SUBSTITUTE(SUBSTITUTE(SUBSTITUTE(SUBSTITUTE(SUBSTITUTE(SUBSTITUTE('Input Sheet'!J23,$D$3,$E$3),$D$4,$E$4),$D$5,$E$5),$D$6,$E$6),$D$7,$E$7),$D$8,$E$8),$D$9,$E$9),$D$10,$E$10),$D$11,$E$11),$D$12,$E$12),$D$13,$E$13),$D$14,$E$14),$D$15,$E$15),$D$16,$E$16),$D$17,$E$17),$D$18,$E$18),$D$19,$E$19),$D$20,$E$20),$D$21,$E$21),$D$22,$E$22),$D$23,$E$23),$D$24,$E$24),$D$25,$E$25),$D$26,$E$26),$D$27,$E$27),$D$28,$E$28),$D$29,$E$29),$D$30,$E$30),$D$31,$E$31),$D$32,$E$32),$D$33,$E$33) | M21: =CONCATENATE(L21, IF('Input Sheet'!J23="",""," siderite in ")) | N21: =SUBSTITUTE(SUBSTITUTE(SUBSTITUTE(SUBSTITUTE(SUBSTITUTE(SUBSTITUTE(SUBSTITUTE(SUBSTITUTE(SUBSTITUTE(SUBSTITUTE(SUBSTITUTE(SUBSTITUTE(SUBSTITUTE(SUBSTITUTE(SUBSTITUTE(SUBSTITUTE(SUBSTITUTE(SUBSTITUTE(SUBSTITUTE(SUBSTITUTE(SUBSTITUTE(SUBSTITUTE(SUBSTITUTE(SUBSTITUTE(SUBSTITUTE(SUBSTITUTE(SUBSTITUTE(SUBSTITUTE(SUBSTITUTE(SUBSTITUTE(SUBSTITUTE('Input Sheet'!K23,$D$3,$E$3),$D$4,$E$4),$D$5,$E$5),$D$6,$E$6),$D$7,$E$7),$D$8,$E$8),$D$9,$E$9),$D$10,$E$10),$D$11,$E$11),$D$12,$E$12),$D$13,$E$13),$D$14,$E$14),$D$15,$E$15),$D$16,$E$16),$D$17,$E$17),$D$18,$E$18),$D$19,$E$19),$D$20,$E$20),$D$21,$E$21),$D$22,$E$22),$D$23,$E$23),$D$24,$E$24),$D$25,$E$25),$D$26,$E$26),$D$27,$E$27),$D$28,$E$28),$D$29,$E$29),$D$30,$E$30),$D$31,$E$31),$D$32,$E$32),$D$33,$E$33) | O21: =CONCATENATE(N21, IF('Input Sheet'!K23="",""," siderite in "))
A22: =IF('Input Sheet'!C24="","",CONCATENATE("Sample ", 'Input Sheet'!B24, "m: ", M22, G22, "% ", "Siltstone, ", O22, 'Input Sheet'!C24, "% ", I22, " Sandstone, ", K22, J22, " FLUOR in SST. ", "TG ", 'Input Sheet'!I24, "U")) -> Sample 1665m: 60% Siltstone, 40% fine to medium Sandstone, 60% moderately bright FLUOR in SST. TG 24U | B22: =IF('Input Sheet'!C24="","",CONCATENATE("Sample ", 'Input Sheet'!B24, "m: ", N22, H22, "% ", "Siltstone, ", P22, 'Input Sheet'!C24, "% ", J22, " Sandstone ")) -> Sample 1665m: fine to medium% Siltstone, 40% moderately bright Sandstone | C22: =IF('Input Sheet'!C24="","",CONCATENATE("Sample ", 'Input Sheet'!B24, "m: ", M22,, K22, J22, " FLUOR in SST. ", "TG ", 'Input Sheet'!I24, "U")) -> Sample 1665m: 60% moderately bright FLUOR in SST. TG 24U | G22: =IF('Input Sheet'!C24="","",100-'Input Sheet'!C24) -> 60 | H22: =SUBSTITUTE(SUBSTITUTE(SUBSTITUTE(SUBSTITUTE(SUBSTITUTE(SUBSTITUTE(SUBSTITUTE(SUBSTITUTE(SUBSTITUTE(SUBSTITUTE(SUBSTITUTE(SUBSTITUTE(SUBSTITUTE(SUBSTITUTE(SUBSTITUTE(SUBSTITUTE(SUBSTITUTE(SUBSTITUTE(SUBSTITUTE(SUBSTITUTE(SUBSTITUTE(SUBSTITUTE(SUBSTITUTE(SUBSTITUTE(SUBSTITUTE(SUBSTITUTE(SUBSTITUTE(SUBSTITUTE(SUBSTITUTE(SUBSTITUTE(SUBSTITUTE('Input Sheet'!D24,$D$3,$E$3),$D$4,$E$4),$D$5,$E$5),$D$6,$E$6),$D$7,$E$7),$D$8,$E$8),$D$9,$E$9),$D$10,$E$10),$D$11,$E$11),$D$12,$E$12),$D$13,$E$13),$D$14,$E$14),$D$15,$E$15),$D$16,$E$16),$D$17,$E$17),$D$18,$E$18),$D$19,$E$19),$D$20,$E$20),$D$21,$E$21),$D$22,$E$22),$D$23,$E$23),$D$24,$E$24),$D$25,$E$25),$D$26,$E$26),$D$27,$E$27),$D$28,$E$28),$D$29,$E$29),$D$30,$E$30),$D$31,$E$31),$D$32,$E$32),$D$33,$E$33) -> fine to medium | I22: =SUBSTITUTE(H22, "veryfine", "very fine") -> fine to medium | J22: =SUBSTITUTE(SUBSTITUTE(SUBSTITUTE(SUBSTITUTE(SUBSTITUTE(SUBSTITUTE(SUBSTITUTE(SUBSTITUTE(SUBSTITUTE(SUBSTITUTE(SUBSTITUTE(SUBSTITUTE(SUBSTITUTE(SUBSTITUTE(SUBSTITUTE(SUBSTITUTE(SUBSTITUTE(SUBSTITUTE(SUBSTITUTE(SUBSTITUTE(SUBSTITUTE(SUBSTITUTE(SUBSTITUTE(SUBSTITUTE(SUBSTITUTE(SUBSTITUTE(SUBSTITUTE(SUBSTITUTE(SUBSTITUTE(SUBSTITUTE(SUBSTITUTE('Input Sheet'!G24,$D$3,$E$3),$D$4,$E$4),$D$5,$E$5),$D$6,$E$6),$D$7,$E$7),$D$8,$E$8),$D$9,$E$9),$D$10,$E$10),$D$11,$E$11),$D$12,$E$12),$D$13,$E$13),$D$14,$E$14),$D$15,$E$15),$D$16,$E$16),$D$17,$E$17),$D$18,$E$18),$D$19,$E$19),$D$20,$E$20),$D$21,$E$21),$D$22,$E$22),$D$23,$E$23),$D$24,$E$24),$D$25,$E$25),$D$26,$E$26),$D$27,$E$27),$D$28,$E$28),$D$29,$E$29),$D$30,$E$30),$D$31,$E$31),$D$32,$E$32),$D$33,$E$33) -> moderately bright | K22: =IF('Input Sheet'!F23=0, "NO",CONCATENATE('Input Sheet'!F23, IF('Input Sheet'!F23>0,"% ",""))) -> 60% | L22: =SUBSTITUTE(SUBSTITUTE(SUBSTITUTE(SUBSTITUTE(SUBSTITUTE(SUBSTITUTE(SUBSTITUTE(SUBSTITUTE(SUBSTITUTE(SUBSTITUTE(SUBSTITUTE(SUBSTITUTE(SUBSTITUTE(SUBSTITUTE(SUBSTITUTE(SUBSTITUTE(SUBSTITUTE(SUBSTITUTE(SUBSTITUTE(SUBSTITUTE(SUBSTITUTE(SUBSTITUTE(SUBSTITUTE(SUBSTITUTE(SUBSTITUTE(SUBSTITUTE(SUBSTITUTE(SUBSTITUTE(SUBSTITUTE(SUBSTITUTE(SUBSTITUTE('Input Sheet'!J24,$D$3,$E$3),$D$4,$E$4),$D$5,$E$5),$D$6,$E$6),$D$7,$E$7),$D$8,$E$8),$D$9,$E$9),$D$10,$E$10),$D$11,$E$11),$D$12,$E$12),$D$13,$E$13),$D$14,$E$14),$D$15,$E$15),$D$16,$E$16),$D$17,$E$17),$D$18,$E$18),$D$19,$E$19),$D$20,$E$20),$D$21,$E$21),$D$22,$E$22),$D$23,$E$23),$D$24,$E$24),$D$25,$E$25),$D$26,$E$26),$D$27,$E$27),$D$28,$E$28),$D$29,$E$29),$D$30,$E$30),$D$31,$E$31),$D$32,$E$32),$D$33,$E$33) | M22: =CONCATENATE(L22, IF('Input Sheet'!J24="",""," siderite in ")) | N22: =SUBSTITUTE(SUBSTITUTE(SUBSTITUTE(SUBSTITUTE(SUBSTITUTE(SUBSTITUTE(SUBSTITUTE(SUBSTITUTE(SUBSTITUTE(SUBSTITUTE(SUBSTITUTE(SUBSTITUTE(SUBSTITUTE(SUBSTITUTE(SUBSTITUTE(SUBSTITUTE(SUBSTITUTE(SUBSTITUTE(SUBSTITUTE(SUBSTITUTE(SUBSTITUTE(SUBSTITUTE(SUBSTITUTE(SUBSTITUTE(SUBSTITUTE(SUBSTITUTE(SUBSTITUTE(SUBSTITUTE(SUBSTITUTE(SUBSTITUTE(SUBSTITUTE('Input Sheet'!K24,$D$3,$E$3),$D$4,$E$4),$D$5,$E$5),$D$6,$E$6),$D$7,$E$7),$D$8,$E$8),$D$9,$E$9),$D$10,$E$10),$D$11,$E$11),$D$12,$E$12),$D$13,$E$13),$D$14,$E$14),$D$15,$E$15),$D$16,$E$16),$D$17,$E$17),$D$18,$E$18),$D$19,$E$19),$D$20,$E$20),$D$21,$E$21),$D$22,$E$22),$D$23,$E$23),$D$24,$E$24),$D$25,$E$25),$D$26,$E$26),$D$27,$E$27),$D$28,$E$28),$D$29,$E$29),$D$30,$E$30),$D$31,$E$31),$D$32,$E$32),$D$33,$E$33) | O22: =CONCATENATE(N22, IF('Input Sheet'!K24="",""," siderite in "))
A23: =IF('Input Sheet'!C25="","",CONCATENATE("Sample ", 'Input Sheet'!B25, "m: ", M23, G23, "% ", "Siltstone, ", O23, 'Input Sheet'!C25, "% ", I23, " Sandstone, ", K23, J23, " FLUOR in SST. ", "TG ", 'Input Sheet'!I25, "U")) -> Sample 1670m: 50% Siltstone, 50% fine to medium Sandstone, 60% moderately bright FLUOR in SST. TG 18U | B23: =IF('Input Sheet'!C25="","",CONCATENATE("Sample ", 'Input Sheet'!B25, "m: ", N23, H23, "% ", "Siltstone, ", P23, 'Input Sheet'!C25, "% ", J23, " Sandstone ")) -> Sample 1670m: fine to medium% Siltstone, 50% moderately bright Sandstone | C23: =IF('Input Sheet'!C25="","",CONCATENATE("Sample ", 'Input Sheet'!B25, "m: ", M23,, K23, J23, " FLUOR in SST. ", "TG ", 'Input Sheet'!I25, "U")) -> Sample 1670m: 60% moderately bright FLUOR in SST. TG 18U | G23: =IF('Input Sheet'!C25="","",100-'Input Sheet'!C25) -> 50 | H23: =SUBSTITUTE(SUBSTITUTE(SUBSTITUTE(SUBSTITUTE(SUBSTITUTE(SUBSTITUTE(SUBSTITUTE(SUBSTITUTE(SUBSTITUTE(SUBSTITUTE(SUBSTITUTE(SUBSTITUTE(SUBSTITUTE(SUBSTITUTE(SUBSTITUTE(SUBSTITUTE(SUBSTITUTE(SUBSTITUTE(SUBSTITUTE(SUBSTITUTE(SUBSTITUTE(SUBSTITUTE(SUBSTITUTE(SUBSTITUTE(SUBSTITUTE(SUBSTITUTE(SUBSTITUTE(SUBSTITUTE(SUBSTITUTE(SUBSTITUTE(SUBSTITUTE('Input Sheet'!D25,$D$3,$E$3),$D$4,$E$4),$D$5,$E$5),$D$6,$E$6),$D$7,$E$7),$D$8,$E$8),$D$9,$E$9),$D$10,$E$10),$D$11,$E$11),$D$12,$E$12),$D$13,$E$13),$D$14,$E$14),$D$15,$E$15),$D$16,$E$16),$D$17,$E$17),$D$18,$E$18),$D$19,$E$19),$D$20,$E$20),$D$21,$E$21),$D$22,$E$22),$D$23,$E$23),$D$24,$E$24),$D$25,$E$25),$D$26,$E$26),$D$27,$E$27),$D$28,$E$28),$D$29,$E$29),$D$30,$E$30),$D$31,$E$31),$D$32,$E$32),$D$33,$E$33) -> fine to medium | I23: =SUBSTITUTE(H23, "veryfine", "very fine") -> fine to medium | J23: =SUBSTITUTE(SUBSTITUTE(SUBSTITUTE(SUBSTITUTE(SUBSTITUTE(SUBSTITUTE(SUBSTITUTE(SUBSTITUTE(SUBSTITUTE(SUBSTITUTE(SUBSTITUTE(SUBSTITUTE(SUBSTITUTE(SUBSTITUTE(SUBSTITUTE(SUBSTITUTE(SUBSTITUTE(SUBSTITUTE(SUBSTITUTE(SUBSTITUTE(SUBSTITUTE(SUBSTITUTE(SUBSTITUTE(SUBSTITUTE(SUBSTITUTE(SUBSTITUTE(SUBSTITUTE(SUBSTITUTE(SUBSTITUTE(SUBSTITUTE(SUBSTITUTE('Input Sheet'!G25,$D$3,$E$3),$D$4,$E$4),$D$5,$E$5),$D$6,$E$6),$D$7,$E$7),$D$8,$E$8),$D$9,$E$9),$D$10,$E$10),$D$11,$E$11),$D$12,$E$12),$D$13,$E$13),$D$14,$E$14),$D$15,$E$15),$D$16,$E$16),$D$17,$E$17),$D$18,$E$18),$D$19,$E$19),$D$20,$E$20),$D$21,$E$21),$D$22,$E$22),$D$23,$E$23),$D$24,$E$24),$D$25,$E$25),$D$26,$E$26),$D$27,$E$27),$D$28,$E$28),$D$29,$E$29),$D$30,$E$30),$D$31,$E$31),$D$32,$E$32),$D$33,$E$33) -> moderately bright | K23: =IF('Input Sheet'!F24=0, "NO",CONCATENATE('Input Sheet'!F24, IF('Input Sheet'!F24>0,"% ",""))) -> 60% | L23: =SUBSTITUTE(SUBSTITUTE(SUBSTITUTE(SUBSTITUTE(SUBSTITUTE(SUBSTITUTE(SUBSTITUTE(SUBSTITUTE(SUBSTITUTE(SUBSTITUTE(SUBSTITUTE(SUBSTITUTE(SUBSTITUTE(SUBSTITUTE(SUBSTITUTE(SUBSTITUTE(SUBSTITUTE(SUBSTITUTE(SUBSTITUTE(SUBSTITUTE(SUBSTITUTE(SUBSTITUTE(SUBSTITUTE(SUBSTITUTE(SUBSTITUTE(SUBSTITUTE(SUBSTITUTE(SUBSTITUTE(SUBSTITUTE(SUBSTITUTE(SUBSTITUTE('Input Sheet'!J25,$D$3,$E$3),$D$4,$E$4),$D$5,$E$5),$D$6,$E$6),$D$7,$E$7),$D$8,$E$8),$D$9,$E$9),$D$10,$E$10),$D$11,$E$11),$D$12,$E$12),$D$13,$E$13),$D$14,$E$14),$D$15,$E$15),$D$16,$E$16),$D$17,$E$17),$D$18,$E$18),$D$19,$E$19),$D$20,$E$20),$D$21,$E$21),$D$22,$E$22),$D$23,$E$23),$D$24,$E$24),$D$25,$E$25),$D$26,$E$26),$D$27,$E$27),$D$28,$E$28),$D$29,$E$29),$D$30,$E$30),$D$31,$E$31),$D$32,$E$32),$D$33,$E$33) | M23: =CONCATENATE(L23, IF('Input Sheet'!J25="",""," siderite in ")) | N23: =SUBSTITUTE(SUBSTITUTE(SUBSTITUTE(SUBSTITUTE(SUBSTITUTE(SUBSTITUTE(SUBSTITUTE(SUBSTITUTE(SUBSTITUTE(SUBSTITUTE(SUBSTITUTE(SUBSTITUTE(SUBSTITUTE(SUBSTITUTE(SUBSTITUTE(SUBSTITUTE(SUBSTITUTE(SUBSTITUTE(SUBSTITUTE(SUBSTITUTE(SUBSTITUTE(SUBSTITUTE(SUBSTITUTE(SUBSTITUTE(SUBSTITUTE(SUBSTITUTE(SUBSTITUTE(SUBSTITUTE(SUBSTITUTE(SUBSTITUTE(SUBSTITUTE('Input Sheet'!K25,$D$3,$E$3),$D$4,$E$4),$D$5,$E$5),$D$6,$E$6),$D$7,$E$7),$D$8,$E$8),$D$9,$E$9),$D$10,$E$10),$D$11,$E$11),$D$12,$E$12),$D$13,$E$13),$D$14,$E$14),$D$15,$E$15),$D$16,$E$16),$D$17,$E$17),$D$18,$E$18),$D$19,$E$19),$D$20,$E$20),$D$21,$E$21),$D$22,$E$22),$D$23,$E$23),$D$24,$E$24),$D$25,$E$25),$D$26,$E$26),$D$27,$E$27),$D$28,$E$28),$D$29,$E$29),$D$30,$E$30),$D$31,$E$31),$D$32,$E$32),$D$33,$E$33) | O23: =CONCATENATE(N23, IF('Input Sheet'!K25="",""," siderite in "))
A24: =IF('Input Sheet'!C26="","",CONCATENATE("Sample ", 'Input Sheet'!B26, "m: ", M24, G24, "% ", "Siltstone, ", O24, 'Input Sheet'!C26, "% ", I24, " Sandstone, ", K24, J24, " FLUOR in SST. ", "TG ", 'Input Sheet'!I26, "U")) -> Sample 1675m: 65% Siltstone, 35% fine to medium Sandstone, 40% moderately bright FLUOR in SST. TG 16U | B24: =IF('Input Sheet'!C26="","",CONCATENATE("Sample ", 'Input Sheet'!B26, "m: ", N24, H24, "% ", "Siltstone, ", P24, 'Input Sheet'!C26, "% ", J24, " Sandstone ")) -> Sample 1675m: fine to medium% Siltstone, 35% moderately bright Sandstone | C24: =IF('Input Sheet'!C26="","",CONCATENATE("Sample ", 'Input Sheet'!B26, "m: ", M24,, K24, J24, " FLUOR in SST. ", "TG ", 'Input Sheet'!I26, "U")) -> Sample 1675m: 40% moderately bright FLUOR in SST. TG 16U | G24: =IF('Input Sheet'!C26="","",100-'Input Sheet'!C26) -> 65 | H24: =SUBSTITUTE(SUBSTITUTE(SUBSTITUTE(SUBSTITUTE(SUBSTITUTE(SUBSTITUTE(SUBSTITUTE(SUBSTITUTE(SUBSTITUTE(SUBSTITUTE(SUBSTITUTE(SUBSTITUTE(SUBSTITUTE(SUBSTITUTE(SUBSTITUTE(SUBSTITUTE(SUBSTITUTE(SUBSTITUTE(SUBSTITUTE(SUBSTITUTE(SUBSTITUTE(SUBSTITUTE(SUBSTITUTE(SUBSTITUTE(SUBSTITUTE(SUBSTITUTE(SUBSTITUTE(SUBSTITUTE(SUBSTITUTE(SUBSTITUTE(SUBSTITUTE('Input Sheet'!D26,$D$3,$E$3),$D$4,$E$4),$D$5,$E$5),$D$6,$E$6),$D$7,$E$7),$D$8,$E$8),$D$9,$E$9),$D$10,$E$10),$D$11,$E$11),$D$12,$E$12),$D$13,$E$13),$D$14,$E$14),$D$15,$E$15),$D$16,$E$16),$D$17,$E$17),$D$18,$E$18),$D$19,$E$19),$D$20,$E$20),$D$21,$E$21),$D$22,$E$22),$D$23,$E$23),$D$24,$E$24),$D$25,$E$25),$D$26,$E$26),$D$27,$E$27),$D$28,$E$28),$D$29,$E$29),$D$30,$E$30),$D$31,$E$31),$D$32,$E$32),$D$33,$E$33) -> fine to medium | I24: =SUBSTITUTE(H24, "veryfine", "very fine") -> fine to medium | J24: =SUBSTITUTE(SUBSTITUTE(SUBSTITUTE(SUBSTITUTE(SUBSTITUTE(SUBSTITUTE(SUBSTITUTE(SUBSTITUTE(SUBSTITUTE(SUBSTITUTE(SUBSTITUTE(SUBSTITUTE(SUBSTITUTE(SUBSTITUTE(SUBSTITUTE(SUBSTITUTE(SUBSTITUTE(SUBSTITUTE(SUBSTITUTE(SUBSTITUTE(SUBSTITUTE(SUBSTITUTE(SUBSTITUTE(SUBSTITUTE(SUBSTITUTE(SUBSTITUTE(SUBSTITUTE(SUBSTITUTE(SUBSTITUTE(SUBSTITUTE(SUBSTITUTE('Input Sheet'!G26,$D$3,$E$3),$D$4,$E$4),$D$5,$E$5),$D$6,$E$6),$D$7,$E$7),$D$8,$E$8),$D$9,$E$9),$D$10,$E$10),$D$11,$E$11),$D$12,$E$12),$D$13,$E$13),$D$14,$E$14),$D$15,$E$15),$D$16,$E$16),$D$17,$E$17),$D$18,$E$18),$D$19,$E$19),$D$20,$E$20),$D$21,$E$21),$D$22,$E$22),$D$23,$E$23),$D$24,$E$24),$D$25,$E$25),$D$26,$E$26),$D$27,$E$27),$D$28,$E$28),$D$29,$E$29),$D$30,$E$30),$D$31,$E$31),$D$32,$E$32),$D$33,$E$33) -> moderately bright | K24: =IF('Input Sheet'!F25=0, "NO",CONCATENATE('Input Sheet'!F25, IF('Input Sheet'!F25>0,"% ",""))) -> 40% | L24: =SUBSTITUTE(SUBSTITUTE(SUBSTITUTE(SUBSTITUTE(SUBSTITUTE(SUBSTITUTE(SUBSTITUTE(SUBSTITUTE(SUBSTITUTE(SUBSTITUTE(SUBSTITUTE(SUBSTITUTE(SUBSTITUTE(SUBSTITUTE(SUBSTITUTE(SUBSTITUTE(SUBSTITUTE(SUBSTITUTE(SUBSTITUTE(SUBSTITUTE(SUBSTITUTE(SUBSTITUTE(SUBSTITUTE(SUBSTITUTE(SUBSTITUTE(SUBSTITUTE(SUBSTITUTE(SUBSTITUTE(SUBSTITUTE(SUBSTITUTE(SUBSTITUTE('Input Sheet'!J26,$D$3,$E$3),$D$4,$E$4),$D$5,$E$5),$D$6,$E$6),$D$7,$E$7),$D$8,$E$8),$D$9,$E$9),$D$10,$E$10),$D$11,$E$11),$D$12,$E$12),$D$13,$E$13),$D$14,$E$14),$D$15,$E$15),$D$16,$E$16),$D$17,$E$17),$D$18,$E$18),$D$19,$E$19),$D$20,$E$20),$D$21,$E$21),$D$22,$E$22),$D$23,$E$23),$D$24,$E$24),$D$25,$E$25),$D$26,$E$26),$D$27,$E$27),$D$28,$E$28),$D$29,$E$29),$D$30,$E$30),$D$31,$E$31),$D$32,$E$32),$D$33,$E$33) | M24: =CONCATENATE(L24, IF('Input Sheet'!J26="",""," siderite in ")) | N24: =SUBSTITUTE(SUBSTITUTE(SUBSTITUTE(SUBSTITUTE(SUBSTITUTE(SUBSTITUTE(SUBSTITUTE(SUBSTITUTE(SUBSTITUTE(SUBSTITUTE(SUBSTITUTE(SUBSTITUTE(SUBSTITUTE(SUBSTITUTE(SUBSTITUTE(SUBSTITUTE(SUBSTITUTE(SUBSTITUTE(SUBSTITUTE(SUBSTITUTE(SUBSTITUTE(SUBSTITUTE(SUBSTITUTE(SUBSTITUTE(SUBSTITUTE(SUBSTITUTE(SUBSTITUTE(SUBSTITUTE(SUBSTITUTE(SUBSTITUTE(SUBSTITUTE('Input Sheet'!K26,$D$3,$E$3),$D$4,$E$4),$D$5,$E$5),$D$6,$E$6),$D$7,$E$7),$D$8,$E$8),$D$9,$E$9),$D$10,$E$10),$D$11,$E$11),$D$12,$E$12),$D$13,$E$13),$D$14,$E$14),$D$15,$E$15),$D$16,$E$16),$D$17,$E$17),$D$18,$E$18),$D$19,$E$19),$D$20,$E$20),$D$21,$E$21),$D$22,$E$22),$D$23,$E$23),$D$24,$E$24),$D$25,$E$25),$D$26,$E$26),$D$27,$E$27),$D$28,$E$28),$D$29,$E$29),$D$30,$E$30),$D$31,$E$31),$D$32,$E$32),$D$33,$E$33) | O24: =CONCATENATE(N24, IF('Input Sheet'!K26="",""," siderite in "))
A25: =IF('Input Sheet'!C27="","",CONCATENATE("Sample ", 'Input Sheet'!B27, "m: ", M25, G25, "% ", "Siltstone, ", O25, 'Input Sheet'!C27, "% ", I25, " Sandstone, ", K25, J25, " FLUOR in SST. ", "TG ", 'Input Sheet'!I27, "U")) -> Sample 1680m: 65% Siltstone, 35% fine to medium Sandstone, 45% moderately bright FLUOR in SST. TG 23U | B25: =IF('Input Sheet'!C27="","",CONCATENATE("Sample ", 'Input Sheet'!B27, "m: ", N25, H25, "% ", "Siltstone, ", P25, 'Input Sheet'!C27, "% ", J25, " Sandstone ")) -> Sample 1680m: fine to medium% Siltstone, 35% moderately bright Sandstone | C25: =IF('Input Sheet'!C27="","",CONCATENATE("Sample ", 'Input Sheet'!B27, "m: ", M25,, K25, J25, " FLUOR in SST. ", "TG ", 'Input Sheet'!I27, "U")) -> Sample 1680m: 45% moderately bright FLUOR in SST. TG 23U | G25: =IF('Input Sheet'!C27="","",100-'Input Sheet'!C27) -> 65 | H25: =SUBSTITUTE(SUBSTITUTE(SUBSTITUTE(SUBSTITUTE(SUBSTITUTE(SUBSTITUTE(SUBSTITUTE(SUBSTITUTE(SUBSTITUTE(SUBSTITUTE(SUBSTITUTE(SUBSTITUTE(SUBSTITUTE(SUBSTITUTE(SUBSTITUTE(SUBSTITUTE(SUBSTITUTE(SUBSTITUTE(SUBSTITUTE(SUBSTITUTE(SUBSTITUTE(SUBSTITUTE(SUBSTITUTE(SUBSTITUTE(SUBSTITUTE(SUBSTITUTE(SUBSTITUTE(SUBSTITUTE(SUBSTITUTE(SUBSTITUTE(SUBSTITUTE('Input Sheet'!D27,$D$3,$E$3),$D$4,$E$4),$D$5,$E$5),$D$6,$E$6),$D$7,$E$7),$D$8,$E$8),$D$9,$E$9),$D$10,$E$10),$D$11,$E$11),$D$12,$E$12),$D$13,$E$13),$D$14,$E$14),$D$15,$E$15),$D$16,$E$16),$D$17,$E$17),$D$18,$E$18),$D$19,$E$19),$D$20,$E$20),$D$21,$E$21),$D$22,$E$22),$D$23,$E$23),$D$24,$E$24),$D$25,$E$25),$D$26,$E$26),$D$27,$E$27),$D$28,$E$28),$D$29,$E$29),$D$30,$E$30),$D$31,$E$31),$D$32,$E$32),$D$33,$E$33) -> fine to medium | I25: =SUBSTITUTE(H25, "veryfine", "very fine") -> fine to medium | J25: =SUBSTITUTE(SUBSTITUTE(SUBSTITUTE(SUBSTITUTE(SUBSTITUTE(SUBSTITUTE(SUBSTITUTE(SUBSTITUTE(SUBSTITUTE(SUBSTITUTE(SUBSTITUTE(SUBSTITUTE(SUBSTITUTE(SUBSTITUTE(SUBSTITUTE(SUBSTITUTE(SUBSTITUTE(SUBSTITUTE(SUBSTITUTE(SUBSTITUTE(SUBSTITUTE(SUBSTITUTE(SUBSTITUTE(SUBSTITUTE(SUBSTITUTE(SUBSTITUTE(SUBSTITUTE(SUBSTITUTE(SUBSTITUTE(SUBSTITUTE(SUBSTITUTE('Input Sheet'!G27,$D$3,$E$3),$D$4,$E$4),$D$5,$E$5),$D$6,$E$6),$D$7,$E$7),$D$8,$E$8),$D$9,$E$9),$D$10,$E$10),$D$11,$E$11),$D$12,$E$12),$D$13,$E$13),$D$14,$E$14),$D$15,$E$15),$D$16,$E$16),$D$17,$E$17),$D$18,$E$18),$D$19,$E$19),$D$20,$E$20),$D$21,$E$21),$D$22,$E$22),$D$23,$E$23),$D$24,$E$24),$D$25,$E$25),$D$26,$E$26),$D$27,$E$27),$D$28,$E$28),$D$29,$E$29),$D$30,$E$30),$D$31,$E$31),$D$32,$E$32),$D$33,$E$33) -> moderately bright | K25: =IF('Input Sheet'!F26=0, "NO",CONCATENATE('Input Sheet'!F26, IF('Input Sheet'!F26>0,"% ",""))) -> 45% | L25: =SUBSTITUTE(SUBSTITUTE(SUBSTITUTE(SUBSTITUTE(SUBSTITUTE(SUBSTITUTE(SUBSTITUTE(SUBSTITUTE(SUBSTITUTE(SUBSTITUTE(SUBSTITUTE(SUBSTITUTE(SUBSTITUTE(SUBSTITUTE(SUBSTITUTE(SUBSTITUTE(SUBSTITUTE(SUBSTITUTE(SUBSTITUTE(SUBSTITUTE(SUBSTITUTE(SUBSTITUTE(SUBSTITUTE(SUBSTITUTE(SUBSTITUTE(SUBSTITUTE(SUBSTITUTE(SUBSTITUTE(SUBSTITUTE(SUBSTITUTE(SUBSTITUTE('Input Sheet'!J27,$D$3,$E$3),$D$4,$E$4),$D$5,$E$5),$D$6,$E$6),$D$7,$E$7),$D$8,$E$8),$D$9,$E$9),$D$10,$E$10),$D$11,$E$11),$D$12,$E$12),$D$13,$E$13),$D$14,$E$14),$D$15,$E$15),$D$16,$E$16),$D$17,$E$17),$D$18,$E$18),$D$19,$E$19),$D$20,$E$20),$D$21,$E$21),$D$22,$E$22),$D$23,$E$23),$D$24,$E$24),$D$25,$E$25),$D$26,$E$26),$D$27,$E$27),$D$28,$E$28),$D$29,$E$29),$D$30,$E$30),$D$31,$E$31),$D$32,$E$32),$D$33,$E$33) | M25: =CONCATENATE(L25, IF('Input Sheet'!J27="",""," siderite in ")) | N25: =SUBSTITUTE(SUBSTITUTE(SUBSTITUTE(SUBSTITUTE(SUBSTITUTE(SUBSTITUTE(SUBSTITUTE(SUBSTITUTE(SUBSTITUTE(SUBSTITUTE(SUBSTITUTE(SUBSTITUTE(SUBSTITUTE(SUBSTITUTE(SUBSTITUTE(SUBSTITUTE(SUBSTITUTE(SUBSTITUTE(SUBSTITUTE(SUBSTITUTE(SUBSTITUTE(SUBSTITUTE(SUBSTITUTE(SUBSTITUTE(SUBSTITUTE(SUBSTITUTE(SUBSTITUTE(SUBSTITUTE(SUBSTITUTE(SUBSTITUTE(SUBSTITUTE('Input Sheet'!K27,$D$3,$E$3),$D$4,$E$4),$D$5,$E$5),$D$6,$E$6),$D$7,$E$7),$D$8,$E$8),$D$9,$E$9),$D$10,$E$10),$D$11,$E$11),$D$12,$E$12),$D$13,$E$13),$D$14,$E$14),$D$15,$E$15),$D$16,$E$16),$D$17,$E$17),$D$18,$E$18),$D$19,$E$19),$D$20,$E$20),$D$21,$E$21),$D$22,$E$22),$D$23,$E$23),$D$24,$E$24),$D$25,$E$25),$D$26,$E$26),$D$27,$E$27),$D$28,$E$28),$D$29,$E$29),$D$30,$E$30),$D$31,$E$31),$D$32,$E$32),$D$33,$E$33) | O25: =CONCATENATE(N25, IF('Input Sheet'!K27="",""," siderite in "))
A26: =IF('Input Sheet'!C28="","",CONCATENATE("Sample ", 'Input Sheet'!B28, "m: ", M26, G26, "% ", "Siltstone, ", O26, 'Input Sheet'!C28, "% ", I26, " Sandstone, ", K26, J26, " FLUOR in SST. ", "TG ", 'Input Sheet'!I28, "U")) -> Sample 1685m: 70% Siltstone, 30% fine to medium Sandstone, 50% moderately bright FLUOR in SST. TG 20U | B26: =IF('Input Sheet'!C28="","",CONCATENATE("Sample ", 'Input Sheet'!B28, "m: ", N26, H26, "% ", "Siltstone, ", P26, 'Input Sheet'!C28, "% ", J26, " Sandstone ")) -> Sample 1685m: fine to medium% Siltstone, 30% moderately bright Sandstone | C26: =IF('Input Sheet'!C28="","",CONCATENATE("Sample ", 'Input Sheet'!B28, "m: ", M26,, K26, J26, " FLUOR in SST. ", "TG ", 'Input Sheet'!I28, "U")) -> Sample 1685m: 50% moderately bright FLUOR in SST. TG 20U | G26: =IF('Input Sheet'!C28="","",100-'Input Sheet'!C28) -> 70 | H26: =SUBSTITUTE(SUBSTITUTE(SUBSTITUTE(SUBSTITUTE(SUBSTITUTE(SUBSTITUTE(SUBSTITUTE(SUBSTITUTE(SUBSTITUTE(SUBSTITUTE(SUBSTITUTE(SUBSTITUTE(SUBSTITUTE(SUBSTITUTE(SUBSTITUTE(SUBSTITUTE(SUBSTITUTE(SUBSTITUTE(SUBSTITUTE(SUBSTITUTE(SUBSTITUTE(SUBSTITUTE(SUBSTITUTE(SUBSTITUTE(SUBSTITUTE(SUBSTITUTE(SUBSTITUTE(SUBSTITUTE(SUBSTITUTE(SUBSTITUTE(SUBSTITUTE('Input Sheet'!D28,$D$3,$E$3),$D$4,$E$4),$D$5,$E$5),$D$6,$E$6),$D$7,$E$7),$D$8,$E$8),$D$9,$E$9),$D$10,$E$10),$D$11,$E$11),$D$12,$E$12),$D$13,$E$13),$D$14,$E$14),$D$15,$E$15),$D$16,$E$16),$D$17,$E$17),$D$18,$E$18),$D$19,$E$19),$D$20,$E$20),$D$21,$E$21),$D$22,$E$22),$D$23,$E$23),$D$24,$E$24),$D$25,$E$25),$D$26,$E$26),$D$27,$E$27),$D$28,$E$28),$D$29,$E$29),$D$30,$E$30),$D$31,$E$31),$D$32,$E$32),$D$33,$E$33) -> fine to medium | I26: =SUBSTITUTE(H26, "veryfine", "very fine") -> fine to medium | J26: =SUBSTITUTE(SUBSTITUTE(SUBSTITUTE(SUBSTITUTE(SUBSTITUTE(SUBSTITUTE(SUBSTITUTE(SUBSTITUTE(SUBSTITUTE(SUBSTITUTE(SUBSTITUTE(SUBSTITUTE(SUBSTITUTE(SUBSTITUTE(SUBSTITUTE(SUBSTITUTE(SUBSTITUTE(SUBSTITUTE(SUBSTITUTE(SUBSTITUTE(SUBSTITUTE(SUBSTITUTE(SUBSTITUTE(SUBSTITUTE(SUBSTITUTE(SUBSTITUTE(SUBSTITUTE(SUBSTITUTE(SUBSTITUTE(SUBSTITUTE(SUBSTITUTE('Input Sheet'!G28,$D$3,$E$3),$D$4,$E$4),$D$5,$E$5),$D$6,$E$6),$D$7,$E$7),$D$8,$E$8),$D$9,$E$9),$D$10,$E$10),$D$11,$E$11),$D$12,$E$12),$D$13,$E$13),$D$14,$E$14),$D$15,$E$15),$D$16,$E$16),$D$17,$E$17),$D$18,$E$18),$D$19,$E$19),$D$20,$E$20),$D$21,$E$21),$D$22,$E$22),$D$23,$E$23),$D$24,$E$24),$D$25,$E$25),$D$26,$E$26),$D$27,$E$27),$D$28,$E$28),$D$29,$E$29),$D$30,$E$30),$D$31,$E$31),$D$32,$E$32),$D$33,$E$33) -> moderately bright | K26: =IF('Input Sheet'!F27=0, "NO",CONCATENATE('Input Sheet'!F27, IF('Input Sheet'!F27>0,"% ",""))) -> 50% | L26: =SUBSTITUTE(SUBSTITUTE(SUBSTITUTE(SUBSTITUTE(SUBSTITUTE(SUBSTITUTE(SUBSTITUTE(SUBSTITUTE(SUBSTITUTE(SUBSTITUTE(SUBSTITUTE(SUBSTITUTE(SUBSTITUTE(SUBSTITUTE(SUBSTITUTE(SUBSTITUTE(SUBSTITUTE(SUBSTITUTE(SUBSTITUTE(SUBSTITUTE(SUBSTITUTE(SUBSTITUTE(SUBSTITUTE(SUBSTITUTE(SUBSTITUTE(SUBSTITUTE(SUBSTITUTE(SUBSTITUTE(SUBSTITUTE(SUBSTITUTE(SUBSTITUTE('Input Sheet'!J28,$D$3,$E$3),$D$4,$E$4),$D$5,$E$5),$D$6,$E$6),$D$7,$E$7),$D$8,$E$8),$D$9,$E$9),$D$10,$E$10),$D$11,$E$11),$D$12,$E$12),$D$13,$E$13),$D$14,$E$14),$D$15,$E$15),$D$16,$E$16),$D$17,$E$17),$D$18,$E$18),$D$19,$E$19),$D$20,$E$20),$D$21,$E$21),$D$22,$E$22),$D$23,$E$23),$D$24,$E$24),$D$25,$E$25),$D$26,$E$26),$D$27,$E$27),$D$28,$E$28),$D$29,$E$29),$D$30,$E$30),$D$31,$E$31),$D$32,$E$32),$D$33,$E$33) | M26: =CONCATENATE(L26, IF('Input Sheet'!J28="",""," siderite in ")) | N26: =SUBSTITUTE(SUBSTITUTE(SUBSTITUTE(SUBSTITUTE(SUBSTITUTE(SUBSTITUTE(SUBSTITUTE(SUBSTITUTE(SUBSTITUTE(SUBSTITUTE(SUBSTITUTE(SUBSTITUTE(SUBSTITUTE(SUBSTITUTE(SUBSTITUTE(SUBSTITUTE(SUBSTITUTE(SUBSTITUTE(SUBSTITUTE(SUBSTITUTE(SUBSTITUTE(SUBSTITUTE(SUBSTITUTE(SUBSTITUTE(SUBSTITUTE(SUBSTITUTE(SUBSTITUTE(SUBSTITUTE(SUBSTITUTE(SUBSTITUTE(SUBSTITUTE('Input Sheet'!K28,$D$3,$E$3),$D$4,$E$4),$D$5,$E$5),$D$6,$E$6),$D$7,$E$7),$D$8,$E$8),$D$9,$E$9),$D$10,$E$10),$D$11,$E$11),$D$12,$E$12),$D$13,$E$13),$D$14,$E$14),$D$15,$E$15),$D$16,$E$16),$D$17,$E$17),$D$18,$E$18),$D$19,$E$19),$D$20,$E$20),$D$21,$E$21),$D$22,$E$22),$D$23,$E$23),$D$24,$E$24),$D$25,$E$25),$D$26,$E$26),$D$27,$E$27),$D$28,$E$28),$D$29,$E$29),$D$30,$E$30),$D$31,$E$31),$D$32,$E$32),$D$33,$E$33) | O26: =CONCATENATE(N26, IF('Input Sheet'!K28="",""," siderite in "))
A27: =IF('Input Sheet'!C29="","",CONCATENATE("Sample ", 'Input Sheet'!B29, "m: ", M27, G27, "% ", "Siltstone, ", O27, 'Input Sheet'!C29, "% ", I27, " Sandstone, ", K27, J27, " FLUOR in SST. ", "TG ", 'Input Sheet'!I29, "U")) -> Sample 1690m: 70% Siltstone, 30% fine to medium Sandstone, 60% moderately bright FLUOR in SST. TG 25U | B27: =IF('Input Sheet'!C29="","",CONCATENATE("Sample ", 'Input Sheet'!B29, "m: ", N27, H27, "% ", "Siltstone, ", P27, 'Input Sheet'!C29, "% ", J27, " Sandstone ")) -> Sample 1690m: fine to medium% Siltstone, 30% moderately bright Sandstone | C27: =IF('Input Sheet'!C29="","",CONCATENATE("Sample ", 'Input Sheet'!B29, "m: ", M27,, K27, J27, " FLUOR in SST. ", "TG ", 'Input Sheet'!I29, "U")) -> Sample 1690m: 60% moderately bright FLUOR in SST. TG 25U | G27: =IF('Input Sheet'!C29="","",100-'Input Sheet'!C29) -> 70 | H27: =SUBSTITUTE(SUBSTITUTE(SUBSTITUTE(SUBSTITUTE(SUBSTITUTE(SUBSTITUTE(SUBSTITUTE(SUBSTITUTE(SUBSTITUTE(SUBSTITUTE(SUBSTITUTE(SUBSTITUTE(SUBSTITUTE(SUBSTITUTE(SUBSTITUTE(SUBSTITUTE(SUBSTITUTE(SUBSTITUTE(SUBSTITUTE(SUBSTITUTE(SUBSTITUTE(SUBSTITUTE(SUBSTITUTE(SUBSTITUTE(SUBSTITUTE(SUBSTITUTE(SUBSTITUTE(SUBSTITUTE(SUBSTITUTE(SUBSTITUTE(SUBSTITUTE('Input Sheet'!D29,$D$3,$E$3),$D$4,$E$4),$D$5,$E$5),$D$6,$E$6),$D$7,$E$7),$D$8,$E$8),$D$9,$E$9),$D$10,$E$10),$D$11,$E$11),$D$12,$E$12),$D$13,$E$13),$D$14,$E$14),$D$15,$E$15),$D$16,$E$16),$D$17,$E$17),$D$18,$E$18),$D$19,$E$19),$D$20,$E$20),$D$21,$E$21),$D$22,$E$22),$D$23,$E$23),$D$24,$E$24),$D$25,$E$25),$D$26,$E$26),$D$27,$E$27),$D$28,$E$28),$D$29,$E$29),$D$30,$E$30),$D$31,$E$31),$D$32,$E$32),$D$33,$E$33) -> fine to medium | I27: =SUBSTITUTE(H27, "veryfine", "very fine") -> fine to medium | J27: =SUBSTITUTE(SUBSTITUTE(SUBSTITUTE(SUBSTITUTE(SUBSTITUTE(SUBSTITUTE(SUBSTITUTE(SUBSTITUTE(SUBSTITUTE(SUBSTITUTE(SUBSTITUTE(SUBSTITUTE(SUBSTITUTE(SUBSTITUTE(SUBSTITUTE(SUBSTITUTE(SUBSTITUTE(SUBSTITUTE(SUBSTITUTE(SUBSTITUTE(SUBSTITUTE(SUBSTITUTE(SUBSTITUTE(SUBSTITUTE(SUBSTITUTE(SUBSTITUTE(SUBSTITUTE(SUBSTITUTE(SUBSTITUTE(SUBSTITUTE(SUBSTITUTE('Input Sheet'!G29,$D$3,$E$3),$D$4,$E$4),$D$5,$E$5),$D$6,$E$6),$D$7,$E$7),$D$8,$E$8),$D$9,$E$9),$D$10,$E$10),$D$11,$E$11),$D$12,$E$12),$D$13,$E$13),$D$14,$E$14),$D$15,$E$15),$D$16,$E$16),$D$17,$E$17),$D$18,$E$18),$D$19,$E$19),$D$20,$E$20),$D$21,$E$21),$D$22,$E$22),$D$23,$E$23),$D$24,$E$24),$D$25,$E$25),$D$26,$E$26),$D$27,$E$27),$D$28,$E$28),$D$29,$E$29),$D$30,$E$30),$D$31,$E$31),$D$32,$E$32),$D$33,$E$33) -> moderately bright | K27: =IF('Input Sheet'!F28=0, "NO",CONCATENATE('Input Sheet'!F28, IF('Input Sheet'!F28>0,"% ",""))) -> 60% | L27: =SUBSTITUTE(SUBSTITUTE(SUBSTITUTE(SUBSTITUTE(SUBSTITUTE(SUBSTITUTE(SUBSTITUTE(SUBSTITUTE(SUBSTITUTE(SUBSTITUTE(SUBSTITUTE(SUBSTITUTE(SUBSTITUTE(SUBSTITUTE(SUBSTITUTE(SUBSTITUTE(SUBSTITUTE(SUBSTITUTE(SUBSTITUTE(SUBSTITUTE(SUBSTITUTE(SUBSTITUTE(SUBSTITUTE(SUBSTITUTE(SUBSTITUTE(SUBSTITUTE(SUBSTITUTE(SUBSTITUTE(SUBSTITUTE(SUBSTITUTE(SUBSTITUTE('Input Sheet'!J29,$D$3,$E$3),$D$4,$E$4),$D$5,$E$5),$D$6,$E$6),$D$7,$E$7),$D$8,$E$8),$D$9,$E$9),$D$10,$E$10),$D$11,$E$11),$D$12,$E$12),$D$13,$E$13),$D$14,$E$14),$D$15,$E$15),$D$16,$E$16),$D$17,$E$17),$D$18,$E$18),$D$19,$E$19),$D$20,$E$20),$D$21,$E$21),$D$22,$E$22),$D$23,$E$23),$D$24,$E$24),$D$25,$E$25),$D$26,$E$26),$D$27,$E$27),$D$28,$E$28),$D$29,$E$29),$D$30,$E$30),$D$31,$E$31),$D$32,$E$32),$D$33,$E$33) | M27: =CONCATENATE(L27, IF('Input Sheet'!J29="",""," siderite in ")) | N27: =SUBSTITUTE(SUBSTITUTE(SUBSTITUTE(SUBSTITUTE(SUBSTITUTE(SUBSTITUTE(SUBSTITUTE(SUBSTITUTE(SUBSTITUTE(SUBSTITUTE(SUBSTITUTE(SUBSTITUTE(SUBSTITUTE(SUBSTITUTE(SUBSTITUTE(SUBSTITUTE(SUBSTITUTE(SUBSTITUTE(SUBSTITUTE(SUBSTITUTE(SUBSTITUTE(SUBSTITUTE(SUBSTITUTE(SUBSTITUTE(SUBSTITUTE(SUBSTITUTE(SUBSTITUTE(SUBSTITUTE(SUBSTITUTE(SUBSTITUTE(SUBSTITUTE('Input Sheet'!K29,$D$3,$E$3),$D$4,$E$4),$D$5,$E$5),$D$6,$E$6),$D$7,$E$7),$D$8,$E$8),$D$9,$E$9),$D$10,$E$10),$D$11,$E$11),$D$12,$E$12),$D$13,$E$13),$D$14,$E$14),$D$15,$E$15),$D$16,$E$16),$D$17,$E$17),$D$18,$E$18),$D$19,$E$19),$D$20,$E$20),$D$21,$E$21),$D$22,$E$22),$D$23,$E$23),$D$24,$E$24),$D$25,$E$25),$D$26,$E$26),$D$27,$E$27),$D$28,$E$28),$D$29,$E$29),$D$30,$E$30),$D$31,$E$31),$D$32,$E$32),$D$33,$E$33) | O27: =CONCATENATE(N27, IF('Input Sheet'!K29="",""," siderite in "))
A28: =IF('Input Sheet'!C30="","",CONCATENATE("Sample ", 'Input Sheet'!B30, "m: ", M28, G28, "% ", "Siltstone, ", O28, 'Input Sheet'!C30, "% ", I28, " Sandstone, ", K28, J28, " FLUOR in SST. ", "TG ", 'Input Sheet'!I30, "U")) -> Sample 1695m: 40% Siltstone, 60% fine to medium Sandstone, 50% moderately bright FLUOR in SST. TG 47U | B28: =IF('Input Sheet'!C30="","",CONCATENATE("Sample ", 'Input Sheet'!B30, "m: ", N28, H28, "% ", "Siltstone, ", P28, 'Input Sheet'!C30, "% ", J28, " Sandstone ")) -> Sample 1695m: fine to medium% Siltstone, 60% moderately bright Sandstone | C28: =IF('Input Sheet'!C30="","",CONCATENATE("Sample ", 'Input Sheet'!B30, "m: ", M28,, K28, J28, " FLUOR in SST. ", "TG ", 'Input Sheet'!I30, "U")) -> Sample 1695m: 50% moderately bright FLUOR in SST. TG 47U | G28: =IF('Input Sheet'!C30="","",100-'Input Sheet'!C30) -> 40 | H28: =SUBSTITUTE(SUBSTITUTE(SUBSTITUTE(SUBSTITUTE(SUBSTITUTE(SUBSTITUTE(SUBSTITUTE(SUBSTITUTE(SUBSTITUTE(SUBSTITUTE(SUBSTITUTE(SUBSTITUTE(SUBSTITUTE(SUBSTITUTE(SUBSTITUTE(SUBSTITUTE(SUBSTITUTE(SUBSTITUTE(SUBSTITUTE(SUBSTITUTE(SUBSTITUTE(SUBSTITUTE(SUBSTITUTE(SUBSTITUTE(SUBSTITUTE(SUBSTITUTE(SUBSTITUTE(SUBSTITUTE(SUBSTITUTE(SUBSTITUTE(SUBSTITUTE('Input Sheet'!D30,$D$3,$E$3),$D$4,$E$4),$D$5,$E$5),$D$6,$E$6),$D$7,$E$7),$D$8,$E$8),$D$9,$E$9),$D$10,$E$10),$D$11,$E$11),$D$12,$E$12),$D$13,$E$13),$D$14,$E$14),$D$15,$E$15),$D$16,$E$16),$D$17,$E$17),$D$18,$E$18),$D$19,$E$19),$D$20,$E$20),$D$21,$E$21),$D$22,$E$22),$D$23,$E$23),$D$24,$E$24),$D$25,$E$25),$D$26,$E$26),$D$27,$E$27),$D$28,$E$28),$D$29,$E$29),$D$30,$E$30),$D$31,$E$31),$D$32,$E$32),$D$33,$E$33) -> fine to medium | I28: =SUBSTITUTE(H28, "veryfine", "very fine") -> fine to medium | J28: =SUBSTITUTE(SUBSTITUTE(SUBSTITUTE(SUBSTITUTE(SUBSTITUTE(SUBSTITUTE(SUBSTITUTE(SUBSTITUTE(SUBSTITUTE(SUBSTITUTE(SUBSTITUTE(SUBSTITUTE(SUBSTITUTE(SUBSTITUTE(SUBSTITUTE(SUBSTITUTE(SUBSTITUTE(SUBSTITUTE(SUBSTITUTE(SUBSTITUTE(SUBSTITUTE(SUBSTITUTE(SUBSTITUTE(SUBSTITUTE(SUBSTITUTE(SUBSTITUTE(SUBSTITUTE(SUBSTITUTE(SUBSTITUTE(SUBSTITUTE(SUBSTITUTE('Input Sheet'!G30,$D$3,$E$3),$D$4,$E$4),$D$5,$E$5),$D$6,$E$6),$D$7,$E$7),$D$8,$E$8),$D$9,$E$9),$D$10,$E$10),$D$11,$E$11),$D$12,$E$12),$D$13,$E$13),$D$14,$E$14),$D$15,$E$15),$D$16,$E$16),$D$17,$E$17),$D$18,$E$18),$D$19,$E$19),$D$20,$E$20),$D$21,$E$21),$D$22,$E$22),$D$23,$E$23),$D$24,$E$24),$D$25,$E$25),$D$26,$E$26),$D$27,$E$27),$D$28,$E$28),$D$29,$E$29),$D$30,$E$30),$D$31,$E$31),$D$32,$E$32),$D$33,$E$33) -> moderately bright | K28: =IF('Input Sheet'!F29=0, "NO",CONCATENATE('Input Sheet'!F29, IF('Input Sheet'!F29>0,"% ",""))) -> 50% | L28: =SUBSTITUTE(SUBSTITUTE(SUBSTITUTE(SUBSTITUTE(SUBSTITUTE(SUBSTITUTE(SUBSTITUTE(SUBSTITUTE(SUBSTITUTE(SUBSTITUTE(SUBSTITUTE(SUBSTITUTE(SUBSTITUTE(SUBSTITUTE(SUBSTITUTE(SUBSTITUTE(SUBSTITUTE(SUBSTITUTE(SUBSTITUTE(SUBSTITUTE(SUBSTITUTE(SUBSTITUTE(SUBSTITUTE(SUBSTITUTE(SUBSTITUTE(SUBSTITUTE(SUBSTITUTE(SUBSTITUTE(SUBSTITUTE(SUBSTITUTE(SUBSTITUTE('Input Sheet'!J30,$D$3,$E$3),$D$4,$E$4),$D$5,$E$5),$D$6,$E$6),$D$7,$E$7),$D$8,$E$8),$D$9,$E$9),$D$10,$E$10),$D$11,$E$11),$D$12,$E$12),$D$13,$E$13),$D$14,$E$14),$D$15,$E$15),$D$16,$E$16),$D$17,$E$17),$D$18,$E$18),$D$19,$E$19),$D$20,$E$20),$D$21,$E$21),$D$22,$E$22),$D$23,$E$23),$D$24,$E$24),$D$25,$E$25),$D$26,$E$26),$D$27,$E$27),$D$28,$E$28),$D$29,$E$29),$D$30,$E$30),$D$31,$E$31),$D$32,$E$32),$D$33,$E$33) | M28: =CONCATENATE(L28, IF('Input Sheet'!J30="",""," siderite in ")) | N28: =SUBSTITUTE(SUBSTITUTE(SUBSTITUTE(SUBSTITUTE(SUBSTITUTE(SUBSTITUTE(SUBSTITUTE(SUBSTITUTE(SUBSTITUTE(SUBSTITUTE(SUBSTITUTE(SUBSTITUTE(SUBSTITUTE(SUBSTITUTE(SUBSTITUTE(SUBSTITUTE(SUBSTITUTE(SUBSTITUTE(SUBSTITUTE(SUBSTITUTE(SUBSTITUTE(SUBSTITUTE(SUBSTITUTE(SUBSTITUTE(SUBSTITUTE(SUBSTITUTE(SUBSTITUTE(SUBSTITUTE(SUBSTITUTE(SUBSTITUTE(SUBSTITUTE('Input Sheet'!K30,$D$3,$E$3),$D$4,$E$4),$D$5,$E$5),$D$6,$E$6),$D$7,$E$7),$D$8,$E$8),$D$9,$E$9),$D$10,$E$10),$D$11,$E$11),$D$12,$E$12),$D$13,$E$13),$D$14,$E$14),$D$15,$E$15),$D$16,$E$16),$D$17,$E$17),$D$18,$E$18),$D$19,$E$19),$D$20,$E$20),$D$21,$E$21),$D$22,$E$22),$D$23,$E$23),$D$24,$E$24),$D$25,$E$25),$D$26,$E$26),$D$27,$E$27),$D$28,$E$28),$D$29,$E$29),$D$30,$E$30),$D$31,$E$31),$D$32,$E$32),$D$33,$E$33) | O28: =CONCATENATE(N28, IF('Input Sheet'!K30="",""," siderite in "))
A29: =IF('Input Sheet'!C31="","",CONCATENATE("Sample ", 'Input Sheet'!B31, "m: ", M29, G29, "% ", "Siltstone, ", O29, 'Input Sheet'!C31, "% ", I29, " Sandstone, ", K29, J29, " FLUOR in SST. ", "TG ", 'Input Sheet'!I31, "U")) -> Sample 1700m: 25% Siltstone, 75% very fine to fine Sandstone, 50% moderately bright FLUOR in SST. TG 65U | B29: =IF('Input Sheet'!C31="","",CONCATENATE("Sample ", 'Input Sheet'!B31, "m: ", N29, H29, "% ", "Siltstone, ", P29, 'Input Sheet'!C31, "% ", J29, " Sandstone ")) -> Sample 1700m: veryfine to fine% Siltstone, 75% moderately bright Sandstone | C29: =IF('Input Sheet'!C31="","",CONCATENATE("Sample ", 'Input Sheet'!B31, "m: ", M29,, K29, J29, " FLUOR in SST. ", "TG ", 'Input Sheet'!I31, "U")) -> Sample 1700m: 50% moderately bright FLUOR in SST. TG 65U | G29: =IF('Input Sheet'!C31="","",100-'Input Sheet'!C31) -> 25 | H29: =SUBSTITUTE(SUBSTITUTE(SUBSTITUTE(SUBSTITUTE(SUBSTITUTE(SUBSTITUTE(SUBSTITUTE(SUBSTITUTE(SUBSTITUTE(SUBSTITUTE(SUBSTITUTE(SUBSTITUTE(SUBSTITUTE(SUBSTITUTE(SUBSTITUTE(SUBSTITUTE(SUBSTITUTE(SUBSTITUTE(SUBSTITUTE(SUBSTITUTE(SUBSTITUTE(SUBSTITUTE(SUBSTITUTE(SUBSTITUTE(SUBSTITUTE(SUBSTITUTE(SUBSTITUTE(SUBSTITUTE(SUBSTITUTE(SUBSTITUTE(SUBSTITUTE('Input Sheet'!D31,$D$3,$E$3),$D$4,$E$4),$D$5,$E$5),$D$6,$E$6),$D$7,$E$7),$D$8,$E$8),$D$9,$E$9),$D$10,$E$10),$D$11,$E$11),$D$12,$E$12),$D$13,$E$13),$D$14,$E$14),$D$15,$E$15),$D$16,$E$16),$D$17,$E$17),$D$18,$E$18),$D$19,$E$19),$D$20,$E$20),$D$21,$E$21),$D$22,$E$22),$D$23,$E$23),$D$24,$E$24),$D$25,$E$25),$D$26,$E$26),$D$27,$E$27),$D$28,$E$28),$D$29,$E$29),$D$30,$E$30),$D$31,$E$31),$D$32,$E$32),$D$33,$E$33) -> veryfine to fine | I29: =SUBSTITUTE(H29, "veryfine", "very fine") -> very fine to fine | J29: =SUBSTITUTE(SUBSTITUTE(SUBSTITUTE(SUBSTITUTE(SUBSTITUTE(SUBSTITUTE(SUBSTITUTE(SUBSTITUTE(SUBSTITUTE(SUBSTITUTE(SUBSTITUTE(SUBSTITUTE(SUBSTITUTE(SUBSTITUTE(SUBSTITUTE(SUBSTITUTE(SUBSTITUTE(SUBSTITUTE(SUBSTITUTE(SUBSTITUTE(SUBSTITUTE(SUBSTITUTE(SUBSTITUTE(SUBSTITUTE(SUBSTITUTE(SUBSTITUTE(SUBSTITUTE(SUBSTITUTE(SUBSTITUTE(SUBSTITUTE(SUBSTITUTE('Input Sheet'!G31,$D$3,$E$3),$D$4,$E$4),$D$5,$E$5),$D$6,$E$6),$D$7,$E$7),$D$8,$E$8),$D$9,$E$9),$D$10,$E$10),$D$11,$E$11),$D$12,$E$12),$D$13,$E$13),$D$14,$E$14),$D$15,$E$15),$D$16,$E$16),$D$17,$E$17),$D$18,$E$18),$D$19,$E$19),$D$20,$E$20),$D$21,$E$21),$D$22,$E$22),$D$23,$E$23),$D$24,$E$24),$D$25,$E$25),$D$26,$E$26),$D$27,$E$27),$D$28,$E$28),$D$29,$E$29),$D$30,$E$30),$D$31,$E$31),$D$32,$E$32),$D$33,$E$33) -> moderately bright | K29: =IF('Input Sheet'!F30=0, "NO",CONCATENATE('Input Sheet'!F30, IF('Input Sheet'!F30>0,"% ",""))) -> 50% | L29: =SUBSTITUTE(SUBSTITUTE(SUBSTITUTE(SUBSTITUTE(SUBSTITUTE(SUBSTITUTE(SUBSTITUTE(SUBSTITUTE(SUBSTITUTE(SUBSTITUTE(SUBSTITUTE(SUBSTITUTE(SUBSTITUTE(SUBSTITUTE(SUBSTITUTE(SUBSTITUTE(SUBSTITUTE(SUBSTITUTE(SUBSTITUTE(SUBSTITUTE(SUBSTITUTE(SUBSTITUTE(SUBSTITUTE(SUBSTITUTE(SUBSTITUTE(SUBSTITUTE(SUBSTITUTE(SUBSTITUTE(SUBSTITUTE(SUBSTITUTE(SUBSTITUTE('Input Sheet'!J31,$D$3,$E$3),$D$4,$E$4),$D$5,$E$5),$D$6,$E$6),$D$7,$E$7),$D$8,$E$8),$D$9,$E$9),$D$10,$E$10),$D$11,$E$11),$D$12,$E$12),$D$13,$E$13),$D$14,$E$14),$D$15,$E$15),$D$16,$E$16),$D$17,$E$17),$D$18,$E$18),$D$19,$E$19),$D$20,$E$20),$D$21,$E$21),$D$22,$E$22),$D$23,$E$23),$D$24,$E$24),$D$25,$E$25),$D$26,$E$26),$D$27,$E$27),$D$28,$E$28),$D$29,$E$29),$D$30,$E$30),$D$31,$E$31),$D$32,$E$32),$D$33,$E$33) | M29: =CONCATENATE(L29, IF('Input Sheet'!J31="",""," siderite in ")) | N29: =SUBSTITUTE(SUBSTITUTE(SUBSTITUTE(SUBSTITUTE(SUBSTITUTE(SUBSTITUTE(SUBSTITUTE(SUBSTITUTE(SUBSTITUTE(SUBSTITUTE(SUBSTITUTE(SUBSTITUTE(SUBSTITUTE(SUBSTITUTE(SUBSTITUTE(SUBSTITUTE(SUBSTITUTE(SUBSTITUTE(SUBSTITUTE(SUBSTITUTE(SUBSTITUTE(SUBSTITUTE(SUBSTITUTE(SUBSTITUTE(SUBSTITUTE(SUBSTITUTE(SUBSTITUTE(SUBSTITUTE(SUBSTITUTE(SUBSTITUTE(SUBSTITUTE('Input Sheet'!K31,$D$3,$E$3),$D$4,$E$4),$D$5,$E$5),$D$6,$E$6),$D$7,$E$7),$D$8,$E$8),$D$9,$E$9),$D$10,$E$10),$D$11,$E$11),$D$12,$E$12),$D$13,$E$13),$D$14,$E$14),$D$15,$E$15),$D$16,$E$16),$D$17,$E$17),$D$18,$E$18),$D$19,$E$19),$D$20,$E$20),$D$21,$E$21),$D$22,$E$22),$D$23,$E$23),$D$24,$E$24),$D$25,$E$25),$D$26,$E$26),$D$27,$E$27),$D$28,$E$28),$D$29,$E$29),$D$30,$E$30),$D$31,$E$31),$D$32,$E$32),$D$33,$E$33) | O29: =CONCATENATE(N29, IF('Input Sheet'!K31="",""," siderite in "))
A30: =IF('Input Sheet'!C32="","",CONCATENATE("Sample ", 'Input Sheet'!B32, "m: ", M30, G30, "% ", "Siltstone, ", O30, 'Input Sheet'!C32, "% ", I30, " Sandstone, ", K30, J30, " FLUOR in SST. ", "TG ", 'Input Sheet'!I32, "U")) -> Sample 1705m: 30% Siltstone, 70% very fine to fine Sandstone, 60% moderately bright to bright FLUOR in SST. TG 55U | B30: =IF('Input Sheet'!C32="","",CONCATENATE("Sample ", 'Input Sheet'!B32, "m: ", N30, H30, "% ", "Siltstone, ", P30, 'Input Sheet'!C32, "% ", J30, " Sandstone ")) -> Sample 1705m: veryfine to fine% Siltstone, 70% moderately bright to bright Sandstone | C30: =IF('Input Sheet'!C32="","",CONCATENATE("Sample ", 'Input Sheet'!B32, "m: ", M30,, K30, J30, " FLUOR in SST. ", "TG ", 'Input Sheet'!I32, "U")) -> Sample 1705m: 60% moderately bright to bright FLUOR in SST. TG 55U | G30: =IF('Input Sheet'!C32="","",100-'Input Sheet'!C32) -> 30 | H30: =SUBSTITUTE(SUBSTITUTE(SUBSTITUTE(SUBSTITUTE(SUBSTITUTE(SUBSTITUTE(SUBSTITUTE(SUBSTITUTE(SUBSTITUTE(SUBSTITUTE(SUBSTITUTE(SUBSTITUTE(SUBSTITUTE(SUBSTITUTE(SUBSTITUTE(SUBSTITUTE(SUBSTITUTE(SUBSTITUTE(SUBSTITUTE(SUBSTITUTE(SUBSTITUTE(SUBSTITUTE(SUBSTITUTE(SUBSTITUTE(SUBSTITUTE(SUBSTITUTE(SUBSTITUTE(SUBSTITUTE(SUBSTITUTE(SUBSTITUTE(SUBSTITUTE('Input Sheet'!D32,$D$3,$E$3),$D$4,$E$4),$D$5,$E$5),$D$6,$E$6),$D$7,$E$7),$D$8,$E$8),$D$9,$E$9),$D$10,$E$10),$D$11,$E$11),$D$12,$E$12),$D$13,$E$13),$D$14,$E$14),$D$15,$E$15),$D$16,$E$16),$D$17,$E$17),$D$18,$E$18),$D$19,$E$19),$D$20,$E$20),$D$21,$E$21),$D$22,$E$22),$D$23,$E$23),$D$24,$E$24),$D$25,$E$25),$D$26,$E$26),$D$27,$E$27),$D$28,$E$28),$D$29,$E$29),$D$30,$E$30),$D$31,$E$31),$D$32,$E$32),$D$33,$E$33) -> veryfine to fine | I30: =SUBSTITUTE(H30, "veryfine", "very fine") -> very fine to fine | J30: =SUBSTITUTE(SUBSTITUTE(SUBSTITUTE(SUBSTITUTE(SUBSTITUTE(SUBSTITUTE(SUBSTITUTE(SUBSTITUTE(SUBSTITUTE(SUBSTITUTE(SUBSTITUTE(SUBSTITUTE(SUBSTITUTE(SUBSTITUTE(SUBSTITUTE(SUBSTITUTE(SUBSTITUTE(SUBSTITUTE(SUBSTITUTE(SUBSTITUTE(SUBSTITUTE(SUBSTITUTE(SUBSTITUTE(SUBSTITUTE(SUBSTITUTE(SUBSTITUTE(SUBSTITUTE(SUBSTITUTE(SUBSTITUTE(SUBSTITUTE(SUBSTITUTE('Input Sheet'!G32,$D$3,$E$3),$D$4,$E$4),$D$5,$E$5),$D$6,$E$6),$D$7,$E$7),$D$8,$E$8),$D$9,$E$9),$D$10,$E$10),$D$11,$E$11),$D$12,$E$12),$D$13,$E$13),$D$14,$E$14),$D$15,$E$15),$D$16,$E$16),$D$17,$E$17),$D$18,$E$18),$D$19,$E$19),$D$20,$E$20),$D$21,$E$21),$D$22,$E$22),$D$23,$E$23),$D$24,$E$24),$D$25,$E$25),$D$26,$E$26),$D$27,$E$27),$D$28,$E$28),$D$29,$E$29),$D$30,$E$30),$D$31,$E$31),$D$32,$E$32),$D$33,$E$33) -> moderately bright to bright | K30: =IF('Input Sheet'!F31=0, "NO",CONCATENATE('Input Sheet'!F31, IF('Input Sheet'!F31>0,"% ",""))) -> 60% | L30: =SUBSTITUTE(SUBSTITUTE(SUBSTITUTE(SUBSTITUTE(SUBSTITUTE(SUBSTITUTE(SUBSTITUTE(SUBSTITUTE(SUBSTITUTE(SUBSTITUTE(SUBSTITUTE(SUBSTITUTE(SUBSTITUTE(SUBSTITUTE(SUBSTITUTE(SUBSTITUTE(SUBSTITUTE(SUBSTITUTE(SUBSTITUTE(SUBSTITUTE(SUBSTITUTE(SUBSTITUTE(SUBSTITUTE(SUBSTITUTE(SUBSTITUTE(SUBSTITUTE(SUBSTITUTE(SUBSTITUTE(SUBSTITUTE(SUBSTITUTE(SUBSTITUTE('Input Sheet'!J32,$D$3,$E$3),$D$4,$E$4),$D$5,$E$5),$D$6,$E$6),$D$7,$E$7),$D$8,$E$8),$D$9,$E$9),$D$10,$E$10),$D$11,$E$11),$D$12,$E$12),$D$13,$E$13),$D$14,$E$14),$D$15,$E$15),$D$16,$E$16),$D$17,$E$17),$D$18,$E$18),$D$19,$E$19),$D$20,$E$20),$D$21,$E$21),$D$22,$E$22),$D$23,$E$23),$D$24,$E$24),$D$25,$E$25),$D$26,$E$26),$D$27,$E$27),$D$28,$E$28),$D$29,$E$29),$D$30,$E$30),$D$31,$E$31),$D$32,$E$32),$D$33,$E$33) | M30: =CONCATENATE(L30, IF('Input Sheet'!J32="",""," siderite in ")) | N30: =SUBSTITUTE(SUBSTITUTE(SUBSTITUTE(SUBSTITUTE(SUBSTITUTE(SUBSTITUTE(SUBSTITUTE(SUBSTITUTE(SUBSTITUTE(SUBSTITUTE(SUBSTITUTE(SUBSTITUTE(SUBSTITUTE(SUBSTITUTE(SUBSTITUTE(SUBSTITUTE(SUBSTITUTE(SUBSTITUTE(SUBSTITUTE(SUBSTITUTE(SUBSTITUTE(SUBSTITUTE(SUBSTITUTE(SUBSTITUTE(SUBSTITUTE(SUBSTITUTE(SUBSTITUTE(SUBSTITUTE(SUBSTITUTE(SUBSTITUTE(SUBSTITUTE('Input Sheet'!K32,$D$3,$E$3),$D$4,$E$4),$D$5,$E$5),$D$6,$E$6),$D$7,$E$7),$D$8,$E$8),$D$9,$E$9),$D$10,$E$10),$D$11,$E$11),$D$12,$E$12),$D$13,$E$13),$D$14,$E$14),$D$15,$E$15),$D$16,$E$16),$D$17,$E$17),$D$18,$E$18),$D$19,$E$19),$D$20,$E$20),$D$21,$E$21),$D$22,$E$22),$D$23,$E$23),$D$24,$E$24),$D$25,$E$25),$D$26,$E$26),$D$27,$E$27),$D$28,$E$28),$D$29,$E$29),$D$30,$E$30),$D$31,$E$31),$D$32,$E$32),$D$33,$E$33) | O30: =CONCATENATE(N30, IF('Input Sheet'!K32="",""," siderite in "))
A31: =IF('Input Sheet'!C33="","",CONCATENATE("Sample ", 'Input Sheet'!B33, "m: ", M31, G31, "% ", "Siltstone, ", O31, 'Input Sheet'!C33, "% ", I31, " Sandstone, ", K31, J31, " FLUOR in SST. ", "TG ", 'Input Sheet'!I33, "U")) -> Sample 1710m: 30% Siltstone, 70% very fine to fine Sandstone, 70% bright FLUOR in SST. TG 145U | B31: =IF('Input Sheet'!C33="","",CONCATENATE("Sample ", 'Input Sheet'!B33, "m: ", N31, H31, "% ", "Siltstone, ", P31, 'Input Sheet'!C33, "% ", J31, " Sandstone ")) -> Sample 1710m: veryfine to fine% Siltstone, 70% bright Sandstone | C31: =IF('Input Sheet'!C33="","",CONCATENATE("Sample ", 'Input Sheet'!B33, "m: ", M31,, K31, J31, " FLUOR in SST. ", "TG ", 'Input Sheet'!I33, "U")) -> Sample 1710m: 70% bright FLUOR in SST. TG 145U | G31: =IF('Input Sheet'!C33="","",100-'Input Sheet'!C33) -> 30 | H31: =SUBSTITUTE(SUBSTITUTE(SUBSTITUTE(SUBSTITUTE(SUBSTITUTE(SUBSTITUTE(SUBSTITUTE(SUBSTITUTE(SUBSTITUTE(SUBSTITUTE(SUBSTITUTE(SUBSTITUTE(SUBSTITUTE(SUBSTITUTE(SUBSTITUTE(SUBSTITUTE(SUBSTITUTE(SUBSTITUTE(SUBSTITUTE(SUBSTITUTE(SUBSTITUTE(SUBSTITUTE(SUBSTITUTE(SUBSTITUTE(SUBSTITUTE(SUBSTITUTE(SUBSTITUTE(SUBSTITUTE(SUBSTITUTE(SUBSTITUTE(SUBSTITUTE('Input Sheet'!D33,$D$3,$E$3),$D$4,$E$4),$D$5,$E$5),$D$6,$E$6),$D$7,$E$7),$D$8,$E$8),$D$9,$E$9),$D$10,$E$10),$D$11,$E$11),$D$12,$E$12),$D$13,$E$13),$D$14,$E$14),$D$15,$E$15),$D$16,$E$16),$D$17,$E$17),$D$18,$E$18),$D$19,$E$19),$D$20,$E$20),$D$21,$E$21),$D$22,$E$22),$D$23,$E$23),$D$24,$E$24),$D$25,$E$25),$D$26,$E$26),$D$27,$E$27),$D$28,$E$28),$D$29,$E$29),$D$30,$E$30),$D$31,$E$31),$D$32,$E$32),$D$33,$E$33) -> veryfine to fine | I31: =SUBSTITUTE(H31, "veryfine", "very fine") -> very fine to fine | J31: =SUBSTITUTE(SUBSTITUTE(SUBSTITUTE(SUBSTITUTE(SUBSTITUTE(SUBSTITUTE(SUBSTITUTE(SUBSTITUTE(SUBSTITUTE(SUBSTITUTE(SUBSTITUTE(SUBSTITUTE(SUBSTITUTE(SUBSTITUTE(SUBSTITUTE(SUBSTITUTE(SUBSTITUTE(SUBSTITUTE(SUBSTITUTE(SUBSTITUTE(SUBSTITUTE(SUBSTITUTE(SUBSTITUTE(SUBSTITUTE(SUBSTITUTE(SUBSTITUTE(SUBSTITUTE(SUBSTITUTE(SUBSTITUTE(SUBSTITUTE(SUBSTITUTE('Input Sheet'!G33,$D$3,$E$3),$D$4,$E$4),$D$5,$E$5),$D$6,$E$6),$D$7,$E$7),$D$8,$E$8),$D$9,$E$9),$D$10,$E$10),$D$11,$E$11),$D$12,$E$12),$D$13,$E$13),$D$14,$E$14),$D$15,$E$15),$D$16,$E$16),$D$17,$E$17),$D$18,$E$18),$D$19,$E$19),$D$20,$E$20),$D$21,$E$21),$D$22,$E$22),$D$23,$E$23),$D$24,$E$24),$D$25,$E$25),$D$26,$E$26),$D$27,$E$27),$D$28,$E$28),$D$29,$E$29),$D$30,$E$30),$D$31,$E$31),$D$32,$E$32),$D$33,$E$33) -> bright | K31: =IF('Input Sheet'!F32=0, "NO",CONCATENATE('Input Sheet'!F32, IF('Input Sheet'!F32>0,"% ",""))) -> 70% | L31: =SUBSTITUTE(SUBSTITUTE(SUBSTITUTE(SUBSTITUTE(SUBSTITUTE(SUBSTITUTE(SUBSTITUTE(SUBSTITUTE(SUBSTITUTE(SUBSTITUTE(SUBSTITUTE(SUBSTITUTE(SUBSTITUTE(SUBSTITUTE(SUBSTITUTE(SUBSTITUTE(SUBSTITUTE(SUBSTITUTE(SUBSTITUTE(SUBSTITUTE(SUBSTITUTE(SUBSTITUTE(SUBSTITUTE(SUBSTITUTE(SUBSTITUTE(SUBSTITUTE(SUBSTITUTE(SUBSTITUTE(SUBSTITUTE(SUBSTITUTE(SUBSTITUTE('Input Sheet'!J33,$D$3,$E$3),$D$4,$E$4),$D$5,$E$5),$D$6,$E$6),$D$7,$E$7),$D$8,$E$8),$D$9,$E$9),$D$10,$E$10),$D$11,$E$11),$D$12,$E$12),$D$13,$E$13),$D$14,$E$14),$D$15,$E$15),$D$16,$E$16),$D$17,$E$17),$D$18,$E$18),$D$19,$E$19),$D$20,$E$20),$D$21,$E$21),$D$22,$E$22),$D$23,$E$23),$D$24,$E$24),$D$25,$E$25),$D$26,$E$26),$D$27,$E$27),$D$28,$E$28),$D$29,$E$29),$D$30,$E$30),$D$31,$E$31),$D$32,$E$32),$D$33,$E$33) | M31: =CONCATENATE(L31, IF('Input Sheet'!J33="",""," siderite in ")) | N31: =SUBSTITUTE(SUBSTITUTE(SUBSTITUTE(SUBSTITUTE(SUBSTITUTE(SUBSTITUTE(SUBSTITUTE(SUBSTITUTE(SUBSTITUTE(SUBSTITUTE(SUBSTITUTE(SUBSTITUTE(SUBSTITUTE(SUBSTITUTE(SUBSTITUTE(SUBSTITUTE(SUBSTITUTE(SUBSTITUTE(SUBSTITUTE(SUBSTITUTE(SUBSTITUTE(SUBSTITUTE(SUBSTITUTE(SUBSTITUTE(SUBSTITUTE(SUBSTITUTE(SUBSTITUTE(SUBSTITUTE(SUBSTITUTE(SUBSTITUTE(SUBSTITUTE('Input Sheet'!K33,$D$3,$E$3),$D$4,$E$4),$D$5,$E$5),$D$6,$E$6),$D$7,$E$7),$D$8,$E$8),$D$9,$E$9),$D$10,$E$10),$D$11,$E$11),$D$12,$E$12),$D$13,$E$13),$D$14,$E$14),$D$15,$E$15),$D$16,$E$16),$D$17,$E$17),$D$18,$E$18),$D$19,$E$19),$D$20,$E$20),$D$21,$E$21),$D$22,$E$22),$D$23,$E$23),$D$24,$E$24),$D$25,$E$25),$D$26,$E$26),$D$27,$E$27),$D$28,$E$28),$D$29,$E$29),$D$30,$E$30),$D$31,$E$31),$D$32,$E$32),$D$33,$E$33) | O31: =CONCATENATE(N31, IF('Input Sheet'!K33="",""," siderite in "))
A32: =IF('Input Sheet'!C34="","",CONCATENATE("Sample ", 'Input Sheet'!B34, "m: ", M32, G32, "% ", "Siltstone, ", O32, 'Input Sheet'!C34, "% ", I32, " Sandstone, ", K32, J32, " FLUOR in SST. ", "TG ", 'Input Sheet'!I34, "U")) -> Sample 1715m: 15% Siltstone, 85% very fine to fine Sandstone, 100% bright FLUOR in SST. TG 190U | B32: =IF('Input Sheet'!C34="","",CONCATENATE("Sample ", 'Input Sheet'!B34, "m: ", N32, H32, "% ", "Siltstone, ", P32, 'Input Sheet'!C34, "% ", J32, " Sandstone ")) -> Sample 1715m: veryfine to fine% Siltstone, 85% bright Sandstone | C32: =IF('Input Sheet'!C34="","",CONCATENATE("Sample ", 'Input Sheet'!B34, "m: ", M32,, K32, J32, " FLUOR in SST. ", "TG ", 'Input Sheet'!I34, "U")) -> Sample 1715m: 100% bright FLUOR in SST. TG 190U | G32: =IF('Input Sheet'!C34="","",100-'Input Sheet'!C34) -> 15 | H32: =SUBSTITUTE(SUBSTITUTE(SUBSTITUTE(SUBSTITUTE(SUBSTITUTE(SUBSTITUTE(SUBSTITUTE(SUBSTITUTE(SUBSTITUTE(SUBSTITUTE(SUBSTITUTE(SUBSTITUTE(SUBSTITUTE(SUBSTITUTE(SUBSTITUTE(SUBSTITUTE(SUBSTITUTE(SUBSTITUTE(SUBSTITUTE(SUBSTITUTE(SUBSTITUTE(SUBSTITUTE(SUBSTITUTE(SUBSTITUTE(SUBSTITUTE(SUBSTITUTE(SUBSTITUTE(SUBSTITUTE(SUBSTITUTE(SUBSTITUTE(SUBSTITUTE('Input Sheet'!D34,$D$3,$E$3),$D$4,$E$4),$D$5,$E$5),$D$6,$E$6),$D$7,$E$7),$D$8,$E$8),$D$9,$E$9),$D$10,$E$10),$D$11,$E$11),$D$12,$E$12),$D$13,$E$13),$D$14,$E$14),$D$15,$E$15),$D$16,$E$16),$D$17,$E$17),$D$18,$E$18),$D$19,$E$19),$D$20,$E$20),$D$21,$E$21),$D$22,$E$22),$D$23,$E$23),$D$24,$E$24),$D$25,$E$25),$D$26,$E$26),$D$27,$E$27),$D$28,$E$28),$D$29,$E$29),$D$30,$E$30),$D$31,$E$31),$D$32,$E$32),$D$33,$E$33) -> veryfine to fine | I32: =SUBSTITUTE(H32, "veryfine", "very fine") -> very fine to fine | J32: =SUBSTITUTE(SUBSTITUTE(SUBSTITUTE(SUBSTITUTE(SUBSTITUTE(SUBSTITUTE(SUBSTITUTE(SUBSTITUTE(SUBSTITUTE(SUBSTITUTE(SUBSTITUTE(SUBSTITUTE(SUBSTITUTE(SUBSTITUTE(SUBSTITUTE(SUBSTITUTE(SUBSTITUTE(SUBSTITUTE(SUBSTITUTE(SUBSTITUTE(SUBSTITUTE(SUBSTITUTE(SUBSTITUTE(SUBSTITUTE(SUBSTITUTE(SUBSTITUTE(SUBSTITUTE(SUBSTITUTE(SUBSTITUTE(SUBSTITUTE(SUBSTITUTE('Input Sheet'!G34,$D$3,$E$3),$D$4,$E$4),$D$5,$E$5),$D$6,$E$6),$D$7,$E$7),$D$8,$E$8),$D$9,$E$9),$D$10,$E$10),$D$11,$E$11),$D$12,$E$12),$D$13,$E$13),$D$14,$E$14),$D$15,$E$15),$D$16,$E$16),$D$17,$E$17),$D$18,$E$18),$D$19,$E$19),$D$20,$E$20),$D$21,$E$21),$D$22,$E$22),$D$23,$E$23),$D$24,$E$24),$D$25,$E$25),$D$26,$E$26),$D$27,$E$27),$D$28,$E$28),$D$29,$E$29),$D$30,$E$30),$D$31,$E$31),$D$32,$E$32),$D$33,$E$33) -> bright | K32: =IF('Input Sheet'!F33=0, "NO",CONCATENATE('Input Sheet'!F33, IF('Input Sheet'!F33>0,"% ",""))) -> 100% | L32: =SUBSTITUTE(SUBSTITUTE(SUBSTITUTE(SUBSTITUTE(SUBSTITUTE(SUBSTITUTE(SUBSTITUTE(SUBSTITUTE(SUBSTITUTE(SUBSTITUTE(SUBSTITUTE(SUBSTITUTE(SUBSTITUTE(SUBSTITUTE(SUBSTITUTE(SUBSTITUTE(SUBSTITUTE(SUBSTITUTE(SUBSTITUTE(SUBSTITUTE(SUBSTITUTE(SUBSTITUTE(SUBSTITUTE(SUBSTITUTE(SUBSTITUTE(SUBSTITUTE(SUBSTITUTE(SUBSTITUTE(SUBSTITUTE(SUBSTITUTE(SUBSTITUTE('Input Sheet'!J34,$D$3,$E$3),$D$4,$E$4),$D$5,$E$5),$D$6,$E$6),$D$7,$E$7),$D$8,$E$8),$D$9,$E$9),$D$10,$E$10),$D$11,$E$11),$D$12,$E$12),$D$13,$E$13),$D$14,$E$14),$D$15,$E$15),$D$16,$E$16),$D$17,$E$17),$D$18,$E$18),$D$19,$E$19),$D$20,$E$20),$D$21,$E$21),$D$22,$E$22),$D$23,$E$23),$D$24,$E$24),$D$25,$E$25),$D$26,$E$26),$D$27,$E$27),$D$28,$E$28),$D$29,$E$29),$D$30,$E$30),$D$31,$E$31),$D$32,$E$32),$D$33,$E$33) | M32: =CONCATENATE(L32, IF('Input Sheet'!J34="",""," siderite in ")) | N32: =SUBSTITUTE(SUBSTITUTE(SUBSTITUTE(SUBSTITUTE(SUBSTITUTE(SUBSTITUTE(SUBSTITUTE(SUBSTITUTE(SUBSTITUTE(SUBSTITUTE(SUBSTITUTE(SUBSTITUTE(SUBSTITUTE(SUBSTITUTE(SUBSTITUTE(SUBSTITUTE(SUBSTITUTE(SUBSTITUTE(SUBSTITUTE(SUBSTITUTE(SUBSTITUTE(SUBSTITUTE(SUBSTITUTE(SUBSTITUTE(SUBSTITUTE(SUBSTITUTE(SUBSTITUTE(SUBSTITUTE(SUBSTITUTE(SUBSTITUTE(SUBSTITUTE('Input Sheet'!K34,$D$3,$E$3),$D$4,$E$4),$D$5,$E$5),$D$6,$E$6),$D$7,$E$7),$D$8,$E$8),$D$9,$E$9),$D$10,$E$10),$D$11,$E$11),$D$12,$E$12),$D$13,$E$13),$D$14,$E$14),$D$15,$E$15),$D$16,$E$16),$D$17,$E$17),$D$18,$E$18),$D$19,$E$19),$D$20,$E$20),$D$21,$E$21),$D$22,$E$22),$D$23,$E$23),$D$24,$E$24),$D$25,$E$25),$D$26,$E$26),$D$27,$E$27),$D$28,$E$28),$D$29,$E$29),$D$30,$E$30),$D$31,$E$31),$D$32,$E$32),$D$33,$E$33) | O32: =CONCATENATE(N32, IF('Input Sheet'!K34="",""," siderite in "))
... A222: =IF('Input Sheet'!C224="","",CONCATENATE("Sample ", 'Input Sheet'!B224, "m: ", M222, G222, "% ", "Siltstone, ", O222, 'Input Sheet'!C224, "% ", I222, " Sandstone, ", K222, J222, " FLUOR in SST. ", "TG ", 'Input Sheet'!I224, "U")) | B222: =IF('Input Sheet'!C224="","",CONCATENATE("Sample ", 'Input Sheet'!B224, "m: ", N222, H222, "% ", "Siltstone, ", P222, 'Input Sheet'!C224, "% ", J222, " Sandstone ")) | C222: =IF('Input Sheet'!C224="","",CONCATENATE("Sample ", 'Input Sheet'!B224, "m: ", M222,, K222, J222, " FLUOR in SST. ", "TG ", 'Input Sheet'!I224, "U")) | G222: =IF('Input Sheet'!C224="","",100-'Input Sheet'!C224) | H222: =SUBSTITUTE(SUBSTITUTE(SUBSTITUTE(SUBSTITUTE(SUBSTITUTE(SUBSTITUTE(SUBSTITUTE(SUBSTITUTE(SUBSTITUTE(SUBSTITUTE(SUBSTITUTE(SUBSTITUTE(SUBSTITUTE(SUBSTITUTE(SUBSTITUTE(SUBSTITUTE(SUBSTITUTE(SUBSTITUTE(SUBSTITUTE(SUBSTITUTE(SUBSTITUTE(SUBSTITUTE(SUBSTITUTE(SUBSTITUTE(SUBSTITUTE(SUBSTITUTE(SUBSTITUTE(SUBSTITUTE(SUBSTITUTE(SUBSTITUTE(SUBSTITUTE('Input Sheet'!D224,$D$3,$E$3),$D$4,$E$4),$D$5,$E$5),$D$6,$E$6),$D$7,$E$7),$D$8,$E$8),$D$9,$E$9),$D$10,$E$10),$D$11,$E$11),$D$12,$E$12),$D$13,$E$13),$D$14,$E$14),$D$15,$E$15),$D$16,$E$16),$D$17,$E$17),$D$18,$E$18),$D$19,$E$19),$D$20,$E$20),$D$21,$E$21),$D$22,$E$22),$D$23,$E$23),$D$24,$E$24),$D$25,$E$25),$D$26,$E$26),$D$27,$E$27),$D$28,$E$28),$D$29,$E$29),$D$30,$E$30),$D$31,$E$31),$D$32,$E$32),$D$33,$E$33) | I222: =SUBSTITUTE(H222, "veryfine", "very fine") | J222: =SUBSTITUTE(SUBSTITUTE(SUBSTITUTE(SUBSTITUTE(SUBSTITUTE(SUBSTITUTE(SUBSTITUTE(SUBSTITUTE(SUBSTITUTE(SUBSTITUTE(SUBSTITUTE(SUBSTITUTE(SUBSTITUTE(SUBSTITUTE(SUBSTITUTE(SUBSTITUTE(SUBSTITUTE(SUBSTITUTE(SUBSTITUTE(SUBSTITUTE(SUBSTITUTE(SUBSTITUTE(SUBSTITUTE(SUBSTITUTE(SUBSTITUTE(SUBSTITUTE(SUBSTITUTE(SUBSTITUTE(SUBSTITUTE(SUBSTITUTE(SUBSTITUTE('Input Sheet'!G224,$D$3,$E$3),$D$4,$E$4),$D$5,$E$5),$D$6,$E$6),$D$7,$E$7),$D$8,$E$8),$D$9,$E$9),$D$10,$E$10),$D$11,$E$11),$D$12,$E$12),$D$13,$E$13),$D$14,$E$14),$D$15,$E$15),$D$16,$E$16),$D$17,$E$17),$D$18,$E$18),$D$19,$E$19),$D$20,$E$20),$D$21,$E$21),$D$22,$E$22),$D$23,$E$23),$D$24,$E$24),$D$25,$E$25),$D$26,$E$26),$D$27,$E$27),$D$28,$E$28),$D$29,$E$29),$D$30,$E$30),$D$31,$E$31),$D$32,$E$32),$D$33,$E$33) | K222: =IF('Input Sheet'!F223=0, "NO",CONCATENATE('Input Sheet'!F223, IF('Input Sheet'!F223>0,"% ",""))) -> NO | L222: =SUBSTITUTE(SUBSTITUTE(SUBSTITUTE(SUBSTITUTE(SUBSTITUTE(SUBSTITUTE(SUBSTITUTE(SUBSTITUTE(SUBSTITUTE(SUBSTITUTE(SUBSTITUTE(SUBSTITUTE(SUBSTITUTE(SUBSTITUTE(SUBSTITUTE(SUBSTITUTE(SUBSTITUTE(SUBSTITUTE(SUBSTITUTE(SUBSTITUTE(SUBSTITUTE(SUBSTITUTE(SUBSTITUTE(SUBSTITUTE(SUBSTITUTE(SUBSTITUTE(SUBSTITUTE(SUBSTITUTE(SUBSTITUTE(SUBSTITUTE(SUBSTITUTE('Input Sheet'!J224,$D$3,$E$3),$D$4,$E$4),$D$5,$E$5),$D$6,$E$6),$D$7,$E$7),$D$8,$E$8),$D$9,$E$9),$D$10,$E$10),$D$11,$E$11),$D$12,$E$12),$D$13,$E$13),$D$14,$E$14),$D$15,$E$15),$D$16,$E$16),$D$17,$E$17),$D$18,$E$18),$D$19,$E$19),$D$20,$E$20),$D$21,$E$21),$D$22,$E$22),$D$23,$E$23),$D$24,$E$24),$D$25,$E$25),$D$26,$E$26),$D$27,$E$27),$D$28,$E$28),$D$29,$E$29),$D$30,$E$30),$D$31,$E$31),$D$32,$E$32),$D$33,$E$33) | M222: =CONCATENATE(L222, IF('Input Sheet'!J224="",""," siderite in ")) | N222: =SUBSTITUTE(SUBSTITUTE(SUBSTITUTE(SUBSTITUTE(SUBSTITUTE(SUBSTITUTE(SUBSTITUTE(SUBSTITUTE(SUBSTITUTE(SUBSTITUTE(SUBSTITUTE(SUBSTITUTE(SUBSTITUTE(SUBSTITUTE(SUBSTITUTE(SUBSTITUTE(SUBSTITUTE(SUBSTITUTE(SUBSTITUTE(SUBSTITUTE(SUBSTITUTE(SUBSTITUTE(SUBSTITUTE(SUBSTITUTE(SUBSTITUTE(SUBSTITUTE(SUBSTITUTE(SUBSTITUTE(SUBSTITUTE(SUBSTITUTE(SUBSTITUTE('Input Sheet'!K224,$D$3,$E$3),$D$4,$E$4),$D$5,$E$5),$D$6,$E$6),$D$7,$E$7),$D$8,$E$8),$D$9,$E$9),$D$10,$E$10),$D$11,$E$11),$D$12,$E$12),$D$13,$E$13),$D$14,$E$14),$D$15,$E$15),$D$16,$E$16),$D$17,$E$17),$D$18,$E$18),$D$19,$E$19),$D$20,$E$20),$D$21,$E$21),$D$22,$E$22),$D$23,$E$23),$D$24,$E$24),$D$25,$E$25),$D$26,$E$26),$D$27,$E$27),$D$28,$E$28),$D$29,$E$29),$D$30,$E$30),$D$31,$E$31),$D$32,$E$32),$D$33,$E$33) | O222: =CONCATENATE(N222, IF('Input Sheet'!K224="",""," siderite in "))
A223: =IF('Input Sheet'!C225="","",CONCATENATE("Sample ", 'Input Sheet'!B225, "m: ", M223, G223, "% ", "Siltstone, ", O223, 'Input Sheet'!C225, "% ", I223, " Sandstone, ", K223, J223, " FLUOR in SST. ", "TG ", 'Input Sheet'!I225, "U")) | B223: =IF('Input Sheet'!C225="","",CONCATENATE("Sample ", 'Input Sheet'!B225, "m: ", N223, H223, "% ", "Siltstone, ", P223, 'Input Sheet'!C225, "% ", J223, " Sandstone ")) | C223: =IF('Input Sheet'!C225="","",CONCATENATE("Sample ", 'Input Sheet'!B225, "m: ", M223,, K223, J223, " FLUOR in SST. ", "TG ", 'Input Sheet'!I225, "U")) | G223: =IF('Input Sheet'!C225="","",100-'Input Sheet'!C225) | H223: =SUBSTITUTE(SUBSTITUTE(SUBSTITUTE(SUBSTITUTE(SUBSTITUTE(SUBSTITUTE(SUBSTITUTE(SUBSTITUTE(SUBSTITUTE(SUBSTITUTE(SUBSTITUTE(SUBSTITUTE(SUBSTITUTE(SUBSTITUTE(SUBSTITUTE(SUBSTITUTE(SUBSTITUTE(SUBSTITUTE(SUBSTITUTE(SUBSTITUTE(SUBSTITUTE(SUBSTITUTE(SUBSTITUTE(SUBSTITUTE(SUBSTITUTE(SUBSTITUTE(SUBSTITUTE(SUBSTITUTE(SUBSTITUTE(SUBSTITUTE(SUBSTITUTE('Input Sheet'!D225,$D$3,$E$3),$D$4,$E$4),$D$5,$E$5),$D$6,$E$6),$D$7,$E$7),$D$8,$E$8),$D$9,$E$9),$D$10,$E$10),$D$11,$E$11),$D$12,$E$12),$D$13,$E$13),$D$14,$E$14),$D$15,$E$15),$D$16,$E$16),$D$17,$E$17),$D$18,$E$18),$D$19,$E$19),$D$20,$E$20),$D$21,$E$21),$D$22,$E$22),$D$23,$E$23),$D$24,$E$24),$D$25,$E$25),$D$26,$E$26),$D$27,$E$27),$D$28,$E$28),$D$29,$E$29),$D$30,$E$30),$D$31,$E$31),$D$32,$E$32),$D$33,$E$33) | I223: =SUBSTITUTE(H223, "veryfine", "very fine") | J223: =SUBSTITUTE(SUBSTITUTE(SUBSTITUTE(SUBSTITUTE(SUBSTITUTE(SUBSTITUTE(SUBSTITUTE(SUBSTITUTE(SUBSTITUTE(SUBSTITUTE(SUBSTITUTE(SUBSTITUTE(SUBSTITUTE(SUBSTITUTE(SUBSTITUTE(SUBSTITUTE(SUBSTITUTE(SUBSTITUTE(SUBSTITUTE(SUBSTITUTE(SUBSTITUTE(SUBSTITUTE(SUBSTITUTE(SUBSTITUTE(SUBSTITUTE(SUBSTITUTE(SUBSTITUTE(SUBSTITUTE(SUBSTITUTE(SUBSTITUTE(SUBSTITUTE('Input Sheet'!G225,$D$3,$E$3),$D$4,$E$4),$D$5,$E$5),$D$6,$E$6),$D$7,$E$7),$D$8,$E$8),$D$9,$E$9),$D$10,$E$10),$D$11,$E$11),$D$12,$E$12),$D$13,$E$13),$D$14,$E$14),$D$15,$E$15),$D$16,$E$16),$D$17,$E$17),$D$18,$E$18),$D$19,$E$19),$D$20,$E$20),$D$21,$E$21),$D$22,$E$22),$D$23,$E$23),$D$24,$E$24),$D$25,$E$25),$D$26,$E$26),$D$27,$E$27),$D$28,$E$28),$D$29,$E$29),$D$30,$E$30),$D$31,$E$31),$D$32,$E$32),$D$33,$E$33) | K223: =IF('Input Sheet'!F224=0, "NO",CONCATENATE('Input Sheet'!F224, IF('Input Sheet'!F224>0,"% ",""))) -> NO | L223: =SUBSTITUTE(SUBSTITUTE(SUBSTITUTE(SUBSTITUTE(SUBSTITUTE(SUBSTITUTE(SUBSTITUTE(SUBSTITUTE(SUBSTITUTE(SUBSTITUTE(SUBSTITUTE(SUBSTITUTE(SUBSTITUTE(SUBSTITUTE(SUBSTITUTE(SUBSTITUTE(SUBSTITUTE(SUBSTITUTE(SUBSTITUTE(SUBSTITUTE(SUBSTITUTE(SUBSTITUTE(SUBSTITUTE(SUBSTITUTE(SUBSTITUTE(SUBSTITUTE(SUBSTITUTE(SUBSTITUTE(SUBSTITUTE(SUBSTITUTE(SUBSTITUTE('Input Sheet'!J225,$D$3,$E$3),$D$4,$E$4),$D$5,$E$5),$D$6,$E$6),$D$7,$E$7),$D$8,$E$8),$D$9,$E$9),$D$10,$E$10),$D$11,$E$11),$D$12,$E$12),$D$13,$E$13),$D$14,$E$14),$D$15,$E$15),$D$16,$E$16),$D$17,$E$17),$D$18,$E$18),$D$19,$E$19),$D$20,$E$20),$D$21,$E$21),$D$22,$E$22),$D$23,$E$23),$D$24,$E$24),$D$25,$E$25),$D$26,$E$26),$D$27,$E$27),$D$28,$E$28),$D$29,$E$29),$D$30,$E$30),$D$31,$E$31),$D$32,$E$32),$D$33,$E$33) | M223: =CONCATENATE(L223, IF('Input Sheet'!J225="",""," siderite in ")) | O223: =CONCATENATE(N223, IF('Input Sheet'!K225="",""," siderite in "))
A224: =IF('Input Sheet'!C226="","",CONCATENATE("Sample ", 'Input Sheet'!B226, "m: ", M224, G224, "% ", "Siltstone, ", O224, 'Input Sheet'!C226, "% ", I224, " Sandstone, ", K224, J224, " FLUOR in SST. ", "TG ", 'Input Sheet'!I226, "U")) | B224: =IF('Input Sheet'!C226="","",CONCATENATE("Sample ", 'Input Sheet'!B226, "m: ", N224, H224, "% ", "Siltstone, ", P224, 'Input Sheet'!C226, "% ", J224, " Sandstone ")) | C224: =IF('Input Sheet'!C226="","",CONCATENATE("Sample ", 'Input Sheet'!B226, "m: ", M224,, K224, J224, " FLUOR in SST. ", "TG ", 'Input Sheet'!I226, "U")) | G224: =IF('Input Sheet'!C226="","",100-'Input Sheet'!C226) | H224: =SUBSTITUTE(SUBSTITUTE(SUBSTITUTE(SUBSTITUTE(SUBSTITUTE(SUBSTITUTE(SUBSTITUTE(SUBSTITUTE(SUBSTITUTE(SUBSTITUTE(SUBSTITUTE(SUBSTITUTE(SUBSTITUTE(SUBSTITUTE(SUBSTITUTE(SUBSTITUTE(SUBSTITUTE(SUBSTITUTE(SUBSTITUTE(SUBSTITUTE(SUBSTITUTE(SUBSTITUTE(SUBSTITUTE(SUBSTITUTE(SUBSTITUTE(SUBSTITUTE(SUBSTITUTE(SUBSTITUTE(SUBSTITUTE(SUBSTITUTE(SUBSTITUTE('Input Sheet'!D226,$D$3,$E$3),$D$4,$E$4),$D$5,$E$5),$D$6,$E$6),$D$7,$E$7),$D$8,$E$8),$D$9,$E$9),$D$10,$E$10),$D$11,$E$11),$D$12,$E$12),$D$13,$E$13),$D$14,$E$14),$D$15,$E$15),$D$16,$E$16),$D$17,$E$17),$D$18,$E$18),$D$19,$E$19),$D$20,$E$20),$D$21,$E$21),$D$22,$E$22),$D$23,$E$23),$D$24,$E$24),$D$25,$E$25),$D$26,$E$26),$D$27,$E$27),$D$28,$E$28),$D$29,$E$29),$D$30,$E$30),$D$31,$E$31),$D$32,$E$32),$D$33,$E$33) | I224: =SUBSTITUTE(H224, "veryfine", "very fine") | J224: =SUBSTITUTE(SUBSTITUTE(SUBSTITUTE(SUBSTITUTE(SUBSTITUTE(SUBSTITUTE(SUBSTITUTE(SUBSTITUTE(SUBSTITUTE(SUBSTITUTE(SUBSTITUTE(SUBSTITUTE(SUBSTITUTE(SUBSTITUTE(SUBSTITUTE(SUBSTITUTE(SUBSTITUTE(SUBSTITUTE(SUBSTITUTE(SUBSTITUTE(SUBSTITUTE(SUBSTITUTE(SUBSTITUTE(SUBSTITUTE(SUBSTITUTE(SUBSTITUTE(SUBSTITUTE(SUBSTITUTE(SUBSTITUTE(SUBSTITUTE(SUBSTITUTE('Input Sheet'!G226,$D$3,$E$3),$D$4,$E$4),$D$5,$E$5),$D$6,$E$6),$D$7,$E$7),$D$8,$E$8),$D$9,$E$9),$D$10,$E$10),$D$11,$E$11),$D$12,$E$12),$D$13,$E$13),$D$14,$E$14),$D$15,$E$15),$D$16,$E$16),$D$17,$E$17),$D$18,$E$18),$D$19,$E$19),$D$20,$E$20),$D$21,$E$21),$D$22,$E$22),$D$23,$E$23),$D$24,$E$24),$D$25,$E$25),$D$26,$E$26),$D$27,$E$27),$D$28,$E$28),$D$29,$E$29),$D$30,$E$30),$D$31,$E$31),$D$32,$E$32),$D$33,$E$33) | K224: =IF('Input Sheet'!F225=0, "NO",CONCATENATE('Input Sheet'!F225, IF('Input Sheet'!F225>0,"% ",""))) -> NO | L224: =SUBSTITUTE(SUBSTITUTE(SUBSTITUTE(SUBSTITUTE(SUBSTITUTE(SUBSTITUTE(SUBSTITUTE(SUBSTITUTE(SUBSTITUTE(SUBSTITUTE(SUBSTITUTE(SUBSTITUTE(SUBSTITUTE(SUBSTITUTE(SUBSTITUTE(SUBSTITUTE(SUBSTITUTE(SUBSTITUTE(SUBSTITUTE(SUBSTITUTE(SUBSTITUTE(SUBSTITUTE(SUBSTITUTE(SUBSTITUTE(SUBSTITUTE(SUBSTITUTE(SUBSTITUTE(SUBSTITUTE(SUBSTITUTE(SUBSTITUTE(SUBSTITUTE('Input Sheet'!J226,$D$3,$E$3),$D$4,$E$4),$D$5,$E$5),$D$6,$E$6),$D$7,$E$7),$D$8,$E$8),$D$9,$E$9),$D$10,$E$10),$D$11,$E$11),$D$12,$E$12),$D$13,$E$13),$D$14,$E$14),$D$15,$E$15),$D$16,$E$16),$D$17,$E$17),$D$18,$E$18),$D$19,$E$19),$D$20,$E$20),$D$21,$E$21),$D$22,$E$22),$D$23,$E$23),$D$24,$E$24),$D$25,$E$25),$D$26,$E$26),$D$27,$E$27),$D$28,$E$28),$D$29,$E$29),$D$30,$E$30),$D$31,$E$31),$D$32,$E$32),$D$33,$E$33) | M224: =CONCATENATE(L224, IF('Input Sheet'!J226="",""," siderite in ")) | N224: =SUBSTITUTE(SUBSTITUTE(SUBSTITUTE(SUBSTITUTE(SUBSTITUTE(SUBSTITUTE(SUBSTITUTE(SUBSTITUTE(SUBSTITUTE(SUBSTITUTE(SUBSTITUTE(SUBSTITUTE(SUBSTITUTE(SUBSTITUTE(SUBSTITUTE(SUBSTITUTE(SUBSTITUTE(SUBSTITUTE(SUBSTITUTE(SUBSTITUTE(SUBSTITUTE(SUBSTITUTE(SUBSTITUTE(SUBSTITUTE(SUBSTITUTE(SUBSTITUTE(SUBSTITUTE(SUBSTITUTE(SUBSTITUTE(SUBSTITUTE(SUBSTITUTE('Input Sheet'!K226,$D$3,$E$3),$D$4,$E$4),$D$5,$E$5),$D$6,$E$6),$D$7,$E$7),$D$8,$E$8),$D$9,$E$9),$D$10,$E$10),$D$11,$E$11),$D$12,$E$12),$D$13,$E$13),$D$14,$E$14),$D$15,$E$15),$D$16,$E$16),$D$17,$E$17),$D$18,$E$18),$D$19,$E$19),$D$20,$E$20),$D$21,$E$21),$D$22,$E$22),$D$23,$E$23),$D$24,$E$24),$D$25,$E$25),$D$26,$E$26),$D$27,$E$27),$D$28,$E$28),$D$29,$E$29),$D$30,$E$30),$D$31,$E$31),$D$32,$E$32),$D$33,$E$33) | O224: =CONCATENATE(N224, IF('Input Sheet'!K226="",""," siderite in "))
A225: =IF('Input Sheet'!C227="","",CONCATENATE("Sample ", 'Input Sheet'!B227, "m: ", M225, G225, "% ", "Siltstone, ", O225, 'Input Sheet'!C227, "% ", I225, " Sandstone, ", K225, J225, " FLUOR in SST. ", "TG ", 'Input Sheet'!I227, "U")) | B225: =IF('Input Sheet'!C227="","",CONCATENATE("Sample ", 'Input Sheet'!B227, "m: ", N225, H225, "% ", "Siltstone, ", P225, 'Input Sheet'!C227, "% ", J225, " Sandstone ")) | C225: =IF('Input Sheet'!C227="","",CONCATENATE("Sample ", 'Input Sheet'!B227, "m: ", M225,, K225, J225, " FLUOR in SST. ", "TG ", 'Input Sheet'!I227, "U")) | G225: =IF('Input Sheet'!C227="","",100-'Input Sheet'!C227) | H225: =SUBSTITUTE(SUBSTITUTE(SUBSTITUTE(SUBSTITUTE(SUBSTITUTE(SUBSTITUTE(SUBSTITUTE(SUBSTITUTE(SUBSTITUTE(SUBSTITUTE(SUBSTITUTE(SUBSTITUTE(SUBSTITUTE(SUBSTITUTE(SUBSTITUTE(SUBSTITUTE(SUBSTITUTE(SUBSTITUTE(SUBSTITUTE(SUBSTITUTE(SUBSTITUTE(SUBSTITUTE(SUBSTITUTE(SUBSTITUTE(SUBSTITUTE(SUBSTITUTE(SUBSTITUTE(SUBSTITUTE(SUBSTITUTE(SUBSTITUTE(SUBSTITUTE('Input Sheet'!D227,$D$3,$E$3),$D$4,$E$4),$D$5,$E$5),$D$6,$E$6),$D$7,$E$7),$D$8,$E$8),$D$9,$E$9),$D$10,$E$10),$D$11,$E$11),$D$12,$E$12),$D$13,$E$13),$D$14,$E$14),$D$15,$E$15),$D$16,$E$16),$D$17,$E$17),$D$18,$E$18),$D$19,$E$19),$D$20,$E$20),$D$21,$E$21),$D$22,$E$22),$D$23,$E$23),$D$24,$E$24),$D$25,$E$25),$D$26,$E$26),$D$27,$E$27),$D$28,$E$28),$D$29,$E$29),$D$30,$E$30),$D$31,$E$31),$D$32,$E$32),$D$33,$E$33) | I225: =SUBSTITUTE(H225, "veryfine", "very fine") | J225: =SUBSTITUTE(SUBSTITUTE(SUBSTITUTE(SUBSTITUTE(SUBSTITUTE(SUBSTITUTE(SUBSTITUTE(SUBSTITUTE(SUBSTITUTE(SUBSTITUTE(SUBSTITUTE(SUBSTITUTE(SUBSTITUTE(SUBSTITUTE(SUBSTITUTE(SUBSTITUTE(SUBSTITUTE(SUBSTITUTE(SUBSTITUTE(SUBSTITUTE(SUBSTITUTE(SUBSTITUTE(SUBSTITUTE(SUBSTITUTE(SUBSTITUTE(SUBSTITUTE(SUBSTITUTE(SUBSTITUTE(SUBSTITUTE(SUBSTITUTE(SUBSTITUTE('Input Sheet'!G227,$D$3,$E$3),$D$4,$E$4),$D$5,$E$5),$D$6,$E$6),$D$7,$E$7),$D$8,$E$8),$D$9,$E$9),$D$10,$E$10),$D$11,$E$11),$D$12,$E$12),$D$13,$E$13),$D$14,$E$14),$D$15,$E$15),$D$16,$E$16),$D$17,$E$17),$D$18,$E$18),$D$19,$E$19),$D$20,$E$20),$D$21,$E$21),$D$22,$E$22),$D$23,$E$23),$D$24,$E$24),$D$25,$E$25),$D$26,$E$26),$D$27,$E$27),$D$28,$E$28),$D$29,$E$29),$D$30,$E$30),$D$31,$E$31),$D$32,$E$32),$D$33,$E$33) | K225: =IF('Input Sheet'!F226=0, "NO",CONCATENATE('Input Sheet'!F226, IF('Input Sheet'!F226>0,"% ",""))) -> NO | L225: =SUBSTITUTE(SUBSTITUTE(SUBSTITUTE(SUBSTITUTE(SUBSTITUTE(SUBSTITUTE(SUBSTITUTE(SUBSTITUTE(SUBSTITUTE(SUBSTITUTE(SUBSTITUTE(SUBSTITUTE(SUBSTITUTE(SUBSTITUTE(SUBSTITUTE(SUBSTITUTE(SUBSTITUTE(SUBSTITUTE(SUBSTITUTE(SUBSTITUTE(SUBSTITUTE(SUBSTITUTE(SUBSTITUTE(SUBSTITUTE(SUBSTITUTE(SUBSTITUTE(SUBSTITUTE(SUBSTITUTE(SUBSTITUTE(SUBSTITUTE(SUBSTITUTE('Input Sheet'!J227,$D$3,$E$3),$D$4,$E$4),$D$5,$E$5),$D$6,$E$6),$D$7,$E$7),$D$8,$E$8),$D$9,$E$9),$D$10,$E$10),$D$11,$E$11),$D$12,$E$12),$D$13,$E$13),$D$14,$E$14),$D$15,$E$15),$D$16,$E$16),$D$17,$E$17),$D$18,$E$18),$D$19,$E$19),$D$20,$E$20),$D$21,$E$21),$D$22,$E$22),$D$23,$E$23),$D$24,$E$24),$D$25,$E$25),$D$26,$E$26),$D$27,$E$27),$D$28,$E$28),$D$29,$E$29),$D$30,$E$30),$D$31,$E$31),$D$32,$E$32),$D$33,$E$33) | M225: =CONCATENATE(L225, IF('Input Sheet'!J227="",""," siderite in ")) | N225: =SUBSTITUTE(SUBSTITUTE(SUBSTITUTE(SUBSTITUTE(SUBSTITUTE(SUBSTITUTE(SUBSTITUTE(SUBSTITUTE(SUBSTITUTE(SUBSTITUTE(SUBSTITUTE(SUBSTITUTE(SUBSTITUTE(SUBSTITUTE(SUBSTITUTE(SUBSTITUTE(SUBSTITUTE(SUBSTITUTE(SUBSTITUTE(SUBSTITUTE(SUBSTITUTE(SUBSTITUTE(SUBSTITUTE(SUBSTITUTE(SUBSTITUTE(SUBSTITUTE(SUBSTITUTE(SUBSTITUTE(SUBSTITUTE(SUBSTITUTE(SUBSTITUTE('Input Sheet'!K227,$D$3,$E$3),$D$4,$E$4),$D$5,$E$5),$D$6,$E$6),$D$7,$E$7),$D$8,$E$8),$D$9,$E$9),$D$10,$E$10),$D$11,$E$11),$D$12,$E$12),$D$13,$E$13),$D$14,$E$14),$D$15,$E$15),$D$16,$E$16),$D$17,$E$17),$D$18,$E$18),$D$19,$E$19),$D$20,$E$20),$D$21,$E$21),$D$22,$E$22),$D$23,$E$23),$D$24,$E$24),$D$25,$E$25),$D$26,$E$26),$D$27,$E$27),$D$28,$E$28),$D$29,$E$29),$D$30,$E$30),$D$31,$E$31),$D$32,$E$32),$D$33,$E$33) | O225: =CONCATENATE(N225, IF('Input Sheet'!K227="",""," siderite in "))
A226: =IF('Input Sheet'!C228="","",CONCATENATE("Sample ", 'Input Sheet'!B228, "m: ", M226, G226, "% ", "Siltstone, ", O226, 'Input Sheet'!C228, "% ", I226, " Sandstone, ", K226, J226, " FLUOR in SST. ", "TG ", 'Input Sheet'!I228, "U")) | B226: =IF('Input Sheet'!C228="","",CONCATENATE("Sample ", 'Input Sheet'!B228, "m: ", N226, H226, "% ", "Siltstone, ", P226, 'Input Sheet'!C228, "% ", J226, " Sandstone ")) | C226: =IF('Input Sheet'!C228="","",CONCATENATE("Sample ", 'Input Sheet'!B228, "m: ", M226,, K226, J226, " FLUOR in SST. ", "TG ", 'Input Sheet'!I228, "U")) | G226: =IF('Input Sheet'!C228="","",100-'Input Sheet'!C228) | H226: =SUBSTITUTE(SUBSTITUTE(SUBSTITUTE(SUBSTITUTE(SUBSTITUTE(SUBSTITUTE(SUBSTITUTE(SUBSTITUTE(SUBSTITUTE(SUBSTITUTE(SUBSTITUTE(SUBSTITUTE(SUBSTITUTE(SUBSTITUTE(SUBSTITUTE(SUBSTITUTE(SUBSTITUTE(SUBSTITUTE(SUBSTITUTE(SUBSTITUTE(SUBSTITUTE(SUBSTITUTE(SUBSTITUTE(SUBSTITUTE(SUBSTITUTE(SUBSTITUTE(SUBSTITUTE(SUBSTITUTE(SUBSTITUTE(SUBSTITUTE(SUBSTITUTE('Input Sheet'!D228,$D$3,$E$3),$D$4,$E$4),$D$5,$E$5),$D$6,$E$6),$D$7,$E$7),$D$8,$E$8),$D$9,$E$9),$D$10,$E$10),$D$11,$E$11),$D$12,$E$12),$D$13,$E$13),$D$14,$E$14),$D$15,$E$15),$D$16,$E$16),$D$17,$E$17),$D$18,$E$18),$D$19,$E$19),$D$20,$E$20),$D$21,$E$21),$D$22,$E$22),$D$23,$E$23),$D$24,$E$24),$D$25,$E$25),$D$26,$E$26),$D$27,$E$27),$D$28,$E$28),$D$29,$E$29),$D$30,$E$30),$D$31,$E$31),$D$32,$E$32),$D$33,$E$33) | I226: =SUBSTITUTE(H226, "veryfine", "very fine") | J226: =SUBSTITUTE(SUBSTITUTE(SUBSTITUTE(SUBSTITUTE(SUBSTITUTE(SUBSTITUTE(SUBSTITUTE(SUBSTITUTE(SUBSTITUTE(SUBSTITUTE(SUBSTITUTE(SUBSTITUTE(SUBSTITUTE(SUBSTITUTE(SUBSTITUTE(SUBSTITUTE(SUBSTITUTE(SUBSTITUTE(SUBSTITUTE(SUBSTITUTE(SUBSTITUTE(SUBSTITUTE(SUBSTITUTE(SUBSTITUTE(SUBSTITUTE(SUBSTITUTE(SUBSTITUTE(SUBSTITUTE(SUBSTITUTE(SUBSTITUTE(SUBSTITUTE('Input Sheet'!G228,$D$3,$E$3),$D$4,$E$4),$D$5,$E$5),$D$6,$E$6),$D$7,$E$7),$D$8,$E$8),$D$9,$E$9),$D$10,$E$10),$D$11,$E$11),$D$12,$E$12),$D$13,$E$13),$D$14,$E$14),$D$15,$E$15),$D$16,$E$16),$D$17,$E$17),$D$18,$E$18),$D$19,$E$19),$D$20,$E$20),$D$21,$E$21),$D$22,$E$22),$D$23,$E$23),$D$24,$E$24),$D$25,$E$25),$D$26,$E$26),$D$27,$E$27),$D$28,$E$28),$D$29,$E$29),$D$30,$E$30),$D$31,$E$31),$D$32,$E$32),$D$33,$E$33) | K226: =IF('Input Sheet'!F227=0, "NO",CONCATENATE('Input Sheet'!F227, IF('Input Sheet'!F227>0,"% ",""))) -> NO | L226: =SUBSTITUTE(SUBSTITUTE(SUBSTITUTE(SUBSTITUTE(SUBSTITUTE(SUBSTITUTE(SUBSTITUTE(SUBSTITUTE(SUBSTITUTE(SUBSTITUTE(SUBSTITUTE(SUBSTITUTE(SUBSTITUTE(SUBSTITUTE(SUBSTITUTE(SUBSTITUTE(SUBSTITUTE(SUBSTITUTE(SUBSTITUTE(SUBSTITUTE(SUBSTITUTE(SUBSTITUTE(SUBSTITUTE(SUBSTITUTE(SUBSTITUTE(SUBSTITUTE(SUBSTITUTE(SUBSTITUTE(SUBSTITUTE(SUBSTITUTE(SUBSTITUTE('Input Sheet'!J228,$D$3,$E$3),$D$4,$E$4),$D$5,$E$5),$D$6,$E$6),$D$7,$E$7),$D$8,$E$8),$D$9,$E$9),$D$10,$E$10),$D$11,$E$11),$D$12,$E$12),$D$13,$E$13),$D$14,$E$14),$D$15,$E$15),$D$16,$E$16),$D$17,$E$17),$D$18,$E$18),$D$19,$E$19),$D$20,$E$20),$D$21,$E$21),$D$22,$E$22),$D$23,$E$23),$D$24,$E$24),$D$25,$E$25),$D$26,$E$26),$D$27,$E$27),$D$28,$E$28),$D$29,$E$29),$D$30,$E$30),$D$31,$E$31),$D$32,$E$32),$D$33,$E$33) | M226: =CONCATENATE(L226, IF('Input Sheet'!J228="",""," siderite in ")) | N226: =SUBSTITUTE(SUBSTITUTE(SUBSTITUTE(SUBSTITUTE(SUBSTITUTE(SUBSTITUTE(SUBSTITUTE(SUBSTITUTE(SUBSTITUTE(SUBSTITUTE(SUBSTITUTE(SUBSTITUTE(SUBSTITUTE(SUBSTITUTE(SUBSTITUTE(SUBSTITUTE(SUBSTITUTE(SUBSTITUTE(SUBSTITUTE(SUBSTITUTE(SUBSTITUTE(SUBSTITUTE(SUBSTITUTE(SUBSTITUTE(SUBSTITUTE(SUBSTITUTE(SUBSTITUTE(SUBSTITUTE(SUBSTITUTE(SUBSTITUTE(SUBSTITUTE('Input Sheet'!K228,$D$3,$E$3),$D$4,$E$4),$D$5,$E$5),$D$6,$E$6),$D$7,$E$7),$D$8,$E$8),$D$9,$E$9),$D$10,$E$10),$D$11,$E$11),$D$12,$E$12),$D$13,$E$13),$D$14,$E$14),$D$15,$E$15),$D$16,$E$16),$D$17,$E$17),$D$18,$E$18),$D$19,$E$19),$D$20,$E$20),$D$21,$E$21),$D$22,$E$22),$D$23,$E$23),$D$24,$E$24),$D$25,$E$25),$D$26,$E$26),$D$27,$E$27),$D$28,$E$28),$D$29,$E$29),$D$30,$E$30),$D$31,$E$31),$D$32,$E$32),$D$33,$E$33) | O226: =CONCATENATE(N226, IF('Input Sheet'!K228="",""," siderite in "))
A227: =IF('Input Sheet'!C229="","",CONCATENATE("Sample ", 'Input Sheet'!B229, "m: ", M227, G227, "% ", "Siltstone, ", O227, 'Input Sheet'!C229, "% ", I227, " Sandstone, ", K227, J227, " FLUOR in SST. ", "TG ", 'Input Sheet'!I229, "U")) | B227: =IF('Input Sheet'!C229="","",CONCATENATE("Sample ", 'Input Sheet'!B229, "m: ", N227, H227, "% ", "Siltstone, ", P227, 'Input Sheet'!C229, "% ", J227, " Sandstone ")) | C227: =IF('Input Sheet'!C229="","",CONCATENATE("Sample ", 'Input Sheet'!B229, "m: ", M227,, K227, J227, " FLUOR in SST. ", "TG ", 'Input Sheet'!I229, "U")) | G227: =IF('Input Sheet'!C229="","",100-'Input Sheet'!C229) | H227: =SUBSTITUTE(SUBSTITUTE(SUBSTITUTE(SUBSTITUTE(SUBSTITUTE(SUBSTITUTE(SUBSTITUTE(SUBSTITUTE(SUBSTITUTE(SUBSTITUTE(SUBSTITUTE(SUBSTITUTE(SUBSTITUTE(SUBSTITUTE(SUBSTITUTE(SUBSTITUTE(SUBSTITUTE(SUBSTITUTE(SUBSTITUTE(SUBSTITUTE(SUBSTITUTE(SUBSTITUTE(SUBSTITUTE(SUBSTITUTE(SUBSTITUTE(SUBSTITUTE(SUBSTITUTE(SUBSTITUTE(SUBSTITUTE(SUBSTITUTE(SUBSTITUTE('Input Sheet'!D229,$D$3,$E$3),$D$4,$E$4),$D$5,$E$5),$D$6,$E$6),$D$7,$E$7),$D$8,$E$8),$D$9,$E$9),$D$10,$E$10),$D$11,$E$11),$D$12,$E$12),$D$13,$E$13),$D$14,$E$14),$D$15,$E$15),$D$16,$E$16),$D$17,$E$17),$D$18,$E$18),$D$19,$E$19),$D$20,$E$20),$D$21,$E$21),$D$22,$E$22),$D$23,$E$23),$D$24,$E$24),$D$25,$E$25),$D$26,$E$26),$D$27,$E$27),$D$28,$E$28),$D$29,$E$29),$D$30,$E$30),$D$31,$E$31),$D$32,$E$32),$D$33,$E$33) | I227: =SUBSTITUTE(H227, "veryfine", "very fine") | J227: =SUBSTITUTE(SUBSTITUTE(SUBSTITUTE(SUBSTITUTE(SUBSTITUTE(SUBSTITUTE(SUBSTITUTE(SUBSTITUTE(SUBSTITUTE(SUBSTITUTE(SUBSTITUTE(SUBSTITUTE(SUBSTITUTE(SUBSTITUTE(SUBSTITUTE(SUBSTITUTE(SUBSTITUTE(SUBSTITUTE(SUBSTITUTE(SUBSTITUTE(SUBSTITUTE(SUBSTITUTE(SUBSTITUTE(SUBSTITUTE(SUBSTITUTE(SUBSTITUTE(SUBSTITUTE(SUBSTITUTE(SUBSTITUTE(SUBSTITUTE(SUBSTITUTE('Input Sheet'!G229,$D$3,$E$3),$D$4,$E$4),$D$5,$E$5),$D$6,$E$6),$D$7,$E$7),$D$8,$E$8),$D$9,$E$9),$D$10,$E$10),$D$11,$E$11),$D$12,$E$12),$D$13,$E$13),$D$14,$E$14),$D$15,$E$15),$D$16,$E$16),$D$17,$E$17),$D$18,$E$18),$D$19,$E$19),$D$20,$E$20),$D$21,$E$21),$D$22,$E$22),$D$23,$E$23),$D$24,$E$24),$D$25,$E$25),$D$26,$E$26),$D$27,$E$27),$D$28,$E$28),$D$29,$E$29),$D$30,$E$30),$D$31,$E$31),$D$32,$E$32),$D$33,$E$33) | K227: =IF('Input Sheet'!F228=0, "NO",CONCATENATE('Input Sheet'!F228, IF('Input Sheet'!F228>0,"% ",""))) -> NO | L227: =SUBSTITUTE(SUBSTITUTE(SUBSTITUTE(SUBSTITUTE(SUBSTITUTE(SUBSTITUTE(SUBSTITUTE(SUBSTITUTE(SUBSTITUTE(SUBSTITUTE(SUBSTITUTE(SUBSTITUTE(SUBSTITUTE(SUBSTITUTE(SUBSTITUTE(SUBSTITUTE(SUBSTITUTE(SUBSTITUTE(SUBSTITUTE(SUBSTITUTE(SUBSTITUTE(SUBSTITUTE(SUBSTITUTE(SUBSTITUTE(SUBSTITUTE(SUBSTITUTE(SUBSTITUTE(SUBSTITUTE(SUBSTITUTE(SUBSTITUTE(SUBSTITUTE('Input Sheet'!J229,$D$3,$E$3),$D$4,$E$4),$D$5,$E$5),$D$6,$E$6),$D$7,$E$7),$D$8,$E$8),$D$9,$E$9),$D$10,$E$10),$D$11,$E$11),$D$12,$E$12),$D$13,$E$13),$D$14,$E$14),$D$15,$E$15),$D$16,$E$16),$D$17,$E$17),$D$18,$E$18),$D$19,$E$19),$D$20,$E$20),$D$21,$E$21),$D$22,$E$22),$D$23,$E$23),$D$24,$E$24),$D$25,$E$25),$D$26,$E$26),$D$27,$E$27),$D$28,$E$28),$D$29,$E$29),$D$30,$E$30),$D$31,$E$31),$D$32,$E$32),$D$33,$E$33) | M227: =CONCATENATE(L227, IF('Input Sheet'!J229="",""," siderite in ")) | N227: =SUBSTITUTE(SUBSTITUTE(SUBSTITUTE(SUBSTITUTE(SUBSTITUTE(SUBSTITUTE(SUBSTITUTE(SUBSTITUTE(SUBSTITUTE(SUBSTITUTE(SUBSTITUTE(SUBSTITUTE(SUBSTITUTE(SUBSTITUTE(SUBSTITUTE(SUBSTITUTE(SUBSTITUTE(SUBSTITUTE(SUBSTITUTE(SUBSTITUTE(SUBSTITUTE(SUBSTITUTE(SUBSTITUTE(SUBSTITUTE(SUBSTITUTE(SUBSTITUTE(SUBSTITUTE(SUBSTITUTE(SUBSTITUTE(SUBSTITUTE(SUBSTITUTE('Input Sheet'!K229,$D$3,$E$3),$D$4,$E$4),$D$5,$E$5),$D$6,$E$6),$D$7,$E$7),$D$8,$E$8),$D$9,$E$9),$D$10,$E$10),$D$11,$E$11),$D$12,$E$12),$D$13,$E$13),$D$14,$E$14),$D$15,$E$15),$D$16,$E$16),$D$17,$E$17),$D$18,$E$18),$D$19,$E$19),$D$20,$E$20),$D$21,$E$21),$D$22,$E$22),$D$23,$E$23),$D$24,$E$24),$D$25,$E$25),$D$26,$E$26),$D$27,$E$27),$D$28,$E$28),$D$29,$E$29),$D$30,$E$30),$D$31,$E$31),$D$32,$E$32),$D$33,$E$33) | O227: =CONCATENATE(N227, IF('Input Sheet'!K229="",""," siderite in "))
A228: =IF('Input Sheet'!C230="","",CONCATENATE("Sample ", 'Input Sheet'!B230, "m: ", M228, G228, "% ", "Siltstone, ", O228, 'Input Sheet'!C230, "% ", I228, " Sandstone, ", K228, J228, " FLUOR in SST. ", "TG ", 'Input Sheet'!I230, "U")) | B228: =IF('Input Sheet'!C230="","",CONCATENATE("Sample ", 'Input Sheet'!B230, "m: ", N228, H228, "% ", "Siltstone, ", P228, 'Input Sheet'!C230, "% ", J228, " Sandstone ")) | C228: =IF('Input Sheet'!C230="","",CONCATENATE("Sample ", 'Input Sheet'!B230, "m: ", M228,, K228, J228, " FLUOR in SST. ", "TG ", 'Input Sheet'!I230, "U")) | G228: =IF('Input Sheet'!C230="","",100-'Input Sheet'!C230) | H228: =SUBSTITUTE(SUBSTITUTE(SUBSTITUTE(SUBSTITUTE(SUBSTITUTE(SUBSTITUTE(SUBSTITUTE(SUBSTITUTE(SUBSTITUTE(SUBSTITUTE(SUBSTITUTE(SUBSTITUTE(SUBSTITUTE(SUBSTITUTE(SUBSTITUTE(SUBSTITUTE(SUBSTITUTE(SUBSTITUTE(SUBSTITUTE(SUBSTITUTE(SUBSTITUTE(SUBSTITUTE(SUBSTITUTE(SUBSTITUTE(SUBSTITUTE(SUBSTITUTE(SUBSTITUTE(SUBSTITUTE(SUBSTITUTE(SUBSTITUTE(SUBSTITUTE('Input Sheet'!D230,$D$3,$E$3),$D$4,$E$4),$D$5,$E$5),$D$6,$E$6),$D$7,$E$7),$D$8,$E$8),$D$9,$E$9),$D$10,$E$10),$D$11,$E$11),$D$12,$E$12),$D$13,$E$13),$D$14,$E$14),$D$15,$E$15),$D$16,$E$16),$D$17,$E$17),$D$18,$E$18),$D$19,$E$19),$D$20,$E$20),$D$21,$E$21),$D$22,$E$22),$D$23,$E$23),$D$24,$E$24),$D$25,$E$25),$D$26,$E$26),$D$27,$E$27),$D$28,$E$28),$D$29,$E$29),$D$30,$E$30),$D$31,$E$31),$D$32,$E$32),$D$33,$E$33) | I228: =SUBSTITUTE(H228, "veryfine", "very fine") | J228: =SUBSTITUTE(SUBSTITUTE(SUBSTITUTE(SUBSTITUTE(SUBSTITUTE(SUBSTITUTE(SUBSTITUTE(SUBSTITUTE(SUBSTITUTE(SUBSTITUTE(SUBSTITUTE(SUBSTITUTE(SUBSTITUTE(SUBSTITUTE(SUBSTITUTE(SUBSTITUTE(SUBSTITUTE(SUBSTITUTE(SUBSTITUTE(SUBSTITUTE(SUBSTITUTE(SUBSTITUTE(SUBSTITUTE(SUBSTITUTE(SUBSTITUTE(SUBSTITUTE(SUBSTITUTE(SUBSTITUTE(SUBSTITUTE(SUBSTITUTE(SUBSTITUTE('Input Sheet'!G230,$D$3,$E$3),$D$4,$E$4),$D$5,$E$5),$D$6,$E$6),$D$7,$E$7),$D$8,$E$8),$D$9,$E$9),$D$10,$E$10),$D$11,$E$11),$D$12,$E$12),$D$13,$E$13),$D$14,$E$14),$D$15,$E$15),$D$16,$E$16),$D$17,$E$17),$D$18,$E$18),$D$19,$E$19),$D$20,$E$20),$D$21,$E$21),$D$22,$E$22),$D$23,$E$23),$D$24,$E$24),$D$25,$E$25),$D$26,$E$26),$D$27,$E$27),$D$28,$E$28),$D$29,$E$29),$D$30,$E$30),$D$31,$E$31),$D$32,$E$32),$D$33,$E$33) | K228: =IF('Input Sheet'!F229=0, "NO",CONCATENATE('Input Sheet'!F229, IF('Input Sheet'!F229>0,"% ",""))) -> NO | L228: =SUBSTITUTE(SUBSTITUTE(SUBSTITUTE(SUBSTITUTE(SUBSTITUTE(SUBSTITUTE(SUBSTITUTE(SUBSTITUTE(SUBSTITUTE(SUBSTITUTE(SUBSTITUTE(SUBSTITUTE(SUBSTITUTE(SUBSTITUTE(SUBSTITUTE(SUBSTITUTE(SUBSTITUTE(SUBSTITUTE(SUBSTITUTE(SUBSTITUTE(SUBSTITUTE(SUBSTITUTE(SUBSTITUTE(SUBSTITUTE(SUBSTITUTE(SUBSTITUTE(SUBSTITUTE(SUBSTITUTE(SUBSTITUTE(SUBSTITUTE(SUBSTITUTE('Input Sheet'!J230,$D$3,$E$3),$D$4,$E$4),$D$5,$E$5),$D$6,$E$6),$D$7,$E$7),$D$8,$E$8),$D$9,$E$9),$D$10,$E$10),$D$11,$E$11),$D$12,$E$12),$D$13,$E$13),$D$14,$E$14),$D$15,$E$15),$D$16,$E$16),$D$17,$E$17),$D$18,$E$18),$D$19,$E$19),$D$20,$E$20),$D$21,$E$21),$D$22,$E$22),$D$23,$E$23),$D$24,$E$24),$D$25,$E$25),$D$26,$E$26),$D$27,$E$27),$D$28,$E$28),$D$29,$E$29),$D$30,$E$30),$D$31,$E$31),$D$32,$E$32),$D$33,$E$33) | M228: =CONCATENATE(L228, IF('Input Sheet'!J230="",""," siderite in ")) | N228: =SUBSTITUTE(SUBSTITUTE(SUBSTITUTE(SUBSTITUTE(SUBSTITUTE(SUBSTITUTE(SUBSTITUTE(SUBSTITUTE(SUBSTITUTE(SUBSTITUTE(SUBSTITUTE(SUBSTITUTE(SUBSTITUTE(SUBSTITUTE(SUBSTITUTE(SUBSTITUTE(SUBSTITUTE(SUBSTITUTE(SUBSTITUTE(SUBSTITUTE(SUBSTITUTE(SUBSTITUTE(SUBSTITUTE(SUBSTITUTE(SUBSTITUTE(SUBSTITUTE(SUBSTITUTE(SUBSTITUTE(SUBSTITUTE(SUBSTITUTE(SUBSTITUTE('Input Sheet'!K230,$D$3,$E$3),$D$4,$E$4),$D$5,$E$5),$D$6,$E$6),$D$7,$E$7),$D$8,$E$8),$D$9,$E$9),$D$10,$E$10),$D$11,$E$11),$D$12,$E$12),$D$13,$E$13),$D$14,$E$14),$D$15,$E$15),$D$16,$E$16),$D$17,$E$17),$D$18,$E$18),$D$19,$E$19),$D$20,$E$20),$D$21,$E$21),$D$22,$E$22),$D$23,$E$23),$D$24,$E$24),$D$25,$E$25),$D$26,$E$26),$D$27,$E$27),$D$28,$E$28),$D$29,$E$29),$D$30,$E$30),$D$31,$E$31),$D$32,$E$32),$D$33,$E$33) | O228: =CONCATENATE(N228, IF('Input Sheet'!K230="",""," siderite in "))
A229: =IF('Input Sheet'!C231="","",CONCATENATE("Sample ", 'Input Sheet'!B231, "m: ", M229, G229, "% ", "Siltstone, ", O229, 'Input Sheet'!C231, "% ", I229, " Sandstone, ", K229, J229, " FLUOR in SST. ", "TG ", 'Input Sheet'!I231, "U")) | B229: =IF('Input Sheet'!C231="","",CONCATENATE("Sample ", 'Input Sheet'!B231, "m: ", N229, H229, "% ", "Siltstone, ", P229, 'Input Sheet'!C231, "% ", J229, " Sandstone ")) | C229: =IF('Input Sheet'!C231="","",CONCATENATE("Sample ", 'Input Sheet'!B231, "m: ", M229,, K229, J229, " FLUOR in SST. ", "TG ", 'Input Sheet'!I231, "U")) | G229: =IF('Input Sheet'!C231="","",100-'Input Sheet'!C231) | H229: =SUBSTITUTE(SUBSTITUTE(SUBSTITUTE(SUBSTITUTE(SUBSTITUTE(SUBSTITUTE(SUBSTITUTE(SUBSTITUTE(SUBSTITUTE(SUBSTITUTE(SUBSTITUTE(SUBSTITUTE(SUBSTITUTE(SUBSTITUTE(SUBSTITUTE(SUBSTITUTE(SUBSTITUTE(SUBSTITUTE(SUBSTITUTE(SUBSTITUTE(SUBSTITUTE(SUBSTITUTE(SUBSTITUTE(SUBSTITUTE(SUBSTITUTE(SUBSTITUTE(SUBSTITUTE(SUBSTITUTE(SUBSTITUTE(SUBSTITUTE(SUBSTITUTE('Input Sheet'!D231,$D$3,$E$3),$D$4,$E$4),$D$5,$E$5),$D$6,$E$6),$D$7,$E$7),$D$8,$E$8),$D$9,$E$9),$D$10,$E$10),$D$11,$E$11),$D$12,$E$12),$D$13,$E$13),$D$14,$E$14),$D$15,$E$15),$D$16,$E$16),$D$17,$E$17),$D$18,$E$18),$D$19,$E$19),$D$20,$E$20),$D$21,$E$21),$D$22,$E$22),$D$23,$E$23),$D$24,$E$24),$D$25,$E$25),$D$26,$E$26),$D$27,$E$27),$D$28,$E$28),$D$29,$E$29),$D$30,$E$30),$D$31,$E$31),$D$32,$E$32),$D$33,$E$33) | I229: =SUBSTITUTE(H229, "veryfine", "very fine") | J229: =SUBSTITUTE(SUBSTITUTE(SUBSTITUTE(SUBSTITUTE(SUBSTITUTE(SUBSTITUTE(SUBSTITUTE(SUBSTITUTE(SUBSTITUTE(SUBSTITUTE(SUBSTITUTE(SUBSTITUTE(SUBSTITUTE(SUBSTITUTE(SUBSTITUTE(SUBSTITUTE(SUBSTITUTE(SUBSTITUTE(SUBSTITUTE(SUBSTITUTE(SUBSTITUTE(SUBSTITUTE(SUBSTITUTE(SUBSTITUTE(SUBSTITUTE(SUBSTITUTE(SUBSTITUTE(SUBSTITUTE(SUBSTITUTE(SUBSTITUTE(SUBSTITUTE('Input Sheet'!G231,$D$3,$E$3),$D$4,$E$4),$D$5,$E$5),$D$6,$E$6),$D$7,$E$7),$D$8,$E$8),$D$9,$E$9),$D$10,$E$10),$D$11,$E$11),$D$12,$E$12),$D$13,$E$13),$D$14,$E$14),$D$15,$E$15),$D$16,$E$16),$D$17,$E$17),$D$18,$E$18),$D$19,$E$19),$D$20,$E$20),$D$21,$E$21),$D$22,$E$22),$D$23,$E$23),$D$24,$E$24),$D$25,$E$25),$D$26,$E$26),$D$27,$E$27),$D$28,$E$28),$D$29,$E$29),$D$30,$E$30),$D$31,$E$31),$D$32,$E$32),$D$33,$E$33) | K229: =IF('Input Sheet'!F230=0, "NO",CONCATENATE('Input Sheet'!F230, IF('Input Sheet'!F230>0,"% ",""))) -> NO | L229: =SUBSTITUTE(SUBSTITUTE(SUBSTITUTE(SUBSTITUTE(SUBSTITUTE(SUBSTITUTE(SUBSTITUTE(SUBSTITUTE(SUBSTITUTE(SUBSTITUTE(SUBSTITUTE(SUBSTITUTE(SUBSTITUTE(SUBSTITUTE(SUBSTITUTE(SUBSTITUTE(SUBSTITUTE(SUBSTITUTE(SUBSTITUTE(SUBSTITUTE(SUBSTITUTE(SUBSTITUTE(SUBSTITUTE(SUBSTITUTE(SUBSTITUTE(SUBSTITUTE(SUBSTITUTE(SUBSTITUTE(SUBSTITUTE(SUBSTITUTE(SUBSTITUTE('Input Sheet'!J231,$D$3,$E$3),$D$4,$E$4),$D$5,$E$5),$D$6,$E$6),$D$7,$E$7),$D$8,$E$8),$D$9,$E$9),$D$10,$E$10),$D$11,$E$11),$D$12,$E$12),$D$13,$E$13),$D$14,$E$14),$D$15,$E$15),$D$16,$E$16),$D$17,$E$17),$D$18,$E$18),$D$19,$E$19),$D$20,$E$20),$D$21,$E$21),$D$22,$E$22),$D$23,$E$23),$D$24,$E$24),$D$25,$E$25),$D$26,$E$26),$D$27,$E$27),$D$28,$E$28),$D$29,$E$29),$D$30,$E$30),$D$31,$E$31),$D$32,$E$32),$D$33,$E$33) | M229: =CONCATENATE(L229, IF('Input Sheet'!J231="",""," siderite in ")) | N229: =SUBSTITUTE(SUBSTITUTE(SUBSTITUTE(SUBSTITUTE(SUBSTITUTE(SUBSTITUTE(SUBSTITUTE(SUBSTITUTE(SUBSTITUTE(SUBSTITUTE(SUBSTITUTE(SUBSTITUTE(SUBSTITUTE(SUBSTITUTE(SUBSTITUTE(SUBSTITUTE(SUBSTITUTE(SUBSTITUTE(SUBSTITUTE(SUBSTITUTE(SUBSTITUTE(SUBSTITUTE(SUBSTITUTE(SUBSTITUTE(SUBSTITUTE(SUBSTITUTE(SUBSTITUTE(SUBSTITUTE(SUBSTITUTE(SUBSTITUTE(SUBSTITUTE('Input Sheet'!K231,$D$3,$E$3),$D$4,$E$4),$D$5,$E$5),$D$6,$E$6),$D$7,$E$7),$D$8,$E$8),$D$9,$E$9),$D$10,$E$10),$D$11,$E$11),$D$12,$E$12),$D$13,$E$13),$D$14,$E$14),$D$15,$E$15),$D$16,$E$16),$D$17,$E$17),$D$18,$E$18),$D$19,$E$19),$D$20,$E$20),$D$21,$E$21),$D$22,$E$22),$D$23,$E$23),$D$24,$E$24),$D$25,$E$25),$D$26,$E$26),$D$27,$E$27),$D$28,$E$28),$D$29,$E$29),$D$30,$E$30),$D$31,$E$31),$D$32,$E$32),$D$33,$E$33) | O229: =CONCATENATE(N229, IF('Input Sheet'!K231="",""," siderite in "))
A230: =IF('Input Sheet'!C232="","",CONCATENATE("Sample ", 'Input Sheet'!B232, "m: ", M230, G230, "% ", "Siltstone, ", O230, 'Input Sheet'!C232, "% ", I230, " Sandstone, ", K230, J230, " FLUOR in SST. ", "TG ", 'Input Sheet'!I232, "U")) | B230: =IF('Input Sheet'!C232="","",CONCATENATE("Sample ", 'Input Sheet'!B232, "m: ", N230, H230, "% ", "Siltstone, ", P230, 'Input Sheet'!C232, "% ", J230, " Sandstone ")) | C230: =IF('Input Sheet'!C232="","",CONCATENATE("Sample ", 'Input Sheet'!B232, "m: ", M230,, K230, J230, " FLUOR in SST. ", "TG ", 'Input Sheet'!I232, "U")) | G230: =IF('Input Sheet'!C232="","",100-'Input Sheet'!C232) | H230: =SUBSTITUTE(SUBSTITUTE(SUBSTITUTE(SUBSTITUTE(SUBSTITUTE(SUBSTITUTE(SUBSTITUTE(SUBSTITUTE(SUBSTITUTE(SUBSTITUTE(SUBSTITUTE(SUBSTITUTE(SUBSTITUTE(SUBSTITUTE(SUBSTITUTE(SUBSTITUTE(SUBSTITUTE(SUBSTITUTE(SUBSTITUTE(SUBSTITUTE(SUBSTITUTE(SUBSTITUTE(SUBSTITUTE(SUBSTITUTE(SUBSTITUTE(SUBSTITUTE(SUBSTITUTE(SUBSTITUTE(SUBSTITUTE(SUBSTITUTE(SUBSTITUTE('Input Sheet'!D232,$D$3,$E$3),$D$4,$E$4),$D$5,$E$5),$D$6,$E$6),$D$7,$E$7),$D$8,$E$8),$D$9,$E$9),$D$10,$E$10),$D$11,$E$11),$D$12,$E$12),$D$13,$E$13),$D$14,$E$14),$D$15,$E$15),$D$16,$E$16),$D$17,$E$17),$D$18,$E$18),$D$19,$E$19),$D$20,$E$20),$D$21,$E$21),$D$22,$E$22),$D$23,$E$23),$D$24,$E$24),$D$25,$E$25),$D$26,$E$26),$D$27,$E$27),$D$28,$E$28),$D$29,$E$29),$D$30,$E$30),$D$31,$E$31),$D$32,$E$32),$D$33,$E$33) | I230: =SUBSTITUTE(H230, "veryfine", "very fine") | J230: =SUBSTITUTE(SUBSTITUTE(SUBSTITUTE(SUBSTITUTE(SUBSTITUTE(SUBSTITUTE(SUBSTITUTE(SUBSTITUTE(SUBSTITUTE(SUBSTITUTE(SUBSTITUTE(SUBSTITUTE(SUBSTITUTE(SUBSTITUTE(SUBSTITUTE(SUBSTITUTE(SUBSTITUTE(SUBSTITUTE(SUBSTITUTE(SUBSTITUTE(SUBSTITUTE(SUBSTITUTE(SUBSTITUTE(SUBSTITUTE(SUBSTITUTE(SUBSTITUTE(SUBSTITUTE(SUBSTITUTE(SUBSTITUTE(SUBSTITUTE(SUBSTITUTE('Input Sheet'!G232,$D$3,$E$3),$D$4,$E$4),$D$5,$E$5),$D$6,$E$6),$D$7,$E$7),$D$8,$E$8),$D$9,$E$9),$D$10,$E$10),$D$11,$E$11),$D$12,$E$12),$D$13,$E$13),$D$14,$E$14),$D$15,$E$15),$D$16,$E$16),$D$17,$E$17),$D$18,$E$18),$D$19,$E$19),$D$20,$E$20),$D$21,$E$21),$D$22,$E$22),$D$23,$E$23),$D$24,$E$24),$D$25,$E$25),$D$26,$E$26),$D$27,$E$27),$D$28,$E$28),$D$29,$E$29),$D$30,$E$30),$D$31,$E$31),$D$32,$E$32),$D$33,$E$33) | K230: =IF('Input Sheet'!F231=0, "NO",CONCATENATE('Input Sheet'!F231, IF('Input Sheet'!F231>0,"% ",""))) -> NO | L230: =SUBSTITUTE(SUBSTITUTE(SUBSTITUTE(SUBSTITUTE(SUBSTITUTE(SUBSTITUTE(SUBSTITUTE(SUBSTITUTE(SUBSTITUTE(SUBSTITUTE(SUBSTITUTE(SUBSTITUTE(SUBSTITUTE(SUBSTITUTE(SUBSTITUTE(SUBSTITUTE(SUBSTITUTE(SUBSTITUTE(SUBSTITUTE(SUBSTITUTE(SUBSTITUTE(SUBSTITUTE(SUBSTITUTE(SUBSTITUTE(SUBSTITUTE(SUBSTITUTE(SUBSTITUTE(SUBSTITUTE(SUBSTITUTE(SUBSTITUTE(SUBSTITUTE('Input Sheet'!J232,$D$3,$E$3),$D$4,$E$4),$D$5,$E$5),$D$6,$E$6),$D$7,$E$7),$D$8,$E$8),$D$9,$E$9),$D$10,$E$10),$D$11,$E$11),$D$12,$E$12),$D$13,$E$13),$D$14,$E$14),$D$15,$E$15),$D$16,$E$16),$D$17,$E$17),$D$18,$E$18),$D$19,$E$19),$D$20,$E$20),$D$21,$E$21),$D$22,$E$22),$D$23,$E$23),$D$24,$E$24),$D$25,$E$25),$D$26,$E$26),$D$27,$E$27),$D$28,$E$28),$D$29,$E$29),$D$30,$E$30),$D$31,$E$31),$D$32,$E$32),$D$33,$E$33) | M230: =CONCATENATE(L230, IF('Input Sheet'!J232="",""," siderite in ")) | N230: =SUBSTITUTE(SUBSTITUTE(SUBSTITUTE(SUBSTITUTE(SUBSTITUTE(SUBSTITUTE(SUBSTITUTE(SUBSTITUTE(SUBSTITUTE(SUBSTITUTE(SUBSTITUTE(SUBSTITUTE(SUBSTITUTE(SUBSTITUTE(SUBSTITUTE(SUBSTITUTE(SUBSTITUTE(SUBSTITUTE(SUBSTITUTE(SUBSTITUTE(SUBSTITUTE(SUBSTITUTE(SUBSTITUTE(SUBSTITUTE(SUBSTITUTE(SUBSTITUTE(SUBSTITUTE(SUBSTITUTE(SUBSTITUTE(SUBSTITUTE(SUBSTITUTE('Input Sheet'!K232,$D$3,$E$3),$D$4,$E$4),$D$5,$E$5),$D$6,$E$6),$D$7,$E$7),$D$8,$E$8),$D$9,$E$9),$D$10,$E$10),$D$11,$E$11),$D$12,$E$12),$D$13,$E$13),$D$14,$E$14),$D$15,$E$15),$D$16,$E$16),$D$17,$E$17),$D$18,$E$18),$D$19,$E$19),$D$20,$E$20),$D$21,$E$21),$D$22,$E$22),$D$23,$E$23),$D$24,$E$24),$D$25,$E$25),$D$26,$E$26),$D$27,$E$27),$D$28,$E$28),$D$29,$E$29),$D$30,$E$30),$D$31,$E$31),$D$32,$E$32),$D$33,$E$33) | O230: =CONCATENATE(N230, IF('Input Sheet'!K232="",""," siderite in "))
A231: =IF('Input Sheet'!C233="","",CONCATENATE("Sample ", 'Input Sheet'!B233, "m: ", M231, G231, "% ", "Siltstone, ", O231, 'Input Sheet'!C233, "% ", I231, " Sandstone, ", K231, J231, " FLUOR in SST. ", "TG ", 'Input Sheet'!I233, "U")) | B231: =IF('Input Sheet'!C233="","",CONCATENATE("Sample ", 'Input Sheet'!B233, "m: ", N231, H231, "% ", "Siltstone, ", P231, 'Input Sheet'!C233, "% ", J231, " Sandstone ")) | C231: =IF('Input Sheet'!C233="","",CONCATENATE("Sample ", 'Input Sheet'!B233, "m: ", M231,, K231, J231, " FLUOR in SST. ", "TG ", 'Input Sheet'!I233, "U")) | G231: =IF('Input Sheet'!C233="","",100-'Input Sheet'!C233) | H231: =SUBSTITUTE(SUBSTITUTE(SUBSTITUTE(SUBSTITUTE(SUBSTITUTE(SUBSTITUTE(SUBSTITUTE(SUBSTITUTE(SUBSTITUTE(SUBSTITUTE(SUBSTITUTE(SUBSTITUTE(SUBSTITUTE(SUBSTITUTE(SUBSTITUTE(SUBSTITUTE(SUBSTITUTE(SUBSTITUTE(SUBSTITUTE(SUBSTITUTE(SUBSTITUTE(SUBSTITUTE(SUBSTITUTE(SUBSTITUTE(SUBSTITUTE(SUBSTITUTE(SUBSTITUTE(SUBSTITUTE(SUBSTITUTE(SUBSTITUTE(SUBSTITUTE('Input Sheet'!D233,$D$3,$E$3),$D$4,$E$4),$D$5,$E$5),$D$6,$E$6),$D$7,$E$7),$D$8,$E$8),$D$9,$E$9),$D$10,$E$10),$D$11,$E$11),$D$12,$E$12),$D$13,$E$13),$D$14,$E$14),$D$15,$E$15),$D$16,$E$16),$D$17,$E$17),$D$18,$E$18),$D$19,$E$19),$D$20,$E$20),$D$21,$E$21),$D$22,$E$22),$D$23,$E$23),$D$24,$E$24),$D$25,$E$25),$D$26,$E$26),$D$27,$E$27),$D$28,$E$28),$D$29,$E$29),$D$30,$E$30),$D$31,$E$31),$D$32,$E$32),$D$33,$E$33) | I231: =SUBSTITUTE(H231, "veryfine", "very fine") | J231: =SUBSTITUTE(SUBSTITUTE(SUBSTITUTE(SUBSTITUTE(SUBSTITUTE(SUBSTITUTE(SUBSTITUTE(SUBSTITUTE(SUBSTITUTE(SUBSTITUTE(SUBSTITUTE(SUBSTITUTE(SUBSTITUTE(SUBSTITUTE(SUBSTITUTE(SUBSTITUTE(SUBSTITUTE(SUBSTITUTE(SUBSTITUTE(SUBSTITUTE(SUBSTITUTE(SUBSTITUTE(SUBSTITUTE(SUBSTITUTE(SUBSTITUTE(SUBSTITUTE(SUBSTITUTE(SUBSTITUTE(SUBSTITUTE(SUBSTITUTE(SUBSTITUTE('Input Sheet'!G233,$D$3,$E$3),$D$4,$E$4),$D$5,$E$5),$D$6,$E$6),$D$7,$E$7),$D$8,$E$8),$D$9,$E$9),$D$10,$E$10),$D$11,$E$11),$D$12,$E$12),$D$13,$E$13),$D$14,$E$14),$D$15,$E$15),$D$16,$E$16),$D$17,$E$17),$D$18,$E$18),$D$19,$E$19),$D$20,$E$20),$D$21,$E$21),$D$22,$E$22),$D$23,$E$23),$D$24,$E$24),$D$25,$E$25),$D$26,$E$26),$D$27,$E$27),$D$28,$E$28),$D$29,$E$29),$D$30,$E$30),$D$31,$E$31),$D$32,$E$32),$D$33,$E$33) | K231: =IF('Input Sheet'!F232=0, "NO",CONCATENATE('Input Sheet'!F232, IF('Input Sheet'!F232>0,"% ",""))) -> NO | L231: =SUBSTITUTE(SUBSTITUTE(SUBSTITUTE(SUBSTITUTE(SUBSTITUTE(SUBSTITUTE(SUBSTITUTE(SUBSTITUTE(SUBSTITUTE(SUBSTITUTE(SUBSTITUTE(SUBSTITUTE(SUBSTITUTE(SUBSTITUTE(SUBSTITUTE(SUBSTITUTE(SUBSTITUTE(SUBSTITUTE(SUBSTITUTE(SUBSTITUTE(SUBSTITUTE(SUBSTITUTE(SUBSTITUTE(SUBSTITUTE(SUBSTITUTE(SUBSTITUTE(SUBSTITUTE(SUBSTITUTE(SUBSTITUTE(SUBSTITUTE(SUBSTITUTE('Input Sheet'!J233,$D$3,$E$3),$D$4,$E$4),$D$5,$E$5),$D$6,$E$6),$D$7,$E$7),$D$8,$E$8),$D$9,$E$9),$D$10,$E$10),$D$11,$E$11),$D$12,$E$12),$D$13,$E$13),$D$14,$E$14),$D$15,$E$15),$D$16,$E$16),$D$17,$E$17),$D$18,$E$18),$D$19,$E$19),$D$20,$E$20),$D$21,$E$21),$D$22,$E$22),$D$23,$E$23),$D$24,$E$24),$D$25,$E$25),$D$26,$E$26),$D$27,$E$27),$D$28,$E$28),$D$29,$E$29),$D$30,$E$30),$D$31,$E$31),$D$32,$E$32),$D$33,$E$33) | M231: =CONCATENATE(L231, IF('Input Sheet'!J233="",""," siderite in ")) | N231: =SUBSTITUTE(SUBSTITUTE(SUBSTITUTE(SUBSTITUTE(SUBSTITUTE(SUBSTITUTE(SUBSTITUTE(SUBSTITUTE(SUBSTITUTE(SUBSTITUTE(SUBSTITUTE(SUBSTITUTE(SUBSTITUTE(SUBSTITUTE(SUBSTITUTE(SUBSTITUTE(SUBSTITUTE(SUBSTITUTE(SUBSTITUTE(SUBSTITUTE(SUBSTITUTE(SUBSTITUTE(SUBSTITUTE(SUBSTITUTE(SUBSTITUTE(SUBSTITUTE(SUBSTITUTE(SUBSTITUTE(SUBSTITUTE(SUBSTITUTE(SUBSTITUTE('Input Sheet'!K233,$D$3,$E$3),$D$4,$E$4),$D$5,$E$5),$D$6,$E$6),$D$7,$E$7),$D$8,$E$8),$D$9,$E$9),$D$10,$E$10),$D$11,$E$11),$D$12,$E$12),$D$13,$E$13),$D$14,$E$14),$D$15,$E$15),$D$16,$E$16),$D$17,$E$17),$D$18,$E$18),$D$19,$E$19),$D$20,$E$20),$D$21,$E$21),$D$22,$E$22),$D$23,$E$23),$D$24,$E$24),$D$25,$E$25),$D$26,$E$26),$D$27,$E$27),$D$28,$E$28),$D$29,$E$29),$D$30,$E$30),$D$31,$E$31),$D$32,$E$32),$D$33,$E$33) | O231: =CONCATENATE(N231, IF('Input Sheet'!K233="",""," siderite in "))
A232: =IF('Input Sheet'!C234="","",CONCATENATE("Sample ", 'Input Sheet'!B234, "m: ", M232, G232, "% ", "Siltstone, ", O232, 'Input Sheet'!C234, "% ", I232, " Sandstone, ", K232, J232, " FLUOR in SST. ", "TG ", 'Input Sheet'!I234, "U")) | B232: =IF('Input Sheet'!C234="","",CONCATENATE("Sample ", 'Input Sheet'!B234, "m: ", N232, H232, "% ", "Siltstone, ", P232, 'Input Sheet'!C234, "% ", J232, " Sandstone ")) | C232: =IF('Input Sheet'!C234="","",CONCATENATE("Sample ", 'Input Sheet'!B234, "m: ", M232,, K232, J232, " FLUOR in SST. ", "TG ", 'Input Sheet'!I234, "U")) | G232: =IF('Input Sheet'!C234="","",100-'Input Sheet'!C234) | H232: =SUBSTITUTE(SUBSTITUTE(SUBSTITUTE(SUBSTITUTE(SUBSTITUTE(SUBSTITUTE(SUBSTITUTE(SUBSTITUTE(SUBSTITUTE(SUBSTITUTE(SUBSTITUTE(SUBSTITUTE(SUBSTITUTE(SUBSTITUTE(SUBSTITUTE(SUBSTITUTE(SUBSTITUTE(SUBSTITUTE(SUBSTITUTE(SUBSTITUTE(SUBSTITUTE(SUBSTITUTE(SUBSTITUTE(SUBSTITUTE(SUBSTITUTE(SUBSTITUTE(SUBSTITUTE(SUBSTITUTE(SUBSTITUTE(SUBSTITUTE(SUBSTITUTE('Input Sheet'!D234,$D$3,$E$3),$D$4,$E$4),$D$5,$E$5),$D$6,$E$6),$D$7,$E$7),$D$8,$E$8),$D$9,$E$9),$D$10,$E$10),$D$11,$E$11),$D$12,$E$12),$D$13,$E$13),$D$14,$E$14),$D$15,$E$15),$D$16,$E$16),$D$17,$E$17),$D$18,$E$18),$D$19,$E$19),$D$20,$E$20),$D$21,$E$21),$D$22,$E$22),$D$23,$E$23),$D$24,$E$24),$D$25,$E$25),$D$26,$E$26),$D$27,$E$27),$D$28,$E$28),$D$29,$E$29),$D$30,$E$30),$D$31,$E$31),$D$32,$E$32),$D$33,$E$33) | I232: =SUBSTITUTE(H232, "veryfine", "very fine") | J232: =SUBSTITUTE(SUBSTITUTE(SUBSTITUTE(SUBSTITUTE(SUBSTITUTE(SUBSTITUTE(SUBSTITUTE(SUBSTITUTE(SUBSTITUTE(SUBSTITUTE(SUBSTITUTE(SUBSTITUTE(SUBSTITUTE(SUBSTITUTE(SUBSTITUTE(SUBSTITUTE(SUBSTITUTE(SUBSTITUTE(SUBSTITUTE(SUBSTITUTE(SUBSTITUTE(SUBSTITUTE(SUBSTITUTE(SUBSTITUTE(SUBSTITUTE(SUBSTITUTE(SUBSTITUTE(SUBSTITUTE(SUBSTITUTE(SUBSTITUTE(SUBSTITUTE('Input Sheet'!G234,$D$3,$E$3),$D$4,$E$4),$D$5,$E$5),$D$6,$E$6),$D$7,$E$7),$D$8,$E$8),$D$9,$E$9),$D$10,$E$10),$D$11,$E$11),$D$12,$E$12),$D$13,$E$13),$D$14,$E$14),$D$15,$E$15),$D$16,$E$16),$D$17,$E$17),$D$18,$E$18),$D$19,$E$19),$D$20,$E$20),$D$21,$E$21),$D$22,$E$22),$D$23,$E$23),$D$24,$E$24),$D$25,$E$25),$D$26,$E$26),$D$27,$E$27),$D$28,$E$28),$D$29,$E$29),$D$30,$E$30),$D$31,$E$31),$D$32,$E$32),$D$33,$E$33) | K232: =IF('Input Sheet'!F233=0, "NO",CONCATENATE('Input Sheet'!F233, IF('Input Sheet'!F233>0,"% ",""))) -> NO | L232: =SUBSTITUTE(SUBSTITUTE(SUBSTITUTE(SUBSTITUTE(SUBSTITUTE(SUBSTITUTE(SUBSTITUTE(SUBSTITUTE(SUBSTITUTE(SUBSTITUTE(SUBSTITUTE(SUBSTITUTE(SUBSTITUTE(SUBSTITUTE(SUBSTITUTE(SUBSTITUTE(SUBSTITUTE(SUBSTITUTE(SUBSTITUTE(SUBSTITUTE(SUBSTITUTE(SUBSTITUTE(SUBSTITUTE(SUBSTITUTE(SUBSTITUTE(SUBSTITUTE(SUBSTITUTE(SUBSTITUTE(SUBSTITUTE(SUBSTITUTE(SUBSTITUTE('Input Sheet'!J234,$D$3,$E$3),$D$4,$E$4),$D$5,$E$5),$D$6,$E$6),$D$7,$E$7),$D$8,$E$8),$D$9,$E$9),$D$10,$E$10),$D$11,$E$11),$D$12,$E$12),$D$13,$E$13),$D$14,$E$14),$D$15,$E$15),$D$16,$E$16),$D$17,$E$17),$D$18,$E$18),$D$19,$E$19),$D$20,$E$20),$D$21,$E$21),$D$22,$E$22),$D$23,$E$23),$D$24,$E$24),$D$25,$E$25),$D$26,$E$26),$D$27,$E$27),$D$28,$E$28),$D$29,$E$29),$D$30,$E$30),$D$31,$E$31),$D$32,$E$32),$D$33,$E$33) | M232: =CONCATENATE(L232, IF('Input Sheet'!J234="",""," siderite in ")) | N232: =SUBSTITUTE(SUBSTITUTE(SUBSTITUTE(SUBSTITUTE(SUBSTITUTE(SUBSTITUTE(SUBSTITUTE(SUBSTITUTE(SUBSTITUTE(SUBSTITUTE(SUBSTITUTE(SUBSTITUTE(SUBSTITUTE(SUBSTITUTE(SUBSTITUTE(SUBSTITUTE(SUBSTITUTE(SUBSTITUTE(SUBSTITUTE(SUBSTITUTE(SUBSTITUTE(SUBSTITUTE(SUBSTITUTE(SUBSTITUTE(SUBSTITUTE(SUBSTITUTE(SUBSTITUTE(SUBSTITUTE(SUBSTITUTE(SUBSTITUTE(SUBSTITUTE('Input Sheet'!K234,$D$3,$E$3),$D$4,$E$4),$D$5,$E$5),$D$6,$E$6),$D$7,$E$7),$D$8,$E$8),$D$9,$E$9),$D$10,$E$10),$D$11,$E$11),$D$12,$E$12),$D$13,$E$13),$D$14,$E$14),$D$15,$E$15),$D$16,$E$16),$D$17,$E$17),$D$18,$E$18),$D$19,$E$19),$D$20,$E$20),$D$21,$E$21),$D$22,$E$22),$D$23,$E$23),$D$24,$E$24),$D$25,$E$25),$D$26,$E$26),$D$27,$E$27),$D$28,$E$28),$D$29,$E$29),$D$30,$E$30),$D$31,$E$31),$D$32,$E$32),$D$33,$E$33) | O232: =CONCATENATE(N232, IF('Input Sheet'!K234="",""," siderite in "))
A233: =IF('Input Sheet'!C235="","",CONCATENATE("Sample ", 'Input Sheet'!B235, "m: ", M233, G233, "% ", "Siltstone, ", O233, 'Input Sheet'!C235, "% ", I233, " Sandstone, ", K233, J233, " FLUOR in SST. ", "TG ", 'Input Sheet'!I235, "U")) | B233: =IF('Input Sheet'!C235="","",CONCATENATE("Sample ", 'Input Sheet'!B235, "m: ", N233, H233, "% ", "Siltstone, ", P233, 'Input Sheet'!C235, "% ", J233, " Sandstone ")) | C233: =IF('Input Sheet'!C235="","",CONCATENATE("Sample ", 'Input Sheet'!B235, "m: ", M233,, K233, J233, " FLUOR in SST. ", "TG ", 'Input Sheet'!I235, "U")) | G233: =IF('Input Sheet'!C235="","",100-'Input Sheet'!C235) | H233: =SUBSTITUTE(SUBSTITUTE(SUBSTITUTE(SUBSTITUTE(SUBSTITUTE(SUBSTITUTE(SUBSTITUTE(SUBSTITUTE(SUBSTITUTE(SUBSTITUTE(SUBSTITUTE(SUBSTITUTE(SUBSTITUTE(SUBSTITUTE(SUBSTITUTE(SUBSTITUTE(SUBSTITUTE(SUBSTITUTE(SUBSTITUTE(SUBSTITUTE(SUBSTITUTE(SUBSTITUTE(SUBSTITUTE(SUBSTITUTE(SUBSTITUTE(SUBSTITUTE(SUBSTITUTE(SUBSTITUTE(SUBSTITUTE(SUBSTITUTE(SUBSTITUTE('Input Sheet'!D235,$D$3,$E$3),$D$4,$E$4),$D$5,$E$5),$D$6,$E$6),$D$7,$E$7),$D$8,$E$8),$D$9,$E$9),$D$10,$E$10),$D$11,$E$11),$D$12,$E$12),$D$13,$E$13),$D$14,$E$14),$D$15,$E$15),$D$16,$E$16),$D$17,$E$17),$D$18,$E$18),$D$19,$E$19),$D$20,$E$20),$D$21,$E$21),$D$22,$E$22),$D$23,$E$23),$D$24,$E$24),$D$25,$E$25),$D$26,$E$26),$D$27,$E$27),$D$28,$E$28),$D$29,$E$29),$D$30,$E$30),$D$31,$E$31),$D$32,$E$32),$D$33,$E$33) | I233: =SUBSTITUTE(H233, "veryfine", "very fine") | J233: =SUBSTITUTE(SUBSTITUTE(SUBSTITUTE(SUBSTITUTE(SUBSTITUTE(SUBSTITUTE(SUBSTITUTE(SUBSTITUTE(SUBSTITUTE(SUBSTITUTE(SUBSTITUTE(SUBSTITUTE(SUBSTITUTE(SUBSTITUTE(SUBSTITUTE(SUBSTITUTE(SUBSTITUTE(SUBSTITUTE(SUBSTITUTE(SUBSTITUTE(SUBSTITUTE(SUBSTITUTE(SUBSTITUTE(SUBSTITUTE(SUBSTITUTE(SUBSTITUTE(SUBSTITUTE(SUBSTITUTE(SUBSTITUTE(SUBSTITUTE(SUBSTITUTE('Input Sheet'!G235,$D$3,$E$3),$D$4,$E$4),$D$5,$E$5),$D$6,$E$6),$D$7,$E$7),$D$8,$E$8),$D$9,$E$9),$D$10,$E$10),$D$11,$E$11),$D$12,$E$12),$D$13,$E$13),$D$14,$E$14),$D$15,$E$15),$D$16,$E$16),$D$17,$E$17),$D$18,$E$18),$D$19,$E$19),$D$20,$E$20),$D$21,$E$21),$D$22,$E$22),$D$23,$E$23),$D$24,$E$24),$D$25,$E$25),$D$26,$E$26),$D$27,$E$27),$D$28,$E$28),$D$29,$E$29),$D$30,$E$30),$D$31,$E$31),$D$32,$E$32),$D$33,$E$33) | K233: =IF('Input Sheet'!F234=0, "NO",CONCATENATE('Input Sheet'!F234, IF('Input Sheet'!F234>0,"% ",""))) -> NO | L233: =SUBSTITUTE(SUBSTITUTE(SUBSTITUTE(SUBSTITUTE(SUBSTITUTE(SUBSTITUTE(SUBSTITUTE(SUBSTITUTE(SUBSTITUTE(SUBSTITUTE(SUBSTITUTE(SUBSTITUTE(SUBSTITUTE(SUBSTITUTE(SUBSTITUTE(SUBSTITUTE(SUBSTITUTE(SUBSTITUTE(SUBSTITUTE(SUBSTITUTE(SUBSTITUTE(SUBSTITUTE(SUBSTITUTE(SUBSTITUTE(SUBSTITUTE(SUBSTITUTE(SUBSTITUTE(SUBSTITUTE(SUBSTITUTE(SUBSTITUTE(SUBSTITUTE('Input Sheet'!J235,$D$3,$E$3),$D$4,$E$4),$D$5,$E$5),$D$6,$E$6),$D$7,$E$7),$D$8,$E$8),$D$9,$E$9),$D$10,$E$10),$D$11,$E$11),$D$12,$E$12),$D$13,$E$13),$D$14,$E$14),$D$15,$E$15),$D$16,$E$16),$D$17,$E$17),$D$18,$E$18),$D$19,$E$19),$D$20,$E$20),$D$21,$E$21),$D$22,$E$22),$D$23,$E$23),$D$24,$E$24),$D$25,$E$25),$D$26,$E$26),$D$27,$E$27),$D$28,$E$28),$D$29,$E$29),$D$30,$E$30),$D$31,$E$31),$D$32,$E$32),$D$33,$E$33) | M233: =CONCATENATE(L233, IF('Input Sheet'!J235="",""," siderite in ")) | N233: =SUBSTITUTE(SUBSTITUTE(SUBSTITUTE(SUBSTITUTE(SUBSTITUTE(SUBSTITUTE(SUBSTITUTE(SUBSTITUTE(SUBSTITUTE(SUBSTITUTE(SUBSTITUTE(SUBSTITUTE(SUBSTITUTE(SUBSTITUTE(SUBSTITUTE(SUBSTITUTE(SUBSTITUTE(SUBSTITUTE(SUBSTITUTE(SUBSTITUTE(SUBSTITUTE(SUBSTITUTE(SUBSTITUTE(SUBSTITUTE(SUBSTITUTE(SUBSTITUTE(SUBSTITUTE(SUBSTITUTE(SUBSTITUTE(SUBSTITUTE(SUBSTITUTE('Input Sheet'!K235,$D$3,$E$3),$D$4,$E$4),$D$5,$E$5),$D$6,$E$6),$D$7,$E$7),$D$8,$E$8),$D$9,$E$9),$D$10,$E$10),$D$11,$E$11),$D$12,$E$12),$D$13,$E$13),$D$14,$E$14),$D$15,$E$15),$D$16,$E$16),$D$17,$E$17),$D$18,$E$18),$D$19,$E$19),$D$20,$E$20),$D$21,$E$21),$D$22,$E$22),$D$23,$E$23),$D$24,$E$24),$D$25,$E$25),$D$26,$E$26),$D$27,$E$27),$D$28,$E$28),$D$29,$E$29),$D$30,$E$30),$D$31,$E$31),$D$32,$E$32),$D$33,$E$33) | O233: =CONCATENATE(N233, IF('Input Sheet'!K235="",""," siderite in "))
A234: =IF('Input Sheet'!C236="","",CONCATENATE("Sample ", 'Input Sheet'!B236, "m: ", M234, G234, "% ", "Siltstone, ", O234, 'Input Sheet'!C236, "% ", I234, " Sandstone, ", K234, J234, " FLUOR in SST. ", "TG ", 'Input Sheet'!I236, "U")) | B234: =IF('Input Sheet'!C236="","",CONCATENATE("Sample ", 'Input Sheet'!B236, "m: ", N234, H234, "% ", "Siltstone, ", P234, 'Input Sheet'!C236, "% ", J234, " Sandstone ")) | C234: =IF('Input Sheet'!C236="","",CONCATENATE("Sample ", 'Input Sheet'!B236, "m: ", M234,, K234, J234, " FLUOR in SST. ", "TG ", 'Input Sheet'!I236, "U")) | G234: =IF('Input Sheet'!C236="","",100-'Input Sheet'!C236) | H234: =SUBSTITUTE(SUBSTITUTE(SUBSTITUTE(SUBSTITUTE(SUBSTITUTE(SUBSTITUTE(SUBSTITUTE(SUBSTITUTE(SUBSTITUTE(SUBSTITUTE(SUBSTITUTE(SUBSTITUTE(SUBSTITUTE(SUBSTITUTE(SUBSTITUTE(SUBSTITUTE(SUBSTITUTE(SUBSTITUTE(SUBSTITUTE(SUBSTITUTE(SUBSTITUTE(SUBSTITUTE(SUBSTITUTE(SUBSTITUTE(SUBSTITUTE(SUBSTITUTE(SUBSTITUTE(SUBSTITUTE(SUBSTITUTE(SUBSTITUTE(SUBSTITUTE('Input Sheet'!D236,$D$3,$E$3),$D$4,$E$4),$D$5,$E$5),$D$6,$E$6),$D$7,$E$7),$D$8,$E$8),$D$9,$E$9),$D$10,$E$10),$D$11,$E$11),$D$12,$E$12),$D$13,$E$13),$D$14,$E$14),$D$15,$E$15),$D$16,$E$16),$D$17,$E$17),$D$18,$E$18),$D$19,$E$19),$D$20,$E$20),$D$21,$E$21),$D$22,$E$22),$D$23,$E$23),$D$24,$E$24),$D$25,$E$25),$D$26,$E$26),$D$27,$E$27),$D$28,$E$28),$D$29,$E$29),$D$30,$E$30),$D$31,$E$31),$D$32,$E$32),$D$33,$E$33) | I234: =SUBSTITUTE(H234, "veryfine", "very fine") | J234: =SUBSTITUTE(SUBSTITUTE(SUBSTITUTE(SUBSTITUTE(SUBSTITUTE(SUBSTITUTE(SUBSTITUTE(SUBSTITUTE(SUBSTITUTE(SUBSTITUTE(SUBSTITUTE(SUBSTITUTE(SUBSTITUTE(SUBSTITUTE(SUBSTITUTE(SUBSTITUTE(SUBSTITUTE(SUBSTITUTE(SUBSTITUTE(SUBSTITUTE(SUBSTITUTE(SUBSTITUTE(SUBSTITUTE(SUBSTITUTE(SUBSTITUTE(SUBSTITUTE(SUBSTITUTE(SUBSTITUTE(SUBSTITUTE(SUBSTITUTE(SUBSTITUTE('Input Sheet'!G236,$D$3,$E$3),$D$4,$E$4),$D$5,$E$5),$D$6,$E$6),$D$7,$E$7),$D$8,$E$8),$D$9,$E$9),$D$10,$E$10),$D$11,$E$11),$D$12,$E$12),$D$13,$E$13),$D$14,$E$14),$D$15,$E$15),$D$16,$E$16),$D$17,$E$17),$D$18,$E$18),$D$19,$E$19),$D$20,$E$20),$D$21,$E$21),$D$22,$E$22),$D$23,$E$23),$D$24,$E$24),$D$25,$E$25),$D$26,$E$26),$D$27,$E$27),$D$28,$E$28),$D$29,$E$29),$D$30,$E$30),$D$31,$E$31),$D$32,$E$32),$D$33,$E$33) | K234: =IF('Input Sheet'!F235=0, "NO",CONCATENATE('Input Sheet'!F235, IF('Input Sheet'!F235>0,"% ",""))) -> NO | L234: =SUBSTITUTE(SUBSTITUTE(SUBSTITUTE(SUBSTITUTE(SUBSTITUTE(SUBSTITUTE(SUBSTITUTE(SUBSTITUTE(SUBSTITUTE(SUBSTITUTE(SUBSTITUTE(SUBSTITUTE(SUBSTITUTE(SUBSTITUTE(SUBSTITUTE(SUBSTITUTE(SUBSTITUTE(SUBSTITUTE(SUBSTITUTE(SUBSTITUTE(SUBSTITUTE(SUBSTITUTE(SUBSTITUTE(SUBSTITUTE(SUBSTITUTE(SUBSTITUTE(SUBSTITUTE(SUBSTITUTE(SUBSTITUTE(SUBSTITUTE(SUBSTITUTE('Input Sheet'!J236,$D$3,$E$3),$D$4,$E$4),$D$5,$E$5),$D$6,$E$6),$D$7,$E$7),$D$8,$E$8),$D$9,$E$9),$D$10,$E$10),$D$11,$E$11),$D$12,$E$12),$D$13,$E$13),$D$14,$E$14),$D$15,$E$15),$D$16,$E$16),$D$17,$E$17),$D$18,$E$18),$D$19,$E$19),$D$20,$E$20),$D$21,$E$21),$D$22,$E$22),$D$23,$E$23),$D$24,$E$24),$D$25,$E$25),$D$26,$E$26),$D$27,$E$27),$D$28,$E$28),$D$29,$E$29),$D$30,$E$30),$D$31,$E$31),$D$32,$E$32),$D$33,$E$33) | M234: =CONCATENATE(L234, IF('Input Sheet'!J236="",""," siderite in ")) | N234: =SUBSTITUTE(SUBSTITUTE(SUBSTITUTE(SUBSTITUTE(SUBSTITUTE(SUBSTITUTE(SUBSTITUTE(SUBSTITUTE(SUBSTITUTE(SUBSTITUTE(SUBSTITUTE(SUBSTITUTE(SUBSTITUTE(SUBSTITUTE(SUBSTITUTE(SUBSTITUTE(SUBSTITUTE(SUBSTITUTE(SUBSTITUTE(SUBSTITUTE(SUBSTITUTE(SUBSTITUTE(SUBSTITUTE(SUBSTITUTE(SUBSTITUTE(SUBSTITUTE(SUBSTITUTE(SUBSTITUTE(SUBSTITUTE(SUBSTITUTE(SUBSTITUTE('Input Sheet'!K236,$D$3,$E$3),$D$4,$E$4),$D$5,$E$5),$D$6,$E$6),$D$7,$E$7),$D$8,$E$8),$D$9,$E$9),$D$10,$E$10),$D$11,$E$11),$D$12,$E$12),$D$13,$E$13),$D$14,$E$14),$D$15,$E$15),$D$16,$E$16),$D$17,$E$17),$D$18,$E$18),$D$19,$E$19),$D$20,$E$20),$D$21,$E$21),$D$22,$E$22),$D$23,$E$23),$D$24,$E$24),$D$25,$E$25),$D$26,$E$26),$D$27,$E$27),$D$28,$E$28),$D$29,$E$29),$D$30,$E$30),$D$31,$E$31),$D$32,$E$32),$D$33,$E$33) | O234: =CONCATENATE(N234, IF('Input Sheet'!K236="",""," siderite in "))
